Date,Symbol,Open,High,Low,Close,Volume,Turnover
2016-11-01 09:16:00,NMDC,132.5,133.6,132.35,133.35,112807,0
2016-11-01 09:17:00,NMDC,133.45,133.6,133.2,133.45,52745,0
2016-11-01 09:18:00,NMDC,133.4,133.5,133.1,133.15,133984,0
2016-11-01 09:19:00,NMDC,133.25,133.35,133.2,133.2,47125,0
2016-11-01 09:20:00,NMDC,133.15,133.25,132.95,133.0,22633,0
2016-11-01 09:21:00,NMDC,133.1,133.3,132.8,132.9,60252,0
2016-11-01 09:22:00,NMDC,132.8,132.8,132.55,132.7,24870,0
2016-11-01 09:23:00,NMDC,132.7,133.0,132.7,132.9,14975,0
2016-11-01 09:24:00,NMDC,132.9,133.05,132.85,132.85,21708,0
2016-11-01 09:25:00,NMDC,132.85,132.9,132.75,132.8,18567,0
2016-11-01 09:26:00,NMDC,132.8,132.85,132.7,132.7,33772,0
2016-11-01 09:27:00,NMDC,132.7,132.85,132.7,132.75,19099,0
2016-11-01 09:28:00,NMDC,132.85,132.85,132.7,132.8,21297,0
2016-11-01 09:29:00,NMDC,132.8,132.85,132.65,132.7,12391,0
2016-11-01 09:30:00,NMDC,132.65,132.85,132.65,132.85,3181,0
2016-11-01 09:31:00,NMDC,132.75,132.85,132.75,132.85,14909,0
2016-11-01 09:32:00,NMDC,132.8,132.85,132.8,132.8,24349,0
2016-11-01 09:33:00,NMDC,132.8,132.95,132.8,132.95,127043,0
2016-11-01 09:34:00,NMDC,132.85,133.35,132.8,133.35,27029,0
2016-11-01 09:35:00,NMDC,133.4,134.4,133.4,134.3,84976,0
2016-11-01 09:36:00,NMDC,134.2,134.5,134.2,134.4,49532,0
2016-11-01 09:37:00,NMDC,134.45,134.9,134.45,134.9,53674,0
2016-11-01 09:38:00,NMDC,134.8,134.9,134.35,134.6,40786,0
2016-11-01 09:39:00,NMDC,134.6,134.65,134.4,134.5,15761,0
2016-11-01 09:40:00,NMDC,134.5,134.5,134.1,134.15,14259,0
2016-11-01 09:41:00,NMDC,134.1,134.35,134.1,134.2,35334,0
2016-11-01 09:42:00,NMDC,134.2,134.25,134.1,134.1,23991,0
2016-11-01 09:43:00,NMDC,134.15,134.25,134.05,134.1,18541,0
2016-11-01 09:44:00,NMDC,134.15,134.2,134.0,134.0,18342,0
2016-11-01 09:45:00,NMDC,134.0,134.1,134.0,134.1,7087,0
2016-11-01 09:46:00,NMDC,134.05,134.2,134.05,134.2,2369,0
2016-11-01 09:47:00,NMDC,134.1,134.15,134.05,134.15,14291,0
2016-11-01 09:48:00,NMDC,134.15,134.15,134.05,134.1,11265,0
2016-11-01 09:49:00,NMDC,134.15,134.35,134.15,134.25,12591,0
2016-11-01 09:50:00,NMDC,134.25,134.45,134.15,134.3,8226,0
2016-11-01 09:51:00,NMDC,134.45,134.45,134.25,134.3,6952,0
2016-11-01 09:52:00,NMDC,134.3,134.4,134.2,134.25,2273,0
2016-11-01 09:53:00,NMDC,134.2,134.9,134.2,134.9,53505,0
2016-11-01 09:54:00,NMDC,134.85,135.0,134.8,134.95,79728,0
2016-11-01 09:55:00,NMDC,134.9,135.2,134.8,135.0,82417,0
2016-11-01 09:56:00,NMDC,134.9,135.1,134.9,134.95,34070,0
2016-11-01 09:57:00,NMDC,134.95,135.0,134.85,134.9,11468,0
2016-11-01 09:58:00,NMDC,134.85,135.2,134.85,135.2,72713,0
2016-11-01 09:59:00,NMDC,135.2,135.6,135.2,135.4,106402,0
2016-11-01 10:00:00,NMDC,135.4,135.5,135.35,135.4,29754,0
2016-11-01 10:01:00,NMDC,135.45,135.9,135.3,135.8,111250,0
2016-11-01 10:02:00,NMDC,135.75,135.9,135.7,135.8,95940,0
2016-11-01 10:03:00,NMDC,135.85,137.0,135.85,136.7,356849,0
2016-11-01 10:04:00,NMDC,136.75,136.75,136.45,136.55,87410,0
2016-11-01 10:05:00,NMDC,136.55,136.65,136.35,136.5,64863,0
2016-11-01 10:06:00,NMDC,136.6,137.25,136.5,137.0,105926,0
2016-11-01 10:07:00,NMDC,137.05,137.1,137.0,137.1,67203,0
2016-11-01 10:08:00,NMDC,137.05,137.5,137.05,137.45,54411,0
2016-11-01 10:09:00,NMDC,137.45,137.7,137.35,137.45,83065,0
2016-11-01 10:10:00,NMDC,137.55,137.95,137.35,137.9,87357,0
2016-11-01 10:11:00,NMDC,137.85,137.95,137.7,137.8,72168,0
2016-11-01 10:12:00,NMDC,137.8,137.8,137.7,137.75,59135,0
2016-11-01 10:13:00,NMDC,137.75,137.9,137.5,137.55,38218,0
2016-11-01 10:14:00,NMDC,137.5,137.55,137.15,137.25,46736,0
2016-11-01 10:15:00,NMDC,137.2,137.4,136.95,137.3,57719,0
2016-11-01 10:16:00,NMDC,137.3,137.5,137.2,137.5,32873,0
2016-11-01 10:17:00,NMDC,137.5,137.6,137.25,137.55,34136,0
2016-11-01 10:18:00,NMDC,137.5,137.6,137.35,137.6,7033,0
2016-11-01 10:19:00,NMDC,137.5,137.95,137.5,137.95,68749,0
2016-11-01 10:20:00,NMDC,137.8,138.35,137.8,138.25,108211,0
2016-11-01 10:21:00,NMDC,138.2,138.2,137.9,138.0,47197,0
2016-11-01 10:22:00,NMDC,138.0,138.5,138.0,138.5,65117,0
2016-11-01 10:23:00,NMDC,138.5,138.9,138.4,138.8,72176,0
2016-11-01 10:24:00,NMDC,138.85,139.0,138.75,138.95,56061,0
2016-11-01 10:25:00,NMDC,138.85,139.0,138.6,138.8,37783,0
2016-11-01 10:26:00,NMDC,138.65,138.75,138.3,138.45,38339,0
2016-11-01 10:27:00,NMDC,138.5,138.5,138.2,138.45,43515,0
2016-11-01 10:28:00,NMDC,138.45,138.6,138.35,138.5,24723,0
2016-11-01 10:29:00,NMDC,138.4,138.55,138.4,138.55,19231,0
2016-11-01 10:30:00,NMDC,138.5,138.5,138.2,138.25,32482,0
2016-11-01 10:31:00,NMDC,138.2,138.25,137.95,138.0,38635,0
2016-11-01 10:32:00,NMDC,138.0,138.0,137.75,137.95,30236,0
2016-11-01 10:33:00,NMDC,137.85,137.95,137.8,137.85,10892,0
2016-11-01 10:34:00,NMDC,137.8,137.8,137.55,137.6,43617,0
2016-11-01 10:35:00,NMDC,137.6,137.8,137.4,137.7,33461,0
2016-11-01 10:36:00,NMDC,137.7,138.1,137.65,138.0,22197,0
2016-11-01 10:37:00,NMDC,138.0,138.35,138.0,138.25,39621,0
2016-11-01 10:38:00,NMDC,138.3,138.55,138.05,138.05,53803,0
2016-11-01 10:39:00,NMDC,138.1,138.2,137.65,137.7,43775,0
2016-11-01 10:40:00,NMDC,137.65,137.85,137.55,137.8,44400,0
2016-11-01 10:41:00,NMDC,137.65,137.8,137.35,137.5,56167,0
2016-11-01 10:42:00,NMDC,137.5,137.65,137.35,137.45,47773,0
2016-11-01 10:43:00,NMDC,137.45,137.55,137.4,137.5,13986,0
2016-11-01 10:44:00,NMDC,137.5,137.5,137.45,137.45,4277,0
2016-11-01 10:45:00,NMDC,137.45,137.5,137.25,137.35,33796,0
2016-11-01 10:46:00,NMDC,137.25,137.4,137.2,137.2,19018,0
2016-11-01 10:47:00,NMDC,137.2,137.3,137.15,137.3,15128,0
2016-11-01 10:48:00,NMDC,137.2,137.45,137.2,137.4,8867,0
2016-11-01 10:49:00,NMDC,137.3,137.35,137.2,137.25,9234,0
2016-11-01 10:50:00,NMDC,137.2,137.35,137.2,137.3,13053,0
2016-11-01 10:51:00,NMDC,137.2,137.3,137.1,137.1,6712,0
2016-11-01 10:52:00,NMDC,137.15,137.2,137.1,137.2,12609,0
2016-11-01 10:53:00,NMDC,137.2,137.2,137.1,137.2,3358,0
2016-11-01 10:54:00,NMDC,137.2,137.25,137.05,137.2,4440,0
2016-11-01 10:55:00,NMDC,137.1,137.15,137.0,137.0,41267,0
2016-11-01 10:56:00,NMDC,137.0,137.0,136.8,136.85,13113,0
2016-11-01 10:57:00,NMDC,136.85,136.85,136.5,136.7,46443,0
2016-11-01 10:58:00,NMDC,136.7,136.8,136.5,136.8,26309,0
2016-11-01 10:59:00,NMDC,136.8,137.1,136.8,137.05,24360,0
2016-11-01 11:00:00,NMDC,136.95,137.1,136.95,137.1,7423,0
2016-11-01 11:01:00,NMDC,137.0,137.15,137.0,137.15,9247,0
2016-11-01 11:02:00,NMDC,137.1,137.2,137.0,137.1,14829,0
2016-11-01 11:03:00,NMDC,137.1,137.2,137.0,137.2,15753,0
2016-11-01 11:04:00,NMDC,137.2,137.35,137.15,137.35,11043,0
2016-11-01 11:05:00,NMDC,137.35,137.4,137.25,137.4,8851,0
2016-11-01 11:06:00,NMDC,137.4,137.45,137.3,137.4,13067,0
2016-11-01 11:07:00,NMDC,137.4,137.5,137.35,137.5,5198,0
2016-11-01 11:08:00,NMDC,137.4,137.65,137.4,137.55,16335,0
2016-11-01 11:09:00,NMDC,137.5,137.55,137.4,137.55,25598,0
2016-11-01 11:10:00,NMDC,137.45,137.55,137.45,137.5,2779,0
2016-11-01 11:11:00,NMDC,137.5,137.5,137.25,137.3,13692,0
2016-11-01 11:12:00,NMDC,137.35,137.35,137.25,137.25,3083,0
2016-11-01 11:13:00,NMDC,137.25,137.25,137.05,137.15,24522,0
2016-11-01 11:14:00,NMDC,137.15,137.3,137.0,137.2,37830,0
2016-11-01 11:15:00,NMDC,137.1,137.1,137.0,137.1,12790,0
2016-11-01 11:16:00,NMDC,137.1,137.2,137.0,137.2,12569,0
2016-11-01 11:17:00,NMDC,137.2,137.35,137.15,137.35,19741,0
2016-11-01 11:18:00,NMDC,137.35,137.55,137.15,137.35,90701,0
2016-11-01 11:19:00,NMDC,137.35,137.45,137.15,137.3,5822,0
2016-11-01 11:20:00,NMDC,137.35,137.4,137.2,137.4,11956,0
2016-11-01 11:21:00,NMDC,137.4,137.4,137.3,137.35,8614,0
2016-11-01 11:22:00,NMDC,137.3,137.5,137.3,137.35,32134,0
2016-11-01 11:23:00,NMDC,137.35,137.5,137.35,137.5,16074,0
2016-11-01 11:24:00,NMDC,137.45,137.5,137.4,137.5,12709,0
2016-11-01 11:25:00,NMDC,137.5,137.6,137.35,137.45,32072,0
2016-11-01 11:26:00,NMDC,137.45,137.6,137.3,137.4,10280,0
2016-11-01 11:27:00,NMDC,137.4,137.55,137.4,137.45,5672,0
2016-11-01 11:28:00,NMDC,137.5,137.5,137.3,137.5,6076,0
2016-11-01 11:29:00,NMDC,137.45,137.5,137.4,137.45,7232,0
2016-11-01 11:30:00,NMDC,137.45,137.5,137.35,137.5,6941,0
2016-11-01 11:31:00,NMDC,137.4,137.5,137.35,137.4,5167,0
2016-11-01 11:32:00,NMDC,137.4,137.4,137.0,137.05,22252,0
2016-11-01 11:33:00,NMDC,137.05,137.35,137.05,137.35,8845,0
2016-11-01 11:34:00,NMDC,137.35,137.35,137.15,137.25,16345,0
2016-11-01 11:35:00,NMDC,137.3,137.3,137.15,137.25,5366,0
2016-11-01 11:36:00,NMDC,137.25,137.55,137.2,137.55,86389,0
2016-11-01 11:37:00,NMDC,137.5,137.55,137.4,137.5,18345,0
2016-11-01 11:38:00,NMDC,137.45,137.55,137.45,137.55,13531,0
2016-11-01 11:39:00,NMDC,137.55,137.55,137.4,137.55,8285,0
2016-11-01 11:40:00,NMDC,137.35,137.4,137.15,137.4,19112,0
2016-11-01 11:41:00,NMDC,137.4,137.55,137.4,137.55,5786,0
2016-11-01 11:42:00,NMDC,137.45,137.55,137.4,137.55,7955,0
2016-11-01 11:43:00,NMDC,137.55,137.75,137.55,137.65,19556,0
2016-11-01 11:44:00,NMDC,137.65,137.7,137.6,137.7,12811,0
2016-11-01 11:45:00,NMDC,137.75,137.75,137.7,137.7,8727,0
2016-11-01 11:46:00,NMDC,137.75,138.4,137.75,138.4,43101,0
2016-11-01 11:47:00,NMDC,138.3,138.45,138.3,138.3,24243,0
2016-11-01 11:48:00,NMDC,138.3,138.4,138.25,138.3,9301,0
2016-11-01 11:49:00,NMDC,138.25,138.3,138.2,138.2,16441,0
2016-11-01 11:50:00,NMDC,138.2,138.25,138.05,138.25,9992,0
2016-11-01 11:51:00,NMDC,138.15,138.25,138.1,138.2,8706,0
2016-11-01 11:52:00,NMDC,138.2,138.3,138.1,138.25,11521,0
2016-11-01 11:53:00,NMDC,138.25,138.4,138.25,138.4,11542,0
2016-11-01 11:54:00,NMDC,138.4,138.55,138.2,138.5,52364,0
2016-11-01 11:55:00,NMDC,138.6,138.6,138.45,138.6,26675,0
2016-11-01 11:56:00,NMDC,138.6,138.75,138.5,138.75,38070,0
2016-11-01 11:57:00,NMDC,138.8,138.9,138.7,138.7,26133,0
2016-11-01 11:58:00,NMDC,138.65,138.65,138.4,138.4,15775,0
2016-11-01 11:59:00,NMDC,138.4,138.55,138.3,138.55,31898,0
2016-11-01 12:00:00,NMDC,138.45,138.55,138.4,138.5,12940,0
2016-11-01 12:01:00,NMDC,138.5,138.55,138.4,138.4,10777,0
2016-11-01 12:02:00,NMDC,138.35,138.5,138.35,138.4,10806,0
2016-11-01 12:03:00,NMDC,138.35,138.5,138.15,138.2,38885,0
2016-11-01 12:04:00,NMDC,138.15,138.3,138.05,138.2,18310,0
2016-11-01 12:05:00,NMDC,138.15,138.2,137.85,137.9,17747,0
2016-11-01 12:06:00,NMDC,137.85,138.1,137.85,138.1,16428,0
2016-11-01 12:07:00,NMDC,137.95,138.1,137.95,138.05,11152,0
2016-11-01 12:08:00,NMDC,138.0,138.15,138.0,138.1,6946,0
2016-11-01 12:09:00,NMDC,138.1,138.15,138.0,138.1,9130,0
2016-11-01 12:10:00,NMDC,138.0,138.1,138.0,138.1,3891,0
2016-11-01 12:11:00,NMDC,138.05,138.1,138.0,138.1,3054,0
2016-11-01 12:12:00,NMDC,138.15,138.15,138.0,138.05,5019,0
2016-11-01 12:13:00,NMDC,138.0,138.15,138.0,138.15,4800,0
2016-11-01 12:14:00,NMDC,138.05,138.15,137.65,137.9,30094,0
2016-11-01 12:15:00,NMDC,137.9,138.0,137.75,137.95,9110,0
2016-11-01 12:16:00,NMDC,137.95,137.95,137.85,137.95,4395,0
2016-11-01 12:17:00,NMDC,137.95,137.95,137.75,137.9,14280,0
2016-11-01 12:18:00,NMDC,137.9,137.95,137.8,137.95,10166,0
2016-11-01 12:19:00,NMDC,137.95,138.05,137.85,137.95,11229,0
2016-11-01 12:20:00,NMDC,137.8,138.0,137.8,138.0,8941,0
2016-11-01 12:21:00,NMDC,138.0,138.15,138.0,138.15,2840,0
2016-11-01 12:22:00,NMDC,138.15,138.15,138.05,138.15,1487,0
2016-11-01 12:23:00,NMDC,138.1,138.15,138.05,138.1,6014,0
2016-11-01 12:24:00,NMDC,138.1,138.15,137.95,138.0,12914,0
2016-11-01 12:25:00,NMDC,138.0,138.0,137.9,137.95,4412,0
2016-11-01 12:26:00,NMDC,137.75,137.9,137.75,137.75,25514,0
2016-11-01 12:27:00,NMDC,137.7,137.75,137.25,137.55,26104,0
2016-11-01 12:28:00,NMDC,137.55,137.6,137.5,137.55,9909,0
2016-11-01 12:29:00,NMDC,137.55,137.7,137.4,137.7,13881,0
2016-11-01 12:30:00,NMDC,137.7,137.9,137.65,137.85,17163,0
2016-11-01 12:31:00,NMDC,137.8,137.85,137.75,137.85,5933,0
2016-11-01 12:32:00,NMDC,137.85,137.9,137.75,137.9,6734,0
2016-11-01 12:33:00,NMDC,137.9,137.9,137.7,137.85,6288,0
2016-11-01 12:34:00,NMDC,137.85,137.85,137.65,137.75,6663,0
2016-11-01 12:35:00,NMDC,137.7,137.85,137.7,137.85,17092,0
2016-11-01 12:36:00,NMDC,137.85,137.85,137.75,137.8,4587,0
2016-11-01 12:37:00,NMDC,137.8,137.85,137.75,137.85,4895,0
2016-11-01 12:38:00,NMDC,137.85,138.0,137.85,138.0,4532,0
2016-11-01 12:39:00,NMDC,137.95,138.0,137.9,137.9,3223,0
2016-11-01 12:40:00,NMDC,138.0,138.05,137.9,138.05,7450,0
2016-11-01 12:41:00,NMDC,138.05,138.2,138.05,138.15,16846,0
2016-11-01 12:42:00,NMDC,138.15,138.2,137.95,138.05,14076,0
2016-11-01 12:43:00,NMDC,138.05,138.1,137.95,138.05,7534,0
2016-11-01 12:44:00,NMDC,138.05,138.15,138.0,138.15,4890,0
2016-11-01 12:45:00,NMDC,138.1,138.3,138.1,138.3,8658,0
2016-11-01 12:46:00,NMDC,138.3,138.4,138.2,138.35,11375,0
2016-11-01 12:47:00,NMDC,138.3,138.4,138.25,138.35,11265,0
2016-11-01 12:48:00,NMDC,138.35,138.4,138.2,138.2,7272,0
2016-11-01 12:49:00,NMDC,138.2,138.25,138.1,138.2,11115,0
2016-11-01 12:50:00,NMDC,138.2,138.25,138.05,138.2,3497,0
2016-11-01 12:51:00,NMDC,138.1,138.2,138.05,138.05,8205,0
2016-11-01 12:52:00,NMDC,138.2,138.2,137.9,137.9,9001,0
2016-11-01 12:53:00,NMDC,137.9,137.95,137.85,137.9,4724,0
2016-11-01 12:54:00,NMDC,137.9,137.9,137.7,137.75,19756,0
2016-11-01 12:55:00,NMDC,137.7,137.85,137.65,137.75,9793,0
2016-11-01 12:56:00,NMDC,137.75,137.8,137.55,137.6,17666,0
2016-11-01 12:57:00,NMDC,137.55,137.7,137.55,137.7,3146,0
2016-11-01 12:58:00,NMDC,137.7,137.85,137.7,137.7,8271,0
2016-11-01 12:59:00,NMDC,137.7,137.7,137.5,137.65,7087,0
2016-11-01 13:00:00,NMDC,137.65,137.7,137.55,137.65,1105,0
2016-11-01 13:01:00,NMDC,137.6,137.65,137.55,137.6,3903,0
2016-11-01 13:02:00,NMDC,137.55,137.75,137.5,137.75,6141,0
2016-11-01 13:03:00,NMDC,137.65,137.8,137.65,137.75,1790,0
2016-11-01 13:04:00,NMDC,137.7,137.85,137.7,137.85,10825,0
2016-11-01 13:05:00,NMDC,137.9,137.95,137.75,137.85,10069,0
2016-11-01 13:06:00,NMDC,137.85,137.9,137.85,137.9,4353,0
2016-11-01 13:07:00,NMDC,137.8,137.95,137.75,137.95,3925,0
2016-11-01 13:08:00,NMDC,137.95,138.0,137.85,137.95,7414,0
2016-11-01 13:09:00,NMDC,137.9,138.0,137.9,138.0,3134,0
2016-11-01 13:10:00,NMDC,138.0,138.1,137.95,138.1,4111,0
2016-11-01 13:11:00,NMDC,138.1,138.3,138.05,138.25,14064,0
2016-11-01 13:12:00,NMDC,138.2,138.25,138.0,138.1,3413,0
2016-11-01 13:13:00,NMDC,138.1,138.1,137.75,138.0,10330,0
2016-11-01 13:14:00,NMDC,138.0,138.0,137.9,138.0,3250,0
2016-11-01 13:15:00,NMDC,138.0,138.0,137.95,138.0,1553,0
2016-11-01 13:16:00,NMDC,138.0,138.25,138.0,138.15,27153,0
2016-11-01 13:17:00,NMDC,138.15,138.2,138.1,138.15,4768,0
2016-11-01 13:18:00,NMDC,138.15,138.15,138.0,138.1,1853,0
2016-11-01 13:19:00,NMDC,138.0,138.3,138.0,138.3,8829,0
2016-11-01 13:20:00,NMDC,138.3,138.4,138.15,138.35,9071,0
2016-11-01 13:21:00,NMDC,138.35,138.6,138.35,138.5,31083,0
2016-11-01 13:22:00,NMDC,138.5,138.6,138.4,138.5,18746,0
2016-11-01 13:23:00,NMDC,138.4,138.55,138.4,138.55,4907,0
2016-11-01 13:24:00,NMDC,138.55,138.6,138.45,138.6,17626,0
2016-11-01 13:25:00,NMDC,138.6,138.75,138.5,138.75,16133,0
2016-11-01 13:26:00,NMDC,138.75,138.8,138.6,138.7,8676,0
2016-11-01 13:27:00,NMDC,138.7,138.7,138.5,138.5,10759,0
2016-11-01 13:28:00,NMDC,138.55,138.7,138.55,138.65,6240,0
2016-11-01 13:29:00,NMDC,138.6,138.65,138.6,138.65,14996,0
2016-11-01 13:30:00,NMDC,138.7,138.7,138.6,138.65,6393,0
2016-11-01 13:31:00,NMDC,138.6,138.65,138.55,138.6,11944,0
2016-11-01 13:32:00,NMDC,138.55,138.6,138.45,138.45,15182,0
2016-11-01 13:33:00,NMDC,138.5,138.5,138.3,138.4,6735,0
2016-11-01 13:34:00,NMDC,138.4,138.6,138.35,138.55,27398,0
2016-11-01 13:35:00,NMDC,138.45,138.6,138.3,138.45,11155,0
2016-11-01 13:36:00,NMDC,138.45,138.6,138.4,138.6,4630,0
2016-11-01 13:37:00,NMDC,138.5,138.6,138.35,138.5,3295,0
2016-11-01 13:38:00,NMDC,138.35,138.55,138.35,138.5,3748,0
2016-11-01 13:39:00,NMDC,138.45,138.55,138.35,138.5,2425,0
2016-11-01 13:40:00,NMDC,138.5,138.5,138.4,138.5,2151,0
2016-11-01 13:41:00,NMDC,138.5,138.5,138.35,138.35,3331,0
2016-11-01 13:42:00,NMDC,138.4,138.5,138.3,138.5,13688,0
2016-11-01 13:43:00,NMDC,138.5,138.5,138.35,138.5,5602,0
2016-11-01 13:44:00,NMDC,138.4,138.5,138.3,138.5,3880,0
2016-11-01 13:45:00,NMDC,138.5,138.5,138.35,138.4,3946,0
2016-11-01 13:46:00,NMDC,138.35,138.45,138.35,138.45,3998,0
2016-11-01 13:47:00,NMDC,138.4,138.45,138.4,138.45,2266,0
2016-11-01 13:48:00,NMDC,138.45,138.5,138.4,138.45,3877,0
2016-11-01 13:49:00,NMDC,138.5,138.5,138.45,138.5,1448,0
2016-11-01 13:50:00,NMDC,138.4,138.6,138.4,138.6,12051,0
2016-11-01 13:51:00,NMDC,138.65,138.7,138.5,138.7,7759,0
2016-11-01 13:52:00,NMDC,138.7,138.75,138.5,138.5,8838,0
2016-11-01 13:53:00,NMDC,138.5,138.55,138.4,138.55,2743,0
2016-11-01 13:54:00,NMDC,138.55,138.55,138.45,138.5,5959,0
2016-11-01 13:55:00,NMDC,138.5,138.5,138.45,138.45,2369,0
2016-11-01 13:56:00,NMDC,138.5,138.5,138.35,138.35,7169,0
2016-11-01 13:57:00,NMDC,138.45,138.5,138.3,138.45,14364,0
2016-11-01 13:58:00,NMDC,138.3,138.45,138.3,138.35,1411,0
2016-11-01 13:59:00,NMDC,138.35,138.5,138.3,138.5,10752,0
2016-11-01 14:00:00,NMDC,138.4,138.6,138.4,138.55,2168,0
2016-11-01 14:01:00,NMDC,138.5,138.6,138.5,138.55,7065,0
2016-11-01 14:02:00,NMDC,138.45,138.7,138.45,138.7,3705,0
2016-11-01 14:03:00,NMDC,138.55,138.7,138.55,138.7,5809,0
2016-11-01 14:04:00,NMDC,138.6,138.7,138.6,138.7,3721,0
2016-11-01 14:05:00,NMDC,138.6,138.7,138.5,138.6,4768,0
2016-11-01 14:06:00,NMDC,138.6,138.7,138.55,138.6,2438,0
2016-11-01 14:07:00,NMDC,138.6,138.65,138.5,138.6,6904,0
2016-11-01 14:08:00,NMDC,138.5,138.6,138.45,138.5,6014,0
2016-11-01 14:09:00,NMDC,138.45,138.5,138.45,138.5,4860,0
2016-11-01 14:10:00,NMDC,138.45,138.45,138.1,138.4,20368,0
2016-11-01 14:11:00,NMDC,138.25,138.4,138.15,138.2,18140,0
2016-11-01 14:12:00,NMDC,138.4,138.4,138.15,138.3,7845,0
2016-11-01 14:13:00,NMDC,138.2,138.4,137.7,138.4,93860,0
2016-11-01 14:14:00,NMDC,138.25,138.5,138.25,138.45,83688,0
2016-11-01 14:15:00,NMDC,138.35,139.6,138.35,139.45,231983,0
2016-11-01 14:16:00,NMDC,139.5,139.9,139.5,139.75,188536,0
2016-11-01 14:17:00,NMDC,139.85,139.9,139.15,139.25,89512,0
2016-11-01 14:18:00,NMDC,139.25,139.25,138.65,138.9,83771,0
2016-11-01 14:19:00,NMDC,138.9,139.35,138.9,139.1,58556,0
2016-11-01 14:20:00,NMDC,139.1,139.6,139.0,139.55,32113,0
2016-11-01 14:21:00,NMDC,139.5,139.8,139.45,139.6,71949,0
2016-11-01 14:22:00,NMDC,139.6,139.6,139.1,139.1,29741,0
2016-11-01 14:23:00,NMDC,139.05,139.2,139.05,139.1,10461,0
2016-11-01 14:24:00,NMDC,139.2,139.2,139.05,139.1,15163,0
2016-11-01 14:25:00,NMDC,139.1,139.25,139.0,139.25,7897,0
2016-11-01 14:26:00,NMDC,139.25,139.5,139.2,139.4,15204,0
2016-11-01 14:27:00,NMDC,139.45,139.5,139.2,139.2,17716,0
2016-11-01 14:28:00,NMDC,139.35,139.35,138.8,138.8,35282,0
2016-11-01 14:29:00,NMDC,138.9,138.95,138.35,138.45,43900,0
2016-11-01 14:30:00,NMDC,138.4,138.75,138.35,138.7,22522,0
2016-11-01 14:31:00,NMDC,138.7,138.9,138.5,138.6,20882,0
2016-11-01 14:32:00,NMDC,138.6,138.6,138.2,138.55,48585,0
2016-11-01 14:33:00,NMDC,138.55,138.65,138.35,138.45,56327,0
2016-11-01 14:34:00,NMDC,138.45,138.6,138.4,138.4,23471,0
2016-11-01 14:35:00,NMDC,138.4,138.5,138.2,138.2,26409,0
2016-11-01 14:36:00,NMDC,138.2,138.3,138.05,138.25,15580,0
2016-11-01 14:37:00,NMDC,138.25,138.4,138.1,138.2,12068,0
2016-11-01 14:38:00,NMDC,138.15,138.2,138.1,138.2,8256,0
2016-11-01 14:39:00,NMDC,138.1,138.15,137.55,137.75,100346,0
2016-11-01 14:40:00,NMDC,137.7,137.7,137.05,137.2,76714,0
2016-11-01 14:41:00,NMDC,137.15,137.6,136.95,137.55,73704,0
2016-11-01 14:42:00,NMDC,137.4,137.55,137.35,137.5,22473,0
2016-11-01 14:43:00,NMDC,137.45,137.65,137.4,137.65,12548,0
2016-11-01 14:44:00,NMDC,137.55,137.8,137.55,137.8,12168,0
2016-11-01 14:45:00,NMDC,137.8,137.85,137.75,137.8,8569,0
2016-11-01 14:46:00,NMDC,137.75,138.3,137.7,138.1,35706,0
2016-11-01 14:47:00,NMDC,138.05,138.5,137.9,138.5,27630,0
2016-11-01 14:48:00,NMDC,138.4,138.65,138.3,138.35,20222,0
2016-11-01 14:49:00,NMDC,138.15,138.65,138.1,138.65,22804,0
2016-11-01 14:50:00,NMDC,138.65,138.7,138.5,138.55,20445,0
2016-11-01 14:51:00,NMDC,138.65,138.7,138.5,138.7,22855,0
2016-11-01 14:52:00,NMDC,138.6,138.7,138.45,138.55,19829,0
2016-11-01 14:53:00,NMDC,138.55,138.65,138.35,138.45,9169,0
2016-11-01 14:54:00,NMDC,138.4,138.5,138.4,138.5,8745,0
2016-11-01 14:55:00,NMDC,138.4,138.55,138.4,138.45,8109,0
2016-11-01 14:56:00,NMDC,138.55,138.6,138.4,138.6,6859,0
2016-11-01 14:57:00,NMDC,138.5,138.7,138.5,138.65,33917,0
2016-11-01 14:58:00,NMDC,138.6,139.0,138.6,139.0,32825,0
2016-11-01 14:59:00,NMDC,138.95,139.35,138.95,139.25,60162,0
2016-11-01 15:00:00,NMDC,139.25,139.3,139.05,139.2,21812,0
2016-11-01 15:01:00,NMDC,139.1,139.2,138.6,138.65,38015,0
2016-11-01 15:02:00,NMDC,138.75,138.95,138.7,138.8,27385,0
2016-11-01 15:03:00,NMDC,138.8,138.85,138.65,138.85,11843,0
2016-11-01 15:04:00,NMDC,138.85,138.85,138.65,138.8,9681,0
2016-11-01 15:05:00,NMDC,138.8,138.9,138.65,138.75,20923,0
2016-11-01 15:06:00,NMDC,138.75,138.75,138.5,138.65,15136,0
2016-11-01 15:07:00,NMDC,138.6,138.6,137.95,138.0,75037,0
2016-11-01 15:08:00,NMDC,137.95,138.0,137.6,137.75,30460,0
2016-11-01 15:09:00,NMDC,137.7,138.0,137.65,137.85,23491,0
2016-11-01 15:10:00,NMDC,137.85,138.0,137.8,137.9,24041,0
2016-11-01 15:11:00,NMDC,137.9,138.15,137.9,138.15,15636,0
2016-11-01 15:12:00,NMDC,138.0,138.1,137.8,138.05,22801,0
2016-11-01 15:13:00,NMDC,137.9,138.05,137.6,137.75,45612,0
2016-11-01 15:14:00,NMDC,137.75,138.3,137.7,137.95,42619,0
2016-11-01 15:15:00,NMDC,137.95,138.2,137.9,138.2,25569,0
2016-11-01 15:16:00,NMDC,138.15,138.4,138.1,138.35,28510,0
2016-11-01 15:17:00,NMDC,138.3,138.7,138.2,138.7,39298,0
2016-11-01 15:18:00,NMDC,138.7,138.85,138.6,138.85,23653,0
2016-11-01 15:19:00,NMDC,138.85,139.1,138.65,138.65,42830,0
2016-11-01 15:20:00,NMDC,138.65,138.9,138.45,138.6,43209,0
2016-11-01 15:21:00,NMDC,138.5,138.6,138.3,138.35,43099,0
2016-11-01 15:22:00,NMDC,138.35,138.4,138.0,138.4,46240,0
2016-11-01 15:23:00,NMDC,138.3,138.45,138.25,138.4,21261,0
2016-11-01 15:24:00,NMDC,138.45,138.5,138.4,138.5,27671,0
2016-11-01 15:25:00,NMDC,138.5,138.55,138.4,138.5,20089,0
2016-11-01 15:26:00,NMDC,138.5,138.7,138.45,138.5,30993,0
2016-11-01 15:27:00,NMDC,138.6,138.7,138.5,138.65,15612,0
2016-11-01 15:28:00,NMDC,138.7,138.8,138.55,138.55,20308,0
2016-11-01 15:29:00,NMDC,138.55,138.8,138.55,138.7,18555,0
2016-11-01 15:30:00,NMDC,138.8,138.8,138.3,138.6,27456,0
2016-11-01 15:41:00,NMDC,138.35,138.35,138.35,138.35,958,0
2016-11-01 15:43:00,NMDC,138.35,138.6,138.35,138.6,50,0
2016-11-01 15:44:00,NMDC,138.6,138.6,138.35,138.35,525,0
2016-11-01 15:45:00,NMDC,138.35,138.35,138.35,138.35,20,0
2016-11-01 15:50:00,NMDC,138.35,138.35,138.35,138.35,100,0
2016-11-01 15:53:00,NMDC,138.35,138.35,138.35,138.35,25,0
2016-11-01 15:59:00,NMDC,138.35,138.35,138.35,138.35,145,0
2016-11-01 16:00:00,NMDC,138.6,138.6,138.6,138.6,145,0
2016-11-01 16:36:00,NMDC,138.35,138.35,138.35,138.35,1,0
2016-11-02 09:08:00,NMDC,137.7,137.7,137.7,137.7,9324,0
2016-11-02 09:16:00,NMDC,137.4,137.4,135.65,135.9,60195,0
2016-11-02 09:17:00,NMDC,136.05,136.5,136.05,136.4,23646,0
2016-11-02 09:18:00,NMDC,136.4,136.65,136.4,136.55,26889,0
2016-11-02 09:19:00,NMDC,136.35,136.6,136.35,136.5,47412,0
2016-11-02 09:20:00,NMDC,136.45,136.9,136.4,136.9,26228,0
2016-11-02 09:21:00,NMDC,137.1,137.1,136.85,136.95,26233,0
2016-11-02 09:22:00,NMDC,137.0,137.0,136.5,136.55,31975,0
2016-11-02 09:23:00,NMDC,136.55,136.65,136.5,136.65,13572,0
2016-11-02 09:24:00,NMDC,136.6,136.6,136.35,136.5,13053,0
2016-11-02 09:25:00,NMDC,136.4,136.8,136.4,136.8,19078,0
2016-11-02 09:26:00,NMDC,136.8,137.6,136.7,137.6,67135,0
2016-11-02 09:27:00,NMDC,137.7,137.9,137.35,137.85,47063,0
2016-11-02 09:28:00,NMDC,137.9,138.55,137.35,138.55,115134,0
2016-11-02 09:29:00,NMDC,138.55,138.85,138.45,138.7,98112,0
2016-11-02 09:30:00,NMDC,138.8,138.9,138.7,138.9,74996,0
2016-11-02 09:31:00,NMDC,138.85,138.9,138.7,138.8,59125,0
2016-11-02 09:32:00,NMDC,138.85,138.85,138.4,138.4,106992,0
2016-11-02 09:33:00,NMDC,138.5,138.55,138.35,138.5,50665,0
2016-11-02 09:34:00,NMDC,138.5,138.5,138.05,138.2,73944,0
2016-11-02 09:35:00,NMDC,138.1,138.2,137.55,137.65,57900,0
2016-11-02 09:36:00,NMDC,137.75,138.0,137.65,137.95,31656,0
2016-11-02 09:37:00,NMDC,137.9,138.35,137.85,138.15,56522,0
2016-11-02 09:38:00,NMDC,138.2,138.7,138.2,138.65,35675,0
2016-11-02 09:39:00,NMDC,138.7,138.8,138.45,138.5,35156,0
2016-11-02 09:40:00,NMDC,138.5,138.7,138.4,138.5,39614,0
2016-11-02 09:41:00,NMDC,138.45,138.75,138.45,138.75,29280,0
2016-11-02 09:42:00,NMDC,138.7,139.6,138.7,139.45,174588,0
2016-11-02 09:43:00,NMDC,139.45,140.4,139.1,140.3,232900,0
2016-11-02 09:44:00,NMDC,140.45,140.7,140.25,140.25,177291,0
2016-11-02 09:45:00,NMDC,140.3,140.4,140.0,140.0,100963,0
2016-11-02 09:46:00,NMDC,140.0,140.2,139.85,140.2,90458,0
2016-11-02 09:47:00,NMDC,140.2,140.55,140.05,140.45,55525,0
2016-11-02 09:48:00,NMDC,140.45,140.9,140.45,140.85,97008,0
2016-11-02 09:49:00,NMDC,140.85,140.85,140.6,140.7,52188,0
2016-11-02 09:50:00,NMDC,140.6,140.7,140.35,140.45,60103,0
2016-11-02 09:51:00,NMDC,140.45,140.5,140.05,140.05,55349,0
2016-11-02 09:52:00,NMDC,140.2,140.7,140.1,140.55,58464,0
2016-11-02 09:53:00,NMDC,140.7,141.0,140.55,141.0,60981,0
2016-11-02 09:54:00,NMDC,140.95,141.4,140.95,141.35,107788,0
2016-11-02 09:55:00,NMDC,141.25,141.45,140.9,140.9,91056,0
2016-11-02 09:56:00,NMDC,140.9,141.35,140.75,141.3,59203,0
2016-11-02 09:57:00,NMDC,141.3,141.9,141.3,141.8,138086,0
2016-11-02 09:58:00,NMDC,141.8,142.0,141.7,142.0,110915,0
2016-11-02 09:59:00,NMDC,142.0,142.5,142.0,142.45,169448,0
2016-11-02 10:00:00,NMDC,142.4,142.45,142.2,142.25,91594,0
2016-11-02 10:01:00,NMDC,142.25,142.35,141.7,141.85,99674,0
2016-11-02 10:02:00,NMDC,141.85,142.0,141.5,141.5,54130,0
2016-11-02 10:03:00,NMDC,141.4,141.5,141.05,141.3,76743,0
2016-11-02 10:04:00,NMDC,141.3,141.3,141.1,141.2,39618,0
2016-11-02 10:05:00,NMDC,141.35,141.6,141.3,141.35,35797,0
2016-11-02 10:06:00,NMDC,141.4,141.6,141.35,141.5,22366,0
2016-11-02 10:07:00,NMDC,141.55,141.8,141.5,141.6,36652,0
2016-11-02 10:08:00,NMDC,141.65,141.7,141.5,141.5,53510,0
2016-11-02 10:09:00,NMDC,141.6,141.65,141.45,141.55,17119,0
2016-11-02 10:10:00,NMDC,141.55,141.7,141.5,141.6,20573,0
2016-11-02 10:11:00,NMDC,141.6,141.6,141.2,141.3,41871,0
2016-11-02 10:12:00,NMDC,141.3,141.45,141.2,141.45,30928,0
2016-11-02 10:13:00,NMDC,141.45,141.45,141.25,141.35,11993,0
2016-11-02 10:14:00,NMDC,141.3,141.4,141.2,141.25,9369,0
2016-11-02 10:15:00,NMDC,141.25,141.4,141.25,141.35,14627,0
2016-11-02 10:16:00,NMDC,141.3,141.4,141.25,141.35,11063,0
2016-11-02 10:17:00,NMDC,141.3,141.4,141.15,141.25,18048,0
2016-11-02 10:18:00,NMDC,141.15,141.2,140.65,140.95,73680,0
2016-11-02 10:19:00,NMDC,141.0,141.0,140.5,140.8,103623,0
2016-11-02 10:20:00,NMDC,140.85,141.0,140.8,140.9,13529,0
2016-11-02 10:21:00,NMDC,140.9,141.3,140.9,141.3,31442,0
2016-11-02 10:22:00,NMDC,141.25,141.35,141.2,141.25,29208,0
2016-11-02 10:23:00,NMDC,141.35,141.4,141.25,141.4,7535,0
2016-11-02 10:24:00,NMDC,141.4,141.5,141.35,141.45,16188,0
2016-11-02 10:25:00,NMDC,141.45,141.5,141.3,141.4,17293,0
2016-11-02 10:26:00,NMDC,141.35,141.5,141.35,141.5,14780,0
2016-11-02 10:27:00,NMDC,141.4,141.5,141.2,141.25,12484,0
2016-11-02 10:28:00,NMDC,141.3,141.3,141.15,141.2,9905,0
2016-11-02 10:29:00,NMDC,141.15,141.2,141.1,141.2,14414,0
2016-11-02 10:30:00,NMDC,141.15,141.3,141.1,141.3,20013,0
2016-11-02 10:31:00,NMDC,141.25,141.3,141.15,141.3,9086,0
2016-11-02 10:32:00,NMDC,141.2,141.35,141.15,141.15,33257,0
2016-11-02 10:33:00,NMDC,141.2,141.25,140.8,140.9,22828,0
2016-11-02 10:34:00,NMDC,140.95,141.15,140.85,141.15,13026,0
2016-11-02 10:35:00,NMDC,141.15,141.2,140.95,140.95,21059,0
2016-11-02 10:36:00,NMDC,141.0,141.0,140.85,141.0,9525,0
2016-11-02 10:37:00,NMDC,141.0,141.0,140.9,140.9,2762,0
2016-11-02 10:38:00,NMDC,140.9,140.95,140.75,140.8,20286,0
2016-11-02 10:39:00,NMDC,140.75,140.85,140.65,140.75,19193,0
2016-11-02 10:40:00,NMDC,140.8,140.8,140.5,140.65,21399,0
2016-11-02 10:41:00,NMDC,140.65,140.7,140.5,140.5,16627,0
2016-11-02 10:42:00,NMDC,140.6,140.85,140.5,140.8,21204,0
2016-11-02 10:43:00,NMDC,140.85,140.95,140.75,140.95,22263,0
2016-11-02 10:44:00,NMDC,140.8,140.9,140.8,140.85,5784,0
2016-11-02 10:45:00,NMDC,140.85,140.85,140.65,140.65,8824,0
2016-11-02 10:46:00,NMDC,140.6,140.6,140.4,140.45,15458,0
2016-11-02 10:47:00,NMDC,140.4,140.5,140.4,140.5,14402,0
2016-11-02 10:48:00,NMDC,140.5,140.85,140.5,140.8,13963,0
2016-11-02 10:49:00,NMDC,140.85,140.85,140.55,140.7,15035,0
2016-11-02 10:50:00,NMDC,140.6,140.7,140.6,140.6,14878,0
2016-11-02 10:51:00,NMDC,140.6,140.7,140.6,140.65,5303,0
2016-11-02 10:52:00,NMDC,140.65,140.65,139.5,139.95,154603,0
2016-11-02 10:53:00,NMDC,139.95,140.0,139.7,139.8,39400,0
2016-11-02 10:54:00,NMDC,139.85,139.9,139.5,139.6,34486,0
2016-11-02 10:55:00,NMDC,139.45,139.55,139.1,139.5,41547,0
2016-11-02 10:56:00,NMDC,139.5,139.5,139.0,139.05,186822,0
2016-11-02 10:57:00,NMDC,139.0,139.0,138.55,138.8,52515,0
2016-11-02 10:58:00,NMDC,138.8,139.15,138.7,139.15,39252,0
2016-11-02 10:59:00,NMDC,139.15,139.4,139.15,139.35,36923,0
2016-11-02 11:00:00,NMDC,139.25,139.5,139.2,139.35,22855,0
2016-11-02 11:01:00,NMDC,139.35,139.4,139.2,139.3,24134,0
2016-11-02 11:02:00,NMDC,139.2,139.35,139.15,139.35,12009,0
2016-11-02 11:03:00,NMDC,139.25,139.35,139.2,139.35,6560,0
2016-11-02 11:04:00,NMDC,139.25,139.5,139.25,139.5,11449,0
2016-11-02 11:05:00,NMDC,139.5,139.65,139.5,139.6,10083,0
2016-11-02 11:06:00,NMDC,139.6,139.7,139.55,139.6,11327,0
2016-11-02 11:07:00,NMDC,139.7,139.7,139.55,139.55,9150,0
2016-11-02 11:08:00,NMDC,139.55,139.7,139.55,139.65,9281,0
2016-11-02 11:09:00,NMDC,139.6,139.75,139.6,139.6,18425,0
2016-11-02 11:10:00,NMDC,139.6,139.8,139.6,139.7,10936,0
2016-11-02 11:11:00,NMDC,139.7,139.8,139.45,139.45,26414,0
2016-11-02 11:12:00,NMDC,139.45,139.65,139.4,139.4,24598,0
2016-11-02 11:13:00,NMDC,139.45,139.45,139.25,139.35,9784,0
2016-11-02 11:14:00,NMDC,139.4,139.6,139.4,139.45,7880,0
2016-11-02 11:15:00,NMDC,139.45,139.55,139.3,139.55,19497,0
2016-11-02 11:16:00,NMDC,139.55,139.65,139.45,139.65,15872,0
2016-11-02 11:17:00,NMDC,139.7,139.8,139.65,139.75,5677,0
2016-11-02 11:18:00,NMDC,139.65,140.35,139.65,140.2,50260,0
2016-11-02 11:19:00,NMDC,140.15,140.35,140.1,140.15,27151,0
2016-11-02 11:20:00,NMDC,140.25,140.35,140.05,140.05,19442,0
2016-11-02 11:21:00,NMDC,140.05,140.2,140.0,140.0,11473,0
2016-11-02 11:22:00,NMDC,140.1,140.1,139.9,140.0,13050,0
2016-11-02 11:23:00,NMDC,140.0,140.0,139.85,139.85,19465,0
2016-11-02 11:24:00,NMDC,140.0,140.0,139.75,140.0,2478,0
2016-11-02 11:25:00,NMDC,139.95,139.95,139.8,139.95,2048,0
2016-11-02 11:26:00,NMDC,139.95,139.95,139.85,139.85,1916,0
2016-11-02 11:27:00,NMDC,139.9,139.95,139.85,139.9,2740,0
2016-11-02 11:28:00,NMDC,139.85,139.9,139.65,139.7,41716,0
2016-11-02 11:29:00,NMDC,139.8,139.8,139.65,139.7,11310,0
2016-11-02 11:30:00,NMDC,139.6,139.75,139.6,139.75,12197,0
2016-11-02 11:31:00,NMDC,139.7,139.9,139.6,139.75,15655,0
2016-11-02 11:32:00,NMDC,139.7,139.85,139.7,139.75,7039,0
2016-11-02 11:33:00,NMDC,139.7,139.95,139.7,139.8,4982,0
2016-11-02 11:34:00,NMDC,139.9,140.0,139.85,139.9,1437,0
2016-11-02 11:35:00,NMDC,139.85,139.9,139.8,139.9,4495,0
2016-11-02 11:36:00,NMDC,139.9,139.9,139.8,139.9,9069,0
2016-11-02 11:37:00,NMDC,139.9,139.95,139.9,139.9,4794,0
2016-11-02 11:38:00,NMDC,140.0,140.0,139.95,139.95,11175,0
2016-11-02 11:39:00,NMDC,140.1,140.1,139.95,140.0,5656,0
2016-11-02 11:40:00,NMDC,140.0,140.05,139.95,140.0,2617,0
2016-11-02 11:41:00,NMDC,140.05,140.15,140.0,140.15,6431,0
2016-11-02 11:42:00,NMDC,140.15,140.3,140.15,140.25,20736,0
2016-11-02 11:43:00,NMDC,140.3,140.3,140.1,140.15,18138,0
2016-11-02 11:44:00,NMDC,140.2,140.25,140.0,140.1,17578,0
2016-11-02 11:45:00,NMDC,140.05,140.1,140.0,140.05,9241,0
2016-11-02 11:46:00,NMDC,140.0,140.05,139.9,139.9,7998,0
2016-11-02 11:47:00,NMDC,139.9,139.95,139.8,139.9,9708,0
2016-11-02 11:48:00,NMDC,139.9,140.0,139.9,139.95,4208,0
2016-11-02 11:49:00,NMDC,139.95,140.0,139.9,140.0,5683,0
2016-11-02 11:50:00,NMDC,139.95,139.95,139.85,139.85,4690,0
2016-11-02 11:51:00,NMDC,139.9,139.95,139.85,139.9,4068,0
2016-11-02 11:52:00,NMDC,139.95,140.0,139.85,139.95,5509,0
2016-11-02 11:53:00,NMDC,139.95,139.95,139.9,139.95,2157,0
2016-11-02 11:54:00,NMDC,139.9,139.95,139.9,139.9,4030,0
2016-11-02 11:55:00,NMDC,139.9,139.95,139.8,139.8,12481,0
2016-11-02 11:56:00,NMDC,139.75,139.8,139.6,139.65,11183,0
2016-11-02 11:57:00,NMDC,139.65,139.75,139.55,139.55,9724,0
2016-11-02 11:58:00,NMDC,139.6,139.6,139.3,139.45,29454,0
2016-11-02 11:59:00,NMDC,139.35,139.4,139.2,139.3,10949,0
2016-11-02 12:00:00,NMDC,139.3,139.35,139.2,139.35,9228,0
2016-11-02 12:01:00,NMDC,139.25,139.25,139.0,139.0,20684,0
2016-11-02 12:02:00,NMDC,139.35,139.35,139.0,139.35,32133,0
2016-11-02 12:03:00,NMDC,139.3,139.4,139.2,139.2,7360,0
2016-11-02 12:04:00,NMDC,139.2,139.3,139.15,139.25,3278,0
2016-11-02 12:05:00,NMDC,139.25,139.35,139.15,139.25,5235,0
2016-11-02 12:06:00,NMDC,139.35,139.35,139.25,139.25,5651,0
2016-11-02 12:07:00,NMDC,139.25,139.55,139.25,139.55,18427,0
2016-11-02 12:08:00,NMDC,139.55,139.55,139.5,139.5,11934,0
2016-11-02 12:09:00,NMDC,139.5,139.6,139.5,139.6,11861,0
2016-11-02 12:10:00,NMDC,139.6,139.6,139.5,139.5,1284,0
2016-11-02 12:11:00,NMDC,139.6,139.6,139.5,139.5,1812,0
2016-11-02 12:12:00,NMDC,139.55,139.8,139.5,139.5,19438,0
2016-11-02 12:13:00,NMDC,139.5,139.6,139.35,139.6,12803,0
2016-11-02 12:14:00,NMDC,139.55,139.65,139.55,139.55,2812,0
2016-11-02 12:15:00,NMDC,139.6,139.6,139.25,139.25,9172,0
2016-11-02 12:16:00,NMDC,139.35,139.4,139.15,139.2,8675,0
2016-11-02 12:17:00,NMDC,139.2,139.2,139.1,139.15,16410,0
2016-11-02 12:18:00,NMDC,139.15,139.15,138.65,138.75,40224,0
2016-11-02 12:19:00,NMDC,138.85,139.45,138.85,139.45,15023,0
2016-11-02 12:20:00,NMDC,139.45,139.5,139.35,139.4,3986,0
2016-11-02 12:21:00,NMDC,139.4,139.4,139.3,139.3,3740,0
2016-11-02 12:22:00,NMDC,139.3,139.3,139.25,139.25,4025,0
2016-11-02 12:23:00,NMDC,139.3,139.45,139.3,139.4,17473,0
2016-11-02 12:24:00,NMDC,139.4,139.4,139.25,139.35,6097,0
2016-11-02 12:25:00,NMDC,139.3,139.3,138.95,138.95,14817,0
2016-11-02 12:26:00,NMDC,139.0,139.0,138.85,138.95,7799,0
2016-11-02 12:27:00,NMDC,139.0,139.1,138.9,139.05,10962,0
2016-11-02 12:28:00,NMDC,139.05,139.05,138.65,138.7,14831,0
2016-11-02 12:29:00,NMDC,138.8,138.9,138.55,138.8,19189,0
2016-11-02 12:30:00,NMDC,138.8,138.95,138.7,138.95,10038,0
2016-11-02 12:31:00,NMDC,138.95,138.95,138.8,138.85,3943,0
2016-11-02 12:32:00,NMDC,138.75,138.85,138.7,138.7,11975,0
2016-11-02 12:33:00,NMDC,138.65,138.85,138.4,138.7,80128,0
2016-11-02 12:34:00,NMDC,138.65,138.95,138.55,138.95,8911,0
2016-11-02 12:35:00,NMDC,138.85,139.3,138.85,139.3,19257,0
2016-11-02 12:36:00,NMDC,139.25,139.45,139.0,139.0,20591,0
2016-11-02 12:37:00,NMDC,138.9,139.0,138.9,139.0,8147,0
2016-11-02 12:38:00,NMDC,139.0,139.0,138.8,138.8,18339,0
2016-11-02 12:39:00,NMDC,138.85,138.95,138.75,138.95,12306,0
2016-11-02 12:40:00,NMDC,138.95,139.05,138.8,139.05,7077,0
2016-11-02 12:41:00,NMDC,139.05,139.35,139.05,139.35,12668,0
2016-11-02 12:42:00,NMDC,139.3,139.35,139.2,139.3,4058,0
2016-11-02 12:43:00,NMDC,139.3,139.45,139.2,139.2,13368,0
2016-11-02 12:44:00,NMDC,139.3,139.3,138.9,139.0,9863,0
2016-11-02 12:45:00,NMDC,139.0,139.0,138.85,138.9,5619,0
2016-11-02 12:46:00,NMDC,138.9,139.0,138.9,138.9,9918,0
2016-11-02 12:47:00,NMDC,138.9,139.1,138.9,139.0,2582,0
2016-11-02 12:48:00,NMDC,139.0,139.3,139.0,139.3,10345,0
2016-11-02 12:49:00,NMDC,139.25,139.25,139.05,139.05,3335,0
2016-11-02 12:50:00,NMDC,139.05,139.1,139.05,139.1,470,0
2016-11-02 12:51:00,NMDC,139.05,139.15,139.05,139.15,2085,0
2016-11-02 12:52:00,NMDC,139.15,139.25,139.15,139.15,3064,0
2016-11-02 12:53:00,NMDC,139.25,139.25,139.15,139.15,9479,0
2016-11-02 12:54:00,NMDC,139.3,139.3,139.1,139.2,2456,0
2016-11-02 12:55:00,NMDC,139.2,139.4,139.2,139.35,6315,0
2016-11-02 12:56:00,NMDC,139.35,139.45,139.25,139.25,3284,0
2016-11-02 12:57:00,NMDC,139.25,139.3,139.15,139.15,3960,0
2016-11-02 12:58:00,NMDC,139.15,139.3,139.05,139.05,2526,0
2016-11-02 12:59:00,NMDC,139.05,139.25,139.05,139.2,1385,0
2016-11-02 13:00:00,NMDC,139.15,139.15,139.05,139.15,7157,0
2016-11-02 13:01:00,NMDC,139.15,139.15,138.95,138.95,4211,0
2016-11-02 13:02:00,NMDC,139.0,139.05,138.85,138.9,4977,0
2016-11-02 13:03:00,NMDC,138.9,139.0,138.9,139.0,1633,0
2016-11-02 13:04:00,NMDC,139.0,139.0,138.85,138.85,2215,0
2016-11-02 13:05:00,NMDC,138.95,138.95,138.85,138.95,3993,0
2016-11-02 13:06:00,NMDC,138.9,138.9,138.75,138.75,7699,0
2016-11-02 13:07:00,NMDC,138.75,138.85,138.75,138.85,1466,0
2016-11-02 13:08:00,NMDC,138.8,138.85,138.75,138.85,5054,0
2016-11-02 13:09:00,NMDC,138.75,138.95,138.75,138.95,4097,0
2016-11-02 13:10:00,NMDC,138.9,139.1,138.9,138.9,19382,0
2016-11-02 13:11:00,NMDC,139.0,139.0,138.85,139.0,4083,0
2016-11-02 13:12:00,NMDC,139.0,139.1,138.95,139.0,6541,0
2016-11-02 13:13:00,NMDC,139.0,139.15,139.0,139.15,2811,0
2016-11-02 13:14:00,NMDC,139.05,139.15,139.0,139.05,2119,0
2016-11-02 13:15:00,NMDC,139.0,139.1,139.0,139.05,798,0
2016-11-02 13:16:00,NMDC,139.1,139.1,139.0,139.05,2512,0
2016-11-02 13:17:00,NMDC,139.05,139.15,139.0,139.15,3766,0
2016-11-02 13:18:00,NMDC,139.15,139.3,139.15,139.2,6496,0
2016-11-02 13:19:00,NMDC,139.3,139.35,139.25,139.3,9480,0
2016-11-02 13:20:00,NMDC,139.3,139.4,139.25,139.25,6758,0
2016-11-02 13:21:00,NMDC,139.3,139.4,139.3,139.35,5811,0
2016-11-02 13:22:00,NMDC,139.35,139.35,139.3,139.3,5012,0
2016-11-02 13:23:00,NMDC,139.3,139.3,139.15,139.25,14279,0
2016-11-02 13:24:00,NMDC,139.25,139.3,139.2,139.2,1301,0
2016-11-02 13:25:00,NMDC,139.3,139.35,139.2,139.2,5404,0
2016-11-02 13:26:00,NMDC,139.25,139.25,139.1,139.25,6449,0
2016-11-02 13:27:00,NMDC,139.15,139.25,139.15,139.25,2259,0
2016-11-02 13:28:00,NMDC,139.15,139.15,139.0,139.0,4073,0
2016-11-02 13:29:00,NMDC,139.0,139.1,138.9,139.0,3910,0
2016-11-02 13:30:00,NMDC,139.0,139.0,138.65,138.7,10044,0
2016-11-02 13:31:00,NMDC,138.65,138.9,138.6,138.9,5988,0
2016-11-02 13:32:00,NMDC,138.85,138.9,138.65,138.8,9299,0
2016-11-02 13:33:00,NMDC,138.85,138.95,138.8,138.95,5512,0
2016-11-02 13:34:00,NMDC,138.8,138.95,138.8,138.95,1266,0
2016-11-02 13:35:00,NMDC,138.85,138.95,138.8,138.85,6062,0
2016-11-02 13:36:00,NMDC,138.85,139.0,138.8,138.8,4265,0
2016-11-02 13:37:00,NMDC,138.9,139.0,138.8,138.9,1602,0
2016-11-02 13:38:00,NMDC,138.9,139.05,138.9,139.0,2515,0
2016-11-02 13:39:00,NMDC,138.95,138.95,138.9,138.9,997,0
2016-11-02 13:40:00,NMDC,138.9,139.0,138.8,138.85,5328,0
2016-11-02 13:41:00,NMDC,138.95,139.05,138.85,139.05,1190,0
2016-11-02 13:42:00,NMDC,139.05,139.2,139.0,139.0,6478,0
2016-11-02 13:43:00,NMDC,139.1,139.15,139.0,139.0,3094,0
2016-11-02 13:44:00,NMDC,139.0,139.15,138.95,139.0,5734,0
2016-11-02 13:45:00,NMDC,139.0,139.0,138.75,138.9,10869,0
2016-11-02 13:46:00,NMDC,138.9,139.0,138.75,139.0,21496,0
2016-11-02 13:47:00,NMDC,139.0,139.05,138.85,138.95,6289,0
2016-11-02 13:48:00,NMDC,138.9,139.1,138.9,139.05,10257,0
2016-11-02 13:49:00,NMDC,139.05,139.1,139.0,139.0,1596,0
2016-11-02 13:50:00,NMDC,139.0,139.15,139.0,139.05,9248,0
2016-11-02 13:51:00,NMDC,139.1,139.15,139.05,139.05,1460,0
2016-11-02 13:52:00,NMDC,139.15,139.15,139.0,139.1,6027,0
2016-11-02 13:53:00,NMDC,139.1,139.2,139.05,139.15,6404,0
2016-11-02 13:54:00,NMDC,139.25,139.35,139.05,139.05,14737,0
2016-11-02 13:55:00,NMDC,139.15,139.25,139.15,139.25,840,0
2016-11-02 13:56:00,NMDC,139.2,139.75,139.2,139.65,56292,0
2016-11-02 13:57:00,NMDC,139.65,139.65,139.45,139.55,18948,0
2016-11-02 13:58:00,NMDC,139.5,139.75,139.5,139.7,25278,0
2016-11-02 13:59:00,NMDC,139.75,139.9,139.5,139.8,33191,0
2016-11-02 14:00:00,NMDC,139.8,140.3,139.75,139.75,118442,0
2016-11-02 14:01:00,NMDC,139.65,139.95,139.6,139.65,25577,0
2016-11-02 14:02:00,NMDC,139.65,139.8,139.55,139.7,27110,0
2016-11-02 14:03:00,NMDC,139.7,139.7,139.55,139.65,31770,0
2016-11-02 14:04:00,NMDC,139.6,139.7,139.5,139.65,7402,0
2016-11-02 14:05:00,NMDC,139.6,139.7,139.5,139.55,7413,0
2016-11-02 14:06:00,NMDC,139.55,139.65,139.5,139.6,4198,0
2016-11-02 14:07:00,NMDC,139.65,139.65,139.6,139.6,2086,0
2016-11-02 14:08:00,NMDC,139.6,139.6,139.35,139.4,9930,0
2016-11-02 14:09:00,NMDC,139.45,139.55,139.35,139.35,23643,0
2016-11-02 14:10:00,NMDC,139.4,139.5,139.25,139.3,22117,0
2016-11-02 14:11:00,NMDC,139.3,139.45,139.3,139.4,2958,0
2016-11-02 14:12:00,NMDC,139.35,139.4,139.2,139.25,6636,0
2016-11-02 14:13:00,NMDC,139.25,139.3,139.05,139.1,4957,0
2016-11-02 14:14:00,NMDC,139.05,139.2,139.0,139.2,3100,0
2016-11-02 14:15:00,NMDC,139.2,139.2,138.85,139.15,43041,0
2016-11-02 14:16:00,NMDC,139.0,139.1,138.95,139.0,5416,0
2016-11-02 14:17:00,NMDC,139.0,139.3,139.0,139.2,6323,0
2016-11-02 14:18:00,NMDC,139.2,139.4,139.2,139.3,10104,0
2016-11-02 14:19:00,NMDC,139.3,139.4,139.2,139.35,6776,0
2016-11-02 14:20:00,NMDC,139.45,139.7,139.35,139.7,21327,0
2016-11-02 14:21:00,NMDC,139.75,139.75,139.2,139.25,28114,0
2016-11-02 14:22:00,NMDC,139.3,139.4,139.25,139.35,3864,0
2016-11-02 14:23:00,NMDC,139.35,139.5,139.25,139.35,8529,0
2016-11-02 14:24:00,NMDC,139.4,139.4,139.3,139.3,3106,0
2016-11-02 14:25:00,NMDC,139.3,139.5,139.3,139.4,6680,0
2016-11-02 14:26:00,NMDC,139.3,139.65,139.3,139.6,21623,0
2016-11-02 14:27:00,NMDC,139.6,139.6,139.35,139.35,11394,0
2016-11-02 14:28:00,NMDC,139.35,139.35,139.25,139.25,5408,0
2016-11-02 14:29:00,NMDC,139.25,139.25,139.1,139.15,18009,0
2016-11-02 14:30:00,NMDC,139.2,139.2,139.1,139.1,777,0
2016-11-02 14:31:00,NMDC,139.1,139.2,139.05,139.05,5183,0
2016-11-02 14:32:00,NMDC,139.05,139.2,139.0,139.0,9992,0
2016-11-02 14:33:00,NMDC,139.05,139.1,138.75,139.0,27587,0
2016-11-02 14:34:00,NMDC,139.0,139.1,139.0,139.1,12642,0
2016-11-02 14:35:00,NMDC,139.1,139.15,139.05,139.05,21640,0
2016-11-02 14:36:00,NMDC,139.1,139.3,139.1,139.3,7131,0
2016-11-02 14:37:00,NMDC,139.2,139.3,139.2,139.25,9594,0
2016-11-02 14:38:00,NMDC,139.25,139.3,139.1,139.2,12670,0
2016-11-02 14:39:00,NMDC,139.2,139.4,139.2,139.35,7489,0
2016-11-02 14:40:00,NMDC,139.3,139.3,139.1,139.2,4744,0
2016-11-02 14:41:00,NMDC,139.2,139.35,139.15,139.35,5655,0
2016-11-02 14:42:00,NMDC,139.35,139.4,139.2,139.3,6038,0
2016-11-02 14:43:00,NMDC,139.25,139.5,139.25,139.5,16734,0
2016-11-02 14:44:00,NMDC,139.35,139.45,139.25,139.25,12856,0
2016-11-02 14:45:00,NMDC,139.3,139.35,139.2,139.25,13191,0
2016-11-02 14:46:00,NMDC,139.25,139.55,139.15,139.35,30218,0
2016-11-02 14:47:00,NMDC,139.45,139.45,139.25,139.25,17459,0
2016-11-02 14:48:00,NMDC,139.25,139.35,139.25,139.25,13354,0
2016-11-02 14:49:00,NMDC,139.2,139.25,139.05,139.1,6117,0
2016-11-02 14:50:00,NMDC,139.05,139.25,139.0,139.1,21676,0
2016-11-02 14:51:00,NMDC,139.05,139.1,139.0,139.0,13509,0
2016-11-02 14:52:00,NMDC,138.9,139.1,138.9,139.0,7407,0
2016-11-02 14:53:00,NMDC,139.0,139.15,139.0,139.1,7442,0
2016-11-02 14:54:00,NMDC,139.05,139.15,139.05,139.15,3557,0
2016-11-02 14:55:00,NMDC,139.05,139.15,139.05,139.05,9560,0
2016-11-02 14:56:00,NMDC,139.05,139.15,138.95,139.0,9599,0
2016-11-02 14:57:00,NMDC,139.05,139.05,138.9,138.9,14835,0
2016-11-02 14:58:00,NMDC,138.85,139.0,138.8,139.0,8332,0
2016-11-02 14:59:00,NMDC,139.0,139.0,138.6,138.6,31698,0
2016-11-02 15:00:00,NMDC,138.7,138.7,138.5,138.6,26266,0
2016-11-02 15:01:00,NMDC,138.55,138.75,138.3,138.35,41314,0
2016-11-02 15:02:00,NMDC,138.25,138.35,138.0,138.25,27777,0
2016-11-02 15:03:00,NMDC,138.25,138.4,138.1,138.3,36148,0
2016-11-02 15:04:00,NMDC,138.35,138.8,138.3,138.45,36252,0
2016-11-02 15:05:00,NMDC,138.45,138.75,138.45,138.5,29656,0
2016-11-02 15:06:00,NMDC,138.5,138.7,138.5,138.7,8423,0
2016-11-02 15:07:00,NMDC,138.7,138.75,138.6,138.65,11286,0
2016-11-02 15:08:00,NMDC,138.55,138.65,138.45,138.5,9792,0
2016-11-02 15:09:00,NMDC,138.4,138.5,138.2,138.25,19889,0
2016-11-02 15:10:00,NMDC,138.25,138.35,138.2,138.3,15669,0
2016-11-02 15:11:00,NMDC,138.25,138.4,138.25,138.3,14171,0
2016-11-02 15:12:00,NMDC,138.35,138.4,138.3,138.35,31842,0
2016-11-02 15:13:00,NMDC,138.3,138.35,138.05,138.1,34012,0
2016-11-02 15:14:00,NMDC,138.05,138.25,138.0,138.25,32810,0
2016-11-02 15:15:00,NMDC,138.2,138.3,138.05,138.2,47783,0
2016-11-02 15:16:00,NMDC,138.25,138.3,138.0,138.15,41882,0
2016-11-02 15:17:00,NMDC,138.05,138.3,138.05,138.25,24439,0
2016-11-02 15:18:00,NMDC,138.15,138.25,138.1,138.15,31869,0
2016-11-02 15:19:00,NMDC,138.1,138.35,138.1,138.3,34630,0
2016-11-02 15:20:00,NMDC,138.3,138.7,138.3,138.6,43921,0
2016-11-02 15:21:00,NMDC,138.55,138.55,138.15,138.25,36378,0
2016-11-02 15:22:00,NMDC,138.35,138.35,138.1,138.2,16827,0
2016-11-02 15:23:00,NMDC,138.2,138.25,138.1,138.25,34910,0
2016-11-02 15:24:00,NMDC,138.15,138.5,138.15,138.2,46061,0
2016-11-02 15:25:00,NMDC,138.15,138.15,138.05,138.1,13015,0
2016-11-02 15:26:00,NMDC,138.05,138.1,138.0,138.1,30300,0
2016-11-02 15:27:00,NMDC,138.05,138.2,138.05,138.1,32853,0
2016-11-02 15:28:00,NMDC,138.15,138.25,138.0,138.2,37484,0
2016-11-02 15:29:00,NMDC,138.15,138.25,138.0,138.0,24009,0
2016-11-02 15:30:00,NMDC,138.05,138.2,138.0,138.0,18294,0
2016-11-02 15:41:00,NMDC,138.25,138.25,138.0,138.25,1250,0
2016-11-02 15:43:00,NMDC,138.25,138.25,138.25,138.25,2050,0
2016-11-02 15:45:00,NMDC,138.25,138.25,138.25,138.25,300,0
2016-11-02 15:46:00,NMDC,138.25,138.25,138.25,138.25,1250,0
2016-11-02 15:47:00,NMDC,138.25,138.25,138.25,138.25,10,0
2016-11-02 15:49:00,NMDC,138.25,138.25,138.25,138.25,500,0
2016-11-02 15:53:00,NMDC,138.25,138.25,138.25,138.25,163,0
2016-11-02 15:58:00,NMDC,138.25,138.25,138.25,138.25,5,0
2016-11-02 16:36:00,NMDC,138.25,138.25,138.25,138.25,1,0
2016-11-03 09:08:00,NMDC,136.0,136.0,136.0,136.0,8918,0
2016-11-03 09:16:00,NMDC,135.95,136.65,135.1,135.85,68857,0
2016-11-03 09:17:00,NMDC,135.8,136.1,135.8,136.1,56709,0
2016-11-03 09:18:00,NMDC,136.05,136.5,135.95,136.5,34614,0
2016-11-03 09:19:00,NMDC,136.6,137.15,136.55,137.0,42925,0
2016-11-03 09:20:00,NMDC,137.05,137.35,137.0,137.2,41203,0
2016-11-03 09:21:00,NMDC,137.3,137.45,137.05,137.1,32237,0
2016-11-03 09:22:00,NMDC,137.2,137.2,136.95,137.0,48107,0
2016-11-03 09:23:00,NMDC,137.05,137.6,137.0,137.6,25331,0
2016-11-03 09:24:00,NMDC,137.6,137.75,137.25,137.5,26497,0
2016-11-03 09:25:00,NMDC,137.5,137.75,137.45,137.55,21639,0
2016-11-03 09:26:00,NMDC,137.55,137.55,137.55,137.55,2736,0
2016-11-03 09:28:00,NMDC,137.55,137.6,136.8,137.35,66393,0
2016-11-03 09:29:00,NMDC,137.35,137.45,137.15,137.15,24572,0
2016-11-03 09:30:00,NMDC,137.2,137.5,137.2,137.45,16786,0
2016-11-03 09:31:00,NMDC,137.35,137.55,137.35,137.5,17288,0
2016-11-03 09:32:00,NMDC,137.4,137.5,137.3,137.4,16997,0
2016-11-03 09:33:00,NMDC,137.45,137.45,137.2,137.2,20081,0
2016-11-03 09:34:00,NMDC,137.25,137.55,137.2,137.35,21764,0
2016-11-03 09:35:00,NMDC,137.35,137.55,137.35,137.45,15041,0
2016-11-03 09:36:00,NMDC,137.55,138.0,137.5,137.9,50703,0
2016-11-03 09:37:00,NMDC,137.9,138.2,137.8,138.1,39891,0
2016-11-03 09:38:00,NMDC,138.15,138.3,138.05,138.3,36088,0
2016-11-03 09:39:00,NMDC,138.15,138.85,138.15,138.35,42903,0
2016-11-03 09:40:00,NMDC,138.4,138.75,138.35,138.7,22950,0
2016-11-03 09:41:00,NMDC,138.65,139.2,138.65,139.05,93252,0
2016-11-03 09:42:00,NMDC,139.05,139.2,138.7,138.7,45358,0
2016-11-03 09:43:00,NMDC,138.65,138.7,138.5,138.6,41572,0
2016-11-03 09:44:00,NMDC,138.7,138.8,138.25,138.3,20655,0
2016-11-03 09:45:00,NMDC,138.3,138.35,138.05,138.15,20139,0
2016-11-03 09:46:00,NMDC,138.15,138.25,138.1,138.25,11501,0
2016-11-03 09:47:00,NMDC,138.2,138.6,138.15,138.5,15416,0
2016-11-03 09:48:00,NMDC,138.5,138.85,138.5,138.7,19059,0
2016-11-03 09:49:00,NMDC,138.7,138.9,138.6,138.7,29314,0
2016-11-03 09:50:00,NMDC,138.75,138.85,138.75,138.75,11927,0
2016-11-03 09:51:00,NMDC,138.85,138.85,138.7,138.7,13224,0
2016-11-03 09:52:00,NMDC,138.8,138.85,138.65,138.65,11436,0
2016-11-03 09:53:00,NMDC,138.7,138.75,138.55,138.55,7483,0
2016-11-03 09:54:00,NMDC,138.7,138.7,138.45,138.5,6741,0
2016-11-03 09:55:00,NMDC,138.6,138.7,138.5,138.55,11801,0
2016-11-03 09:56:00,NMDC,138.65,138.65,138.45,138.5,7428,0
2016-11-03 09:57:00,NMDC,138.55,138.6,138.35,138.4,9405,0
2016-11-03 09:58:00,NMDC,138.4,138.5,138.35,138.5,9558,0
2016-11-03 09:59:00,NMDC,138.6,138.6,138.45,138.6,11840,0
2016-11-03 10:00:00,NMDC,138.6,138.6,138.45,138.55,1795,0
2016-11-03 10:01:00,NMDC,138.6,138.65,138.5,138.5,4942,0
2016-11-03 10:02:00,NMDC,138.65,138.65,138.5,138.65,8240,0
2016-11-03 10:03:00,NMDC,138.65,138.7,138.55,138.65,4921,0
2016-11-03 10:04:00,NMDC,138.7,138.7,138.6,138.65,3414,0
2016-11-03 10:05:00,NMDC,138.65,138.7,138.6,138.6,7561,0
2016-11-03 10:06:00,NMDC,138.65,139.25,138.55,139.1,105928,0
2016-11-03 10:07:00,NMDC,139.0,139.25,138.95,139.2,54207,0
2016-11-03 10:08:00,NMDC,139.25,139.45,139.2,139.35,69590,0
2016-11-03 10:09:00,NMDC,139.45,139.65,139.3,139.45,48379,0
2016-11-03 10:10:00,NMDC,139.4,139.4,139.05,139.2,15156,0
2016-11-03 10:11:00,NMDC,139.2,139.2,139.0,139.1,17704,0
2016-11-03 10:12:00,NMDC,139.1,139.1,138.95,139.1,43232,0
2016-11-03 10:13:00,NMDC,139.05,139.1,138.8,138.8,11640,0
2016-11-03 10:14:00,NMDC,138.95,138.95,138.75,138.85,6849,0
2016-11-03 10:15:00,NMDC,138.9,139.0,138.8,139.0,19403,0
2016-11-03 10:16:00,NMDC,138.85,139.0,138.8,139.0,5435,0
2016-11-03 10:17:00,NMDC,139.1,139.25,138.95,139.15,5632,0
2016-11-03 10:18:00,NMDC,139.25,139.25,139.1,139.15,15045,0
2016-11-03 10:19:00,NMDC,139.25,139.25,139.0,139.0,8385,0
2016-11-03 10:20:00,NMDC,139.0,139.1,138.9,139.0,12920,0
2016-11-03 10:21:00,NMDC,139.05,139.1,138.85,139.05,13343,0
2016-11-03 10:22:00,NMDC,139.1,139.15,138.95,139.05,7478,0
2016-11-03 10:23:00,NMDC,139.05,139.15,139.0,139.05,4478,0
2016-11-03 10:24:00,NMDC,139.15,139.15,139.0,139.0,3740,0
2016-11-03 10:25:00,NMDC,139.0,139.1,138.95,139.0,6913,0
2016-11-03 10:26:00,NMDC,139.05,139.1,139.0,139.05,3789,0
2016-11-03 10:27:00,NMDC,139.05,139.1,138.95,138.95,2761,0
2016-11-03 10:28:00,NMDC,139.0,139.0,138.65,138.75,10875,0
2016-11-03 10:29:00,NMDC,138.75,138.75,138.5,138.6,12235,0
2016-11-03 10:30:00,NMDC,138.6,138.7,138.5,138.7,6897,0
2016-11-03 10:31:00,NMDC,138.65,138.8,138.5,138.7,12150,0
2016-11-03 10:32:00,NMDC,138.8,138.95,138.8,138.95,3642,0
2016-11-03 10:33:00,NMDC,139.0,139.1,138.9,138.95,5429,0
2016-11-03 10:34:00,NMDC,139.0,139.0,138.9,139.0,2869,0
2016-11-03 10:35:00,NMDC,139.0,139.05,138.95,139.0,3136,0
2016-11-03 10:36:00,NMDC,139.05,139.05,138.9,138.9,2893,0
2016-11-03 10:37:00,NMDC,139.0,139.05,138.9,138.95,4729,0
2016-11-03 10:38:00,NMDC,139.1,139.1,138.9,139.05,4370,0
2016-11-03 10:39:00,NMDC,139.05,139.05,138.9,139.0,8289,0
2016-11-03 10:40:00,NMDC,139.0,139.0,138.8,138.8,11772,0
2016-11-03 10:41:00,NMDC,138.95,138.95,138.75,138.75,5230,0
2016-11-03 10:42:00,NMDC,138.85,138.85,138.7,138.75,6345,0
2016-11-03 10:43:00,NMDC,138.8,138.8,138.65,138.65,1735,0
2016-11-03 10:44:00,NMDC,138.75,138.75,138.6,138.65,6724,0
2016-11-03 10:45:00,NMDC,138.7,138.7,138.55,138.7,5310,0
2016-11-03 10:46:00,NMDC,138.7,138.7,138.6,138.6,4891,0
2016-11-03 10:47:00,NMDC,138.7,138.7,138.55,138.55,4403,0
2016-11-03 10:48:00,NMDC,138.55,138.65,138.55,138.55,9528,0
2016-11-03 10:49:00,NMDC,138.6,138.65,138.55,138.6,8677,0
2016-11-03 10:50:00,NMDC,138.6,138.6,137.85,138.05,50989,0
2016-11-03 10:51:00,NMDC,138.0,138.15,137.9,138.05,14461,0
2016-11-03 10:52:00,NMDC,138.0,138.2,137.95,138.05,14890,0
2016-11-03 10:53:00,NMDC,138.05,138.1,138.0,138.0,1785,0
2016-11-03 10:54:00,NMDC,138.0,138.05,137.95,137.95,21909,0
2016-11-03 10:55:00,NMDC,137.95,138.0,137.85,138.0,16909,0
2016-11-03 10:56:00,NMDC,138.1,138.1,137.9,137.95,4986,0
2016-11-03 10:57:00,NMDC,137.95,137.95,137.8,137.8,9772,0
2016-11-03 10:58:00,NMDC,137.65,137.75,137.55,137.75,12816,0
2016-11-03 10:59:00,NMDC,137.8,137.85,137.7,137.75,14250,0
2016-11-03 11:00:00,NMDC,137.7,137.7,137.3,137.4,37351,0
2016-11-03 11:01:00,NMDC,137.25,137.3,137.05,137.15,36599,0
2016-11-03 11:02:00,NMDC,137.2,137.2,136.65,136.9,55494,0
2016-11-03 11:03:00,NMDC,136.9,137.0,136.8,136.9,18147,0
2016-11-03 11:04:00,NMDC,137.0,137.45,136.9,137.3,22732,0
2016-11-03 11:05:00,NMDC,137.3,137.3,137.15,137.2,4809,0
2016-11-03 11:06:00,NMDC,137.2,137.3,137.1,137.15,10417,0
2016-11-03 11:07:00,NMDC,137.2,137.3,137.15,137.3,9051,0
2016-11-03 11:08:00,NMDC,137.3,137.35,137.2,137.3,10578,0
2016-11-03 11:09:00,NMDC,137.3,137.35,137.2,137.3,7940,0
2016-11-03 11:10:00,NMDC,137.35,137.35,136.9,137.2,25485,0
2016-11-03 11:11:00,NMDC,137.35,137.45,136.95,136.95,28808,0
2016-11-03 11:12:00,NMDC,137.1,137.15,136.9,136.95,39008,0
2016-11-03 11:13:00,NMDC,137.0,137.2,136.95,137.1,9159,0
2016-11-03 11:14:00,NMDC,137.15,137.2,137.05,137.1,6374,0
2016-11-03 11:15:00,NMDC,137.2,137.2,136.95,137.0,9509,0
2016-11-03 11:16:00,NMDC,137.05,137.15,137.0,137.05,16158,0
2016-11-03 11:17:00,NMDC,137.05,137.1,136.95,137.05,6278,0
2016-11-03 11:18:00,NMDC,137.1,137.1,137.0,137.0,3399,0
2016-11-03 11:19:00,NMDC,137.05,137.15,137.0,137.05,8576,0
2016-11-03 11:20:00,NMDC,137.2,137.2,136.85,136.85,16518,0
2016-11-03 11:21:00,NMDC,136.9,136.9,136.65,136.7,15074,0
2016-11-03 11:22:00,NMDC,136.8,136.9,136.7,136.75,10064,0
2016-11-03 11:23:00,NMDC,136.9,136.9,136.75,136.8,7246,0
2016-11-03 11:24:00,NMDC,136.8,136.9,136.6,136.7,15873,0
2016-11-03 11:25:00,NMDC,136.7,136.75,136.6,136.6,10004,0
2016-11-03 11:26:00,NMDC,136.6,136.8,136.6,136.7,5853,0
2016-11-03 11:27:00,NMDC,136.85,136.85,136.65,136.8,5571,0
2016-11-03 11:28:00,NMDC,136.8,136.8,136.55,136.55,17671,0
2016-11-03 11:29:00,NMDC,136.6,136.6,136.1,136.15,39200,0
2016-11-03 11:30:00,NMDC,136.1,136.25,135.85,136.0,49671,0
2016-11-03 11:31:00,NMDC,136.0,136.35,135.9,136.3,24570,0
2016-11-03 11:32:00,NMDC,136.4,136.4,136.15,136.15,8374,0
2016-11-03 11:33:00,NMDC,136.2,136.2,135.9,135.95,16051,0
2016-11-03 11:34:00,NMDC,136.0,136.0,135.7,135.75,15499,0
2016-11-03 11:35:00,NMDC,135.6,135.7,135.15,135.2,38464,0
2016-11-03 11:36:00,NMDC,135.15,135.25,134.6,134.7,141264,0
2016-11-03 11:37:00,NMDC,134.75,134.8,134.55,134.65,48186,0
2016-11-03 11:38:00,NMDC,134.7,134.85,134.6,134.7,24173,0
2016-11-03 11:39:00,NMDC,134.65,134.75,134.6,134.75,38526,0
2016-11-03 11:40:00,NMDC,134.85,134.9,134.65,134.85,24319,0
2016-11-03 11:41:00,NMDC,134.85,134.9,134.55,134.7,27058,0
2016-11-03 11:42:00,NMDC,134.7,134.8,134.6,134.6,10811,0
2016-11-03 11:43:00,NMDC,134.7,134.75,134.55,134.75,14187,0
2016-11-03 11:44:00,NMDC,134.7,134.95,134.7,134.95,30645,0
2016-11-03 11:45:00,NMDC,134.95,135.4,134.95,135.4,30841,0
2016-11-03 11:46:00,NMDC,135.35,135.45,135.2,135.3,25020,0
2016-11-03 11:47:00,NMDC,135.35,135.4,135.25,135.25,12499,0
2016-11-03 11:48:00,NMDC,135.3,135.45,135.3,135.4,8221,0
2016-11-03 11:49:00,NMDC,135.45,135.45,135.3,135.4,8948,0
2016-11-03 11:50:00,NMDC,135.4,135.4,135.15,135.15,11070,0
2016-11-03 11:51:00,NMDC,135.3,135.35,135.15,135.2,11222,0
2016-11-03 11:52:00,NMDC,135.3,135.3,135.1,135.1,9273,0
2016-11-03 11:53:00,NMDC,135.2,135.2,135.05,135.05,14134,0
2016-11-03 11:54:00,NMDC,135.15,135.15,135.0,135.0,13424,0
2016-11-03 11:55:00,NMDC,135.1,135.15,134.9,134.9,6623,0
2016-11-03 11:56:00,NMDC,134.9,135.1,134.85,135.1,11973,0
2016-11-03 11:57:00,NMDC,135.1,135.45,135.0,135.45,13976,0
2016-11-03 11:58:00,NMDC,135.5,135.65,135.4,135.4,49790,0
2016-11-03 11:59:00,NMDC,135.4,135.6,135.4,135.45,21250,0
2016-11-03 12:00:00,NMDC,135.6,135.6,135.5,135.6,2335,0
2016-11-03 12:01:00,NMDC,135.55,135.6,135.5,135.55,6814,0
2016-11-03 12:02:00,NMDC,135.65,135.7,135.55,135.7,10620,0
2016-11-03 12:03:00,NMDC,135.75,135.9,135.7,135.75,12331,0
2016-11-03 12:04:00,NMDC,135.85,135.95,135.75,135.95,6059,0
2016-11-03 12:05:00,NMDC,135.95,136.1,135.85,136.0,12809,0
2016-11-03 12:06:00,NMDC,136.0,136.0,135.75,135.8,12807,0
2016-11-03 12:07:00,NMDC,135.8,135.9,135.75,135.75,9333,0
2016-11-03 12:08:00,NMDC,135.8,135.8,135.65,135.7,6439,0
2016-11-03 12:09:00,NMDC,135.7,135.75,135.65,135.75,8137,0
2016-11-03 12:10:00,NMDC,135.75,135.75,135.65,135.75,6076,0
2016-11-03 12:11:00,NMDC,135.85,135.85,135.75,135.8,4074,0
2016-11-03 12:12:00,NMDC,135.8,135.8,135.6,135.6,8045,0
2016-11-03 12:13:00,NMDC,135.65,135.65,135.5,135.5,3430,0
2016-11-03 12:14:00,NMDC,135.55,135.55,135.15,135.15,27050,0
2016-11-03 12:15:00,NMDC,135.2,135.35,135.05,135.3,15684,0
2016-11-03 12:16:00,NMDC,135.3,135.35,135.15,135.15,8198,0
2016-11-03 12:17:00,NMDC,135.15,135.15,134.85,135.1,20119,0
2016-11-03 12:18:00,NMDC,135.1,135.15,134.95,135.0,4871,0
2016-11-03 12:19:00,NMDC,135.05,135.05,134.9,135.0,28915,0
2016-11-03 12:20:00,NMDC,135.0,135.0,134.85,135.0,31930,0
2016-11-03 12:21:00,NMDC,134.9,135.0,134.9,135.0,35436,0
2016-11-03 12:22:00,NMDC,134.95,135.15,134.9,134.95,12413,0
2016-11-03 12:23:00,NMDC,134.9,135.05,134.9,135.0,14774,0
2016-11-03 12:24:00,NMDC,135.1,135.15,135.0,135.1,3599,0
2016-11-03 12:25:00,NMDC,135.2,135.35,135.15,135.35,7799,0
2016-11-03 12:26:00,NMDC,135.35,135.35,135.15,135.35,15988,0
2016-11-03 12:27:00,NMDC,135.2,135.4,135.2,135.25,935,0
2016-11-03 12:28:00,NMDC,135.4,135.4,135.25,135.4,1499,0
2016-11-03 12:29:00,NMDC,135.4,135.4,135.3,135.35,2967,0
2016-11-03 12:30:00,NMDC,135.4,135.4,135.25,135.25,39192,0
2016-11-03 12:31:00,NMDC,135.25,135.25,134.9,134.95,10555,0
2016-11-03 12:32:00,NMDC,134.95,135.0,134.6,134.85,26457,0
2016-11-03 12:33:00,NMDC,134.85,134.95,134.8,134.9,6945,0
2016-11-03 12:34:00,NMDC,134.95,135.0,134.9,135.0,15691,0
2016-11-03 12:35:00,NMDC,135.0,135.15,134.95,135.1,18738,0
2016-11-03 12:36:00,NMDC,135.15,135.25,135.15,135.15,5293,0
2016-11-03 12:37:00,NMDC,135.2,135.25,135.15,135.15,7332,0
2016-11-03 12:38:00,NMDC,135.15,135.2,135.1,135.1,3110,0
2016-11-03 12:39:00,NMDC,135.15,135.2,135.1,135.1,6713,0
2016-11-03 12:40:00,NMDC,135.1,135.2,135.1,135.15,4261,0
2016-11-03 12:41:00,NMDC,135.2,135.25,135.15,135.25,2714,0
2016-11-03 12:42:00,NMDC,135.25,135.25,135.15,135.15,10525,0
2016-11-03 12:43:00,NMDC,135.15,135.35,135.15,135.25,5341,0
2016-11-03 12:44:00,NMDC,135.25,135.25,135.15,135.2,1709,0
2016-11-03 12:45:00,NMDC,135.2,135.25,135.15,135.2,3211,0
2016-11-03 12:46:00,NMDC,135.2,135.3,135.2,135.2,1633,0
2016-11-03 12:47:00,NMDC,135.3,135.3,135.1,135.1,1734,0
2016-11-03 12:48:00,NMDC,135.25,135.3,135.15,135.15,4009,0
2016-11-03 12:49:00,NMDC,135.3,135.3,135.05,135.15,10075,0
2016-11-03 12:50:00,NMDC,135.2,135.2,135.1,135.1,3500,0
2016-11-03 12:51:00,NMDC,135.15,135.25,135.1,135.25,2729,0
2016-11-03 12:52:00,NMDC,135.25,135.25,135.1,135.15,1038,0
2016-11-03 12:53:00,NMDC,135.2,135.2,135.05,135.05,3327,0
2016-11-03 12:54:00,NMDC,135.05,135.05,134.95,135.05,11771,0
2016-11-03 12:55:00,NMDC,135.15,135.15,135.0,135.15,4923,0
2016-11-03 12:56:00,NMDC,135.2,135.2,135.0,135.05,2185,0
2016-11-03 12:57:00,NMDC,135.15,135.15,135.05,135.1,1009,0
2016-11-03 12:58:00,NMDC,135.1,135.1,135.05,135.1,1746,0
2016-11-03 12:59:00,NMDC,135.1,135.1,135.0,135.0,5875,0
2016-11-03 13:00:00,NMDC,135.05,135.1,135.0,135.05,3864,0
2016-11-03 13:01:00,NMDC,135.1,135.1,134.95,135.0,7859,0
2016-11-03 13:02:00,NMDC,135.0,135.0,134.95,135.0,4069,0
2016-11-03 13:03:00,NMDC,135.0,135.0,134.95,135.0,5867,0
2016-11-03 13:04:00,NMDC,135.0,135.0,134.8,134.8,13772,0
2016-11-03 13:05:00,NMDC,134.75,134.8,134.6,134.75,7598,0
2016-11-03 13:06:00,NMDC,134.7,134.8,134.7,134.8,1679,0
2016-11-03 13:07:00,NMDC,134.8,134.85,134.75,134.8,6539,0
2016-11-03 13:08:00,NMDC,134.95,134.95,134.75,134.75,6330,0
2016-11-03 13:09:00,NMDC,134.75,134.75,134.2,134.25,40516,0
2016-11-03 13:10:00,NMDC,134.4,134.4,134.1,134.1,29865,0
2016-11-03 13:11:00,NMDC,134.25,134.25,133.75,133.8,45892,0
2016-11-03 13:12:00,NMDC,133.8,134.0,133.7,133.9,20402,0
2016-11-03 13:13:00,NMDC,134.0,134.1,133.85,133.9,16330,0
2016-11-03 13:14:00,NMDC,133.85,134.05,133.8,134.05,25603,0
2016-11-03 13:15:00,NMDC,134.05,134.15,134.0,134.15,3859,0
2016-11-03 13:16:00,NMDC,134.15,134.15,133.9,134.0,8878,0
2016-11-03 13:17:00,NMDC,134.0,134.0,133.75,133.8,11994,0
2016-11-03 13:18:00,NMDC,133.8,133.9,133.2,133.25,44738,0
2016-11-03 13:19:00,NMDC,133.3,133.3,132.75,133.25,41687,0
2016-11-03 13:20:00,NMDC,133.1,133.3,133.1,133.25,19592,0
2016-11-03 13:21:00,NMDC,133.25,133.3,133.15,133.25,9985,0
2016-11-03 13:22:00,NMDC,133.3,133.8,133.25,133.6,20626,0
2016-11-03 13:23:00,NMDC,133.55,133.8,133.55,133.75,8096,0
2016-11-03 13:24:00,NMDC,133.8,133.8,133.55,133.7,15434,0
2016-11-03 13:25:00,NMDC,133.6,133.7,133.4,133.4,4986,0
2016-11-03 13:26:00,NMDC,133.45,133.7,133.35,133.5,6532,0
2016-11-03 13:27:00,NMDC,133.55,133.55,133.45,133.5,4344,0
2016-11-03 13:28:00,NMDC,133.45,133.5,133.0,133.1,16737,0
2016-11-03 13:29:00,NMDC,133.05,133.25,133.05,133.1,7366,0
2016-11-03 13:30:00,NMDC,133.15,133.5,133.1,133.4,4018,0
2016-11-03 13:31:00,NMDC,133.5,133.6,133.4,133.5,9056,0
2016-11-03 13:32:00,NMDC,133.45,133.5,133.35,133.5,22837,0
2016-11-03 13:33:00,NMDC,133.5,133.5,133.25,133.35,4704,0
2016-11-03 13:34:00,NMDC,133.4,133.5,133.4,133.4,12439,0
2016-11-03 13:35:00,NMDC,133.45,133.75,133.4,133.7,16644,0
2016-11-03 13:36:00,NMDC,133.7,134.0,133.6,133.95,19115,0
2016-11-03 13:37:00,NMDC,133.95,134.05,133.85,133.95,14086,0
2016-11-03 13:38:00,NMDC,133.95,134.0,133.85,133.9,5622,0
2016-11-03 13:39:00,NMDC,133.95,134.05,133.85,134.05,9157,0
2016-11-03 13:40:00,NMDC,134.2,134.8,134.1,134.65,22885,0
2016-11-03 13:41:00,NMDC,134.7,134.7,134.35,134.6,16583,0
2016-11-03 13:42:00,NMDC,134.6,134.7,134.45,134.5,10517,0
2016-11-03 13:43:00,NMDC,134.5,134.8,134.3,134.8,6529,0
2016-11-03 13:44:00,NMDC,134.85,135.0,134.8,134.95,26780,0
2016-11-03 13:45:00,NMDC,134.95,134.95,134.85,134.85,5708,0
2016-11-03 13:46:00,NMDC,134.95,134.95,134.75,134.85,10623,0
2016-11-03 13:47:00,NMDC,134.75,134.8,134.5,134.55,9186,0
2016-11-03 13:48:00,NMDC,134.55,134.6,134.4,134.45,8469,0
2016-11-03 13:49:00,NMDC,134.45,134.6,134.3,134.55,10504,0
2016-11-03 13:50:00,NMDC,134.65,134.7,134.5,134.55,7351,0
2016-11-03 13:51:00,NMDC,134.6,134.75,134.55,134.6,4331,0
2016-11-03 13:52:00,NMDC,134.75,134.85,134.6,134.85,6061,0
2016-11-03 13:53:00,NMDC,134.9,134.95,134.75,134.75,10080,0
2016-11-03 13:54:00,NMDC,134.9,134.9,134.7,134.7,2621,0
2016-11-03 13:55:00,NMDC,134.7,134.8,134.7,134.7,2467,0
2016-11-03 13:56:00,NMDC,134.8,134.85,134.65,134.75,3414,0
2016-11-03 13:57:00,NMDC,134.75,134.9,134.7,134.8,15666,0
2016-11-03 13:58:00,NMDC,134.9,134.95,134.8,134.8,8483,0
2016-11-03 13:59:00,NMDC,134.9,134.9,134.7,134.7,3902,0
2016-11-03 14:00:00,NMDC,134.75,134.8,134.55,134.6,7691,0
2016-11-03 14:01:00,NMDC,134.65,134.7,134.5,134.5,3009,0
2016-11-03 14:02:00,NMDC,134.6,134.6,134.45,134.45,11133,0
2016-11-03 14:03:00,NMDC,134.5,134.6,134.45,134.5,2627,0
2016-11-03 14:04:00,NMDC,134.6,134.6,134.5,134.55,4026,0
2016-11-03 14:05:00,NMDC,134.55,134.6,134.55,134.6,3481,0
2016-11-03 14:06:00,NMDC,134.6,134.7,134.6,134.65,6341,0
2016-11-03 14:07:00,NMDC,134.75,134.9,134.7,134.85,5561,0
2016-11-03 14:08:00,NMDC,134.95,134.95,134.8,134.9,4188,0
2016-11-03 14:09:00,NMDC,134.95,134.95,134.7,134.7,2043,0
2016-11-03 14:10:00,NMDC,134.85,134.9,134.65,134.65,10426,0
2016-11-03 14:11:00,NMDC,134.75,134.8,134.65,134.8,3491,0
2016-11-03 14:12:00,NMDC,134.7,134.8,134.65,134.8,3461,0
2016-11-03 14:13:00,NMDC,134.8,134.8,134.65,134.75,5332,0
2016-11-03 14:14:00,NMDC,134.75,134.8,134.6,134.8,3982,0
2016-11-03 14:15:00,NMDC,134.8,134.9,134.8,134.9,8817,0
2016-11-03 14:16:00,NMDC,134.9,134.9,134.7,134.8,2585,0
2016-11-03 14:17:00,NMDC,134.7,134.85,134.7,134.85,4137,0
2016-11-03 14:18:00,NMDC,134.7,134.9,134.7,134.8,3903,0
2016-11-03 14:19:00,NMDC,134.8,134.85,134.7,134.75,4053,0
2016-11-03 14:20:00,NMDC,134.8,135.0,134.75,134.95,12620,0
2016-11-03 14:21:00,NMDC,135.05,135.5,135.05,135.2,32614,0
2016-11-03 14:22:00,NMDC,135.2,135.4,135.05,135.3,11946,0
2016-11-03 14:23:00,NMDC,135.3,135.45,135.25,135.45,4380,0
2016-11-03 14:24:00,NMDC,135.35,135.4,135.2,135.25,5666,0
2016-11-03 14:25:00,NMDC,135.2,135.4,135.15,135.4,11205,0
2016-11-03 14:26:00,NMDC,135.35,135.35,135.15,135.15,5356,0
2016-11-03 14:27:00,NMDC,135.2,135.3,135.2,135.3,7093,0
2016-11-03 14:28:00,NMDC,135.3,135.3,135.1,135.1,5515,0
2016-11-03 14:29:00,NMDC,135.1,135.25,134.9,135.1,6208,0
2016-11-03 14:30:00,NMDC,135.15,135.2,135.05,135.05,3979,0
2016-11-03 14:31:00,NMDC,135.1,135.25,135.05,135.2,5056,0
2016-11-03 14:32:00,NMDC,135.25,135.25,135.05,135.25,4203,0
2016-11-03 14:33:00,NMDC,135.25,135.3,135.0,135.0,12758,0
2016-11-03 14:34:00,NMDC,134.9,134.9,134.25,134.35,5889,0
2016-11-03 14:35:00,NMDC,134.45,134.55,134.35,134.4,10986,0
2016-11-03 14:36:00,NMDC,134.5,134.8,134.35,134.8,5374,0
2016-11-03 14:37:00,NMDC,134.85,134.95,134.75,134.9,9743,0
2016-11-03 14:38:00,NMDC,134.95,134.95,134.8,134.8,1831,0
2016-11-03 14:39:00,NMDC,134.9,134.9,134.55,134.55,2237,0
2016-11-03 14:40:00,NMDC,134.7,134.7,134.55,134.65,1590,0
2016-11-03 14:41:00,NMDC,134.55,134.7,134.55,134.7,1987,0
2016-11-03 14:42:00,NMDC,134.75,134.75,134.6,134.7,4509,0
2016-11-03 14:43:00,NMDC,134.8,134.9,134.7,134.85,8584,0
2016-11-03 14:44:00,NMDC,134.95,134.95,134.8,134.85,5962,0
2016-11-03 14:45:00,NMDC,134.9,134.9,134.8,134.9,2151,0
2016-11-03 14:46:00,NMDC,134.9,134.9,134.8,134.9,3453,0
2016-11-03 14:47:00,NMDC,134.95,134.95,134.8,134.9,3821,0
2016-11-03 14:48:00,NMDC,134.8,134.8,134.7,134.7,11065,0
2016-11-03 14:49:00,NMDC,134.8,134.8,134.65,134.75,1612,0
2016-11-03 14:50:00,NMDC,134.75,134.75,134.65,134.65,1573,0
2016-11-03 14:51:00,NMDC,134.75,134.8,134.6,134.8,13328,0
2016-11-03 14:52:00,NMDC,134.8,134.8,134.6,134.65,18946,0
2016-11-03 14:53:00,NMDC,134.65,134.65,134.15,134.25,9810,0
2016-11-03 14:54:00,NMDC,134.25,134.5,134.25,134.25,14960,0
2016-11-03 14:55:00,NMDC,134.25,134.25,134.1,134.25,3152,0
2016-11-03 14:56:00,NMDC,134.3,134.5,134.25,134.45,4314,0
2016-11-03 14:57:00,NMDC,134.55,134.55,134.35,134.45,8709,0
2016-11-03 14:58:00,NMDC,134.55,134.55,134.45,134.55,1552,0
2016-11-03 14:59:00,NMDC,134.55,134.55,134.4,134.4,6611,0
2016-11-03 15:00:00,NMDC,134.45,134.45,134.25,134.3,4613,0
2016-11-03 15:01:00,NMDC,134.4,134.4,133.9,133.9,23582,0
2016-11-03 15:02:00,NMDC,133.9,133.9,133.6,133.75,37476,0
2016-11-03 15:03:00,NMDC,133.75,133.8,133.6,133.7,6400,0
2016-11-03 15:04:00,NMDC,133.8,133.8,133.45,133.55,19810,0
2016-11-03 15:05:00,NMDC,133.5,133.95,133.5,133.9,32651,0
2016-11-03 15:06:00,NMDC,133.8,133.85,133.5,133.6,12629,0
2016-11-03 15:07:00,NMDC,133.6,133.6,133.45,133.45,6118,0
2016-11-03 15:08:00,NMDC,133.55,133.55,133.4,133.45,22915,0
2016-11-03 15:09:00,NMDC,133.6,133.9,133.4,133.9,11452,0
2016-11-03 15:10:00,NMDC,133.85,134.25,133.75,134.15,25787,0
2016-11-03 15:11:00,NMDC,134.3,134.3,133.8,134.25,40476,0
2016-11-03 15:12:00,NMDC,134.25,134.25,133.8,134.0,14932,0
2016-11-03 15:13:00,NMDC,134.0,134.0,133.7,133.8,29297,0
2016-11-03 15:14:00,NMDC,133.8,134.0,133.7,133.9,20295,0
2016-11-03 15:15:00,NMDC,134.0,134.15,133.9,134.1,23709,0
2016-11-03 15:16:00,NMDC,134.1,134.2,133.7,133.8,39123,0
2016-11-03 15:17:00,NMDC,133.75,133.8,133.5,133.6,27064,0
2016-11-03 15:18:00,NMDC,133.5,133.85,133.5,133.8,15756,0
2016-11-03 15:19:00,NMDC,133.9,134.25,133.8,134.15,27127,0
2016-11-03 15:20:00,NMDC,134.15,134.55,134.15,134.4,20383,0
2016-11-03 15:21:00,NMDC,134.45,134.85,134.35,134.5,42906,0
2016-11-03 15:22:00,NMDC,134.35,134.35,133.3,133.3,91981,0
2016-11-03 15:23:00,NMDC,133.45,133.75,133.25,133.65,52152,0
2016-11-03 15:24:00,NMDC,133.5,133.5,132.5,132.8,88903,0
2016-11-03 15:25:00,NMDC,132.8,132.95,132.4,132.5,40119,0
2016-11-03 15:26:00,NMDC,132.45,132.6,132.35,132.5,30741,0
2016-11-03 15:27:00,NMDC,132.5,132.5,132.1,132.4,37916,0
2016-11-03 15:28:00,NMDC,132.4,132.6,132.3,132.55,26837,0
2016-11-03 15:29:00,NMDC,132.55,132.75,132.5,132.75,24159,0
2016-11-03 15:30:00,NMDC,132.75,133.0,132.7,132.9,23183,0
2016-11-03 15:41:00,NMDC,133.55,133.55,133.55,133.55,1222,0
2016-11-03 15:43:00,NMDC,133.55,133.55,133.55,133.55,99,0
2016-11-03 15:44:00,NMDC,133.55,133.55,133.55,133.55,510,0
2016-11-03 15:46:00,NMDC,133.55,133.55,133.55,133.55,210,0
2016-11-03 15:49:00,NMDC,133.55,133.55,133.55,133.55,311,0
2016-11-03 15:51:00,NMDC,133.55,133.55,133.55,133.55,30,0
2016-11-03 15:52:00,NMDC,132.9,132.9,132.9,132.9,30,0
2016-11-03 15:56:00,NMDC,133.55,133.55,133.55,133.55,50,0
2016-11-03 15:57:00,NMDC,133.55,133.55,133.55,133.55,10,0
2016-11-03 15:59:00,NMDC,133.55,133.55,133.55,133.55,500,0
2016-11-03 17:11:00,NMDC,133.55,133.55,133.55,133.55,1,0
2016-11-04 09:08:00,NMDC,133.1,133.1,133.1,133.1,1585,0
2016-11-04 09:16:00,NMDC,133.35,135.0,132.15,134.4,54637,0
2016-11-04 09:17:00,NMDC,134.45,134.65,133.45,133.8,42314,0
2016-11-04 09:18:00,NMDC,133.8,134.4,133.8,134.2,24978,0
2016-11-04 09:19:00,NMDC,134.25,134.3,133.55,133.55,51493,0
2016-11-04 09:20:00,NMDC,133.7,133.7,132.6,132.9,40932,0
2016-11-04 09:21:00,NMDC,132.65,132.85,132.25,132.35,42722,0
2016-11-04 09:22:00,NMDC,132.25,132.6,132.0,132.45,54864,0
2016-11-04 09:23:00,NMDC,132.4,132.65,132.3,132.5,11950,0
2016-11-04 09:24:00,NMDC,132.5,133.4,132.5,132.85,20503,0
2016-11-04 09:25:00,NMDC,132.7,133.0,132.65,132.9,5594,0
2016-11-04 09:26:00,NMDC,132.85,133.0,132.6,132.8,20511,0
2016-11-04 09:27:00,NMDC,132.9,133.35,132.9,133.0,98034,0
2016-11-04 09:28:00,NMDC,133.1,133.5,133.1,133.3,61837,0
2016-11-04 09:29:00,NMDC,133.4,133.4,133.05,133.05,27041,0
2016-11-04 09:30:00,NMDC,133.15,133.25,133.05,133.25,10839,0
2016-11-04 09:31:00,NMDC,133.15,133.45,133.15,133.3,28162,0
2016-11-04 09:32:00,NMDC,133.3,133.35,133.1,133.25,14524,0
2016-11-04 09:33:00,NMDC,133.15,133.4,133.15,133.35,9285,0
2016-11-04 09:34:00,NMDC,133.35,133.6,133.35,133.55,21311,0
2016-11-04 09:35:00,NMDC,133.6,133.65,133.3,133.4,16650,0
2016-11-04 09:36:00,NMDC,133.45,133.5,133.35,133.5,3364,0
2016-11-04 09:37:00,NMDC,133.45,133.45,133.1,133.25,40171,0
2016-11-04 09:38:00,NMDC,133.3,133.3,133.05,133.05,10107,0
2016-11-04 09:39:00,NMDC,133.05,133.05,132.7,132.75,21832,0
2016-11-04 09:40:00,NMDC,132.75,132.9,132.7,132.85,14211,0
2016-11-04 09:41:00,NMDC,133.0,133.0,132.6,132.6,12093,0
2016-11-04 09:42:00,NMDC,132.7,132.7,131.9,131.95,52899,0
2016-11-04 09:43:00,NMDC,131.9,131.9,130.65,130.7,75111,0
2016-11-04 09:44:00,NMDC,130.6,131.35,130.55,131.35,38259,0
2016-11-04 09:45:00,NMDC,131.2,131.45,131.1,131.3,16953,0
2016-11-04 09:46:00,NMDC,131.3,131.45,130.95,130.95,26920,0
2016-11-04 09:47:00,NMDC,130.95,131.0,130.65,130.9,31416,0
2016-11-04 09:48:00,NMDC,130.95,130.95,130.35,130.35,45393,0
2016-11-04 09:49:00,NMDC,130.3,130.35,129.9,129.9,44434,0
2016-11-04 09:50:00,NMDC,129.85,130.05,129.05,129.35,116901,0
2016-11-04 09:51:00,NMDC,129.3,129.6,129.3,129.6,28036,0
2016-11-04 09:52:00,NMDC,129.65,129.65,128.4,128.55,95883,0
2016-11-04 09:53:00,NMDC,128.55,129.0,128.25,129.0,54636,0
2016-11-04 09:54:00,NMDC,128.95,128.95,128.4,128.55,61080,0
2016-11-04 09:55:00,NMDC,128.8,128.95,128.6,128.85,40082,0
2016-11-04 09:56:00,NMDC,128.9,129.0,128.65,128.8,33294,0
2016-11-04 09:57:00,NMDC,128.8,129.1,128.8,128.8,41087,0
2016-11-04 09:58:00,NMDC,128.9,128.95,128.6,128.8,29222,0
2016-11-04 09:59:00,NMDC,128.75,128.9,128.7,128.8,10573,0
2016-11-04 10:00:00,NMDC,128.85,129.15,128.85,129.1,30957,0
2016-11-04 10:01:00,NMDC,129.05,129.35,129.0,129.25,24191,0
2016-11-04 10:02:00,NMDC,129.25,129.25,128.35,128.4,36914,0
2016-11-04 10:03:00,NMDC,128.3,128.55,128.0,128.45,34114,0
2016-11-04 10:04:00,NMDC,128.35,128.45,128.15,128.25,13206,0
2016-11-04 10:05:00,NMDC,128.3,128.65,128.25,128.5,12730,0
2016-11-04 10:06:00,NMDC,128.55,128.6,128.45,128.5,12820,0
2016-11-04 10:07:00,NMDC,128.45,128.5,128.4,128.45,6056,0
2016-11-04 10:08:00,NMDC,128.45,128.55,127.75,128.0,43818,0
2016-11-04 10:09:00,NMDC,127.9,128.1,127.8,127.8,26672,0
2016-11-04 10:10:00,NMDC,127.8,128.15,127.7,127.95,38816,0
2016-11-04 10:11:00,NMDC,127.75,127.8,127.3,127.4,38059,0
2016-11-04 10:12:00,NMDC,127.4,127.8,127.4,127.8,25945,0
2016-11-04 10:13:00,NMDC,127.8,127.9,127.7,127.8,13821,0
2016-11-04 10:14:00,NMDC,127.8,127.9,127.7,127.9,16175,0
2016-11-04 10:15:00,NMDC,127.8,128.05,127.8,128.0,12744,0
2016-11-04 10:16:00,NMDC,128.0,128.05,127.8,127.8,10369,0
2016-11-04 10:17:00,NMDC,127.9,127.95,127.75,127.8,7614,0
2016-11-04 10:18:00,NMDC,127.8,127.8,127.4,127.6,29267,0
2016-11-04 10:19:00,NMDC,127.6,127.6,127.3,127.5,20065,0
2016-11-04 10:20:00,NMDC,127.4,127.55,127.25,127.55,9287,0
2016-11-04 10:21:00,NMDC,127.5,128.0,127.5,127.55,31194,0
2016-11-04 10:22:00,NMDC,127.5,127.7,127.3,127.65,16184,0
2016-11-04 10:23:00,NMDC,127.75,127.95,127.5,127.5,18646,0
2016-11-04 10:24:00,NMDC,127.6,127.6,127.3,127.5,17627,0
2016-11-04 10:25:00,NMDC,127.5,127.6,127.45,127.55,7092,0
2016-11-04 10:26:00,NMDC,127.5,127.8,127.5,127.65,9221,0
2016-11-04 10:27:00,NMDC,127.75,127.85,127.7,127.85,12953,0
2016-11-04 10:28:00,NMDC,127.9,127.9,127.65,127.75,21337,0
2016-11-04 10:29:00,NMDC,127.65,127.7,127.6,127.65,37865,0
2016-11-04 10:30:00,NMDC,127.65,127.85,127.65,127.85,25245,0
2016-11-04 10:31:00,NMDC,127.8,127.95,127.8,127.9,21383,0
2016-11-04 10:32:00,NMDC,127.9,127.95,127.85,127.9,2947,0
2016-11-04 10:33:00,NMDC,127.85,127.95,127.85,127.85,15625,0
2016-11-04 10:34:00,NMDC,127.85,127.85,127.6,127.7,26695,0
2016-11-04 10:35:00,NMDC,127.8,127.95,127.7,127.9,3341,0
2016-11-04 10:36:00,NMDC,127.95,128.6,127.85,128.6,28213,0
2016-11-04 10:37:00,NMDC,128.7,128.95,128.55,128.55,48296,0
2016-11-04 10:38:00,NMDC,128.7,128.8,128.45,128.8,20336,0
2016-11-04 10:39:00,NMDC,128.8,128.85,128.65,128.7,17830,0
2016-11-04 10:40:00,NMDC,128.8,128.8,128.3,128.3,16051,0
2016-11-04 10:41:00,NMDC,128.35,128.4,128.1,128.1,13825,0
2016-11-04 10:42:00,NMDC,128.2,128.2,127.85,128.05,17212,0
2016-11-04 10:43:00,NMDC,127.95,128.05,127.6,127.65,14414,0
2016-11-04 10:44:00,NMDC,127.75,127.9,127.55,127.8,14128,0
2016-11-04 10:45:00,NMDC,127.8,128.1,127.75,127.75,19862,0
2016-11-04 10:46:00,NMDC,127.95,127.95,127.75,127.9,5227,0
2016-11-04 10:47:00,NMDC,127.9,127.95,127.8,127.9,3473,0
2016-11-04 10:48:00,NMDC,127.8,127.95,127.8,127.85,11462,0
2016-11-04 10:49:00,NMDC,127.8,127.8,127.65,127.75,5880,0
2016-11-04 10:50:00,NMDC,127.55,127.75,127.55,127.65,7069,0
2016-11-04 10:51:00,NMDC,127.55,127.7,127.4,127.4,15651,0
2016-11-04 10:52:00,NMDC,127.5,127.55,127.25,127.25,9215,0
2016-11-04 10:53:00,NMDC,126.7,127.3,126.6,127.1,66572,0
2016-11-04 10:54:00,NMDC,127.1,127.1,126.8,126.85,12130,0
2016-11-04 10:55:00,NMDC,126.85,127.2,126.7,127.15,19715,0
2016-11-04 10:56:00,NMDC,127.05,127.2,126.9,127.1,13289,0
2016-11-04 10:57:00,NMDC,127.2,127.2,126.8,126.8,8444,0
2016-11-04 10:58:00,NMDC,126.75,127.0,126.75,126.8,11808,0
2016-11-04 10:59:00,NMDC,126.75,126.8,126.5,126.55,21903,0
2016-11-04 11:00:00,NMDC,126.55,126.75,126.4,126.7,45598,0
2016-11-04 11:01:00,NMDC,126.75,127.0,126.75,126.85,8353,0
2016-11-04 11:02:00,NMDC,126.85,126.95,126.65,126.75,13288,0
2016-11-04 11:03:00,NMDC,126.65,126.85,126.65,126.8,6992,0
2016-11-04 11:04:00,NMDC,126.75,126.8,126.55,126.55,7402,0
2016-11-04 11:05:00,NMDC,126.45,126.9,126.45,126.8,31457,0
2016-11-04 11:06:00,NMDC,126.8,127.0,126.8,126.85,2322,0
2016-11-04 11:07:00,NMDC,126.95,127.4,126.95,127.4,13923,0
2016-11-04 11:08:00,NMDC,127.35,127.45,127.05,127.35,7929,0
2016-11-04 11:09:00,NMDC,127.4,127.4,127.2,127.2,4884,0
2016-11-04 11:10:00,NMDC,127.2,127.3,127.0,127.15,5366,0
2016-11-04 11:11:00,NMDC,127.1,127.4,127.1,127.3,9951,0
2016-11-04 11:12:00,NMDC,127.3,127.3,127.15,127.15,8392,0
2016-11-04 11:13:00,NMDC,127.05,127.15,126.75,126.85,4365,0
2016-11-04 11:14:00,NMDC,126.85,126.85,126.8,126.85,744,0
2016-11-04 11:15:00,NMDC,126.7,126.8,126.5,126.5,13670,0
2016-11-04 11:16:00,NMDC,126.5,126.6,126.5,126.5,4848,0
2016-11-04 11:17:00,NMDC,126.45,126.9,126.4,126.75,21639,0
2016-11-04 11:18:00,NMDC,126.7,126.9,126.7,126.9,3872,0
2016-11-04 11:19:00,NMDC,126.9,126.95,126.8,126.95,2830,0
2016-11-04 11:20:00,NMDC,126.8,126.95,126.5,126.85,13736,0
2016-11-04 11:21:00,NMDC,126.9,127.3,126.85,127.0,16932,0
2016-11-04 11:22:00,NMDC,127.0,127.0,126.8,126.8,7678,0
2016-11-04 11:23:00,NMDC,126.9,126.9,126.75,126.75,2964,0
2016-11-04 11:24:00,NMDC,126.75,126.8,126.65,126.65,3095,0
2016-11-04 11:25:00,NMDC,126.8,126.9,126.65,126.9,4118,0
2016-11-04 11:26:00,NMDC,126.85,126.85,126.3,126.35,13330,0
2016-11-04 11:27:00,NMDC,126.25,126.55,126.15,126.35,29285,0
2016-11-04 11:28:00,NMDC,126.35,126.4,126.25,126.25,4398,0
2016-11-04 11:29:00,NMDC,126.25,126.6,126.25,126.5,13944,0
2016-11-04 11:30:00,NMDC,126.5,126.65,126.5,126.55,2399,0
2016-11-04 11:31:00,NMDC,126.55,126.65,126.4,126.5,33102,0
2016-11-04 11:32:00,NMDC,126.5,126.65,126.2,126.25,32944,0
2016-11-04 11:33:00,NMDC,126.25,126.45,126.2,126.35,5953,0
2016-11-04 11:34:00,NMDC,126.3,126.4,126.15,126.2,10299,0
2016-11-04 11:35:00,NMDC,126.2,126.75,126.1,126.75,12536,0
2016-11-04 11:36:00,NMDC,126.75,126.75,126.25,126.65,7786,0
2016-11-04 11:37:00,NMDC,126.65,126.85,126.55,126.85,14408,0
2016-11-04 11:38:00,NMDC,126.9,127.3,126.9,127.2,23928,0
2016-11-04 11:39:00,NMDC,127.2,127.35,127.1,127.35,8914,0
2016-11-04 11:40:00,NMDC,127.3,127.6,127.3,127.6,20179,0
2016-11-04 11:41:00,NMDC,127.6,127.6,127.3,127.35,9964,0
2016-11-04 11:42:00,NMDC,127.3,127.65,127.3,127.45,34121,0
2016-11-04 11:43:00,NMDC,127.4,127.85,127.4,127.7,26003,0
2016-11-04 11:44:00,NMDC,127.8,127.8,127.6,127.65,7508,0
2016-11-04 11:45:00,NMDC,127.7,127.8,127.7,127.8,8600,0
2016-11-04 11:46:00,NMDC,127.7,128.1,127.7,127.95,29328,0
2016-11-04 11:47:00,NMDC,128.0,128.05,127.8,127.9,20772,0
2016-11-04 11:48:00,NMDC,127.9,128.0,127.8,128.0,7995,0
2016-11-04 11:49:00,NMDC,128.0,128.5,128.0,128.3,32349,0
2016-11-04 11:50:00,NMDC,128.4,128.45,127.85,128.05,18343,0
2016-11-04 11:51:00,NMDC,128.0,128.05,127.4,127.5,15310,0
2016-11-04 11:52:00,NMDC,127.45,127.8,127.4,127.8,22121,0
2016-11-04 11:53:00,NMDC,127.9,128.25,127.75,128.0,57360,0
2016-11-04 11:54:00,NMDC,128.1,128.35,128.05,128.2,19460,0
2016-11-04 11:55:00,NMDC,128.15,128.3,128.15,128.15,10749,0
2016-11-04 11:56:00,NMDC,128.2,128.25,127.75,127.75,19029,0
2016-11-04 11:57:00,NMDC,127.9,128.0,127.55,127.75,16917,0
2016-11-04 11:58:00,NMDC,127.8,127.95,127.65,127.65,4610,0
2016-11-04 11:59:00,NMDC,127.85,128.0,127.65,127.85,19982,0
2016-11-04 12:00:00,NMDC,127.9,128.0,127.8,127.95,8887,0
2016-11-04 12:01:00,NMDC,127.9,127.9,127.5,127.5,8414,0
2016-11-04 12:02:00,NMDC,127.45,127.5,127.25,127.35,18953,0
2016-11-04 12:03:00,NMDC,127.4,127.5,127.4,127.4,4207,0
2016-11-04 12:04:00,NMDC,127.5,127.55,127.2,127.45,7585,0
2016-11-04 12:05:00,NMDC,127.3,127.5,127.3,127.4,3482,0
2016-11-04 12:06:00,NMDC,127.45,127.6,127.45,127.5,2888,0
2016-11-04 12:07:00,NMDC,127.55,127.6,127.45,127.6,13317,0
2016-11-04 12:08:00,NMDC,127.5,127.75,127.45,127.75,3197,0
2016-11-04 12:09:00,NMDC,127.65,127.9,127.65,127.65,11276,0
2016-11-04 12:10:00,NMDC,127.65,127.95,127.25,127.55,19799,0
2016-11-04 12:11:00,NMDC,127.55,127.55,127.35,127.45,4220,0
2016-11-04 12:12:00,NMDC,127.4,127.6,127.35,127.55,3829,0
2016-11-04 12:13:00,NMDC,127.55,127.55,127.3,127.3,2718,0
2016-11-04 12:14:00,NMDC,127.3,127.6,127.3,127.5,4002,0
2016-11-04 12:15:00,NMDC,127.65,127.7,127.5,127.55,8282,0
2016-11-04 12:16:00,NMDC,127.7,127.9,127.6,127.8,6609,0
2016-11-04 12:17:00,NMDC,127.8,127.9,127.75,127.8,6731,0
2016-11-04 12:18:00,NMDC,127.9,127.9,127.45,127.7,5239,0
2016-11-04 12:19:00,NMDC,127.65,127.65,127.5,127.5,6130,0
2016-11-04 12:20:00,NMDC,127.55,127.65,127.45,127.45,6906,0
2016-11-04 12:21:00,NMDC,127.6,127.65,127.5,127.65,795,0
2016-11-04 12:22:00,NMDC,127.6,127.75,127.5,127.6,8944,0
2016-11-04 12:23:00,NMDC,127.75,127.8,127.55,127.6,5939,0
2016-11-04 12:24:00,NMDC,127.7,127.95,127.7,127.85,12856,0
2016-11-04 12:25:00,NMDC,127.8,127.95,127.75,127.9,9760,0
2016-11-04 12:26:00,NMDC,127.9,128.2,127.85,128.05,14976,0
2016-11-04 12:27:00,NMDC,128.2,128.2,127.95,127.95,4384,0
2016-11-04 12:28:00,NMDC,127.95,128.05,127.9,127.95,5114,0
2016-11-04 12:29:00,NMDC,127.95,128.1,127.95,128.1,3191,0
2016-11-04 12:30:00,NMDC,128.1,128.2,128.0,128.2,6113,0
2016-11-04 12:31:00,NMDC,128.2,128.65,128.1,128.65,57757,0
2016-11-04 12:32:00,NMDC,128.65,128.85,128.4,128.5,28233,0
2016-11-04 12:33:00,NMDC,128.4,128.6,128.15,128.15,21284,0
2016-11-04 12:34:00,NMDC,128.1,128.3,128.0,128.2,14818,0
2016-11-04 12:35:00,NMDC,128.3,128.45,128.25,128.45,13591,0
2016-11-04 12:36:00,NMDC,128.45,128.55,128.3,128.4,7846,0
2016-11-04 12:37:00,NMDC,128.45,128.45,128.25,128.3,4519,0
2016-11-04 12:38:00,NMDC,128.3,128.4,128.05,128.05,10515,0
2016-11-04 12:39:00,NMDC,128.05,128.1,127.6,127.75,18965,0
2016-11-04 12:40:00,NMDC,127.95,127.95,127.6,127.6,12838,0
2016-11-04 12:41:00,NMDC,127.5,127.6,127.45,127.5,12964,0
2016-11-04 12:42:00,NMDC,127.45,127.7,127.45,127.45,4872,0
2016-11-04 12:43:00,NMDC,127.45,127.6,127.45,127.6,3934,0
2016-11-04 12:44:00,NMDC,127.6,127.8,127.6,127.7,9204,0
2016-11-04 12:45:00,NMDC,127.7,127.7,127.65,127.65,890,0
2016-11-04 12:46:00,NMDC,127.7,127.75,127.55,127.55,12083,0
2016-11-04 12:47:00,NMDC,127.5,127.55,127.5,127.55,2805,0
2016-11-04 12:48:00,NMDC,127.5,127.5,127.35,127.5,8216,0
2016-11-04 12:49:00,NMDC,127.5,127.55,127.45,127.5,5905,0
2016-11-04 12:50:00,NMDC,127.5,127.55,127.45,127.55,10701,0
2016-11-04 12:51:00,NMDC,127.5,127.55,127.5,127.5,1758,0
2016-11-04 12:52:00,NMDC,127.45,127.55,127.4,127.4,7445,0
2016-11-04 12:53:00,NMDC,127.4,127.55,127.4,127.45,6588,0
2016-11-04 12:54:00,NMDC,127.45,127.5,127.4,127.45,985,0
2016-11-04 12:55:00,NMDC,127.5,127.5,127.45,127.45,5779,0
2016-11-04 12:56:00,NMDC,127.4,127.5,127.35,127.5,3599,0
2016-11-04 12:57:00,NMDC,127.45,127.55,127.4,127.5,3765,0
2016-11-04 12:58:00,NMDC,127.45,127.55,127.3,127.45,13332,0
2016-11-04 12:59:00,NMDC,127.45,127.5,127.35,127.35,6365,0
2016-11-04 13:00:00,NMDC,127.5,127.5,127.4,127.5,950,0
2016-11-04 13:01:00,NMDC,127.35,127.45,127.25,127.25,3398,0
2016-11-04 13:02:00,NMDC,127.35,127.35,127.2,127.35,4226,0
2016-11-04 13:03:00,NMDC,127.3,127.4,127.2,127.25,3244,0
2016-11-04 13:04:00,NMDC,127.25,127.25,127.1,127.25,2373,0
2016-11-04 13:05:00,NMDC,127.25,127.25,127.15,127.25,4661,0
2016-11-04 13:06:00,NMDC,127.25,127.25,127.15,127.25,1040,0
2016-11-04 13:07:00,NMDC,127.25,127.35,127.2,127.2,8681,0
2016-11-04 13:08:00,NMDC,127.3,127.3,127.25,127.25,491,0
2016-11-04 13:09:00,NMDC,127.3,127.3,127.2,127.2,10794,0
2016-11-04 13:10:00,NMDC,127.2,127.3,127.15,127.15,6107,0
2016-11-04 13:11:00,NMDC,127.15,127.3,127.15,127.3,2914,0
2016-11-04 13:12:00,NMDC,127.3,127.55,127.3,127.5,33910,0
2016-11-04 13:13:00,NMDC,127.5,127.5,127.2,127.2,11612,0
2016-11-04 13:14:00,NMDC,127.25,127.25,127.15,127.15,4731,0
2016-11-04 13:15:00,NMDC,127.3,127.3,127.2,127.2,3108,0
2016-11-04 13:16:00,NMDC,127.2,127.3,127.15,127.25,4282,0
2016-11-04 13:17:00,NMDC,127.25,127.25,127.2,127.2,700,0
2016-11-04 13:18:00,NMDC,127.2,127.3,127.15,127.3,817,0
2016-11-04 13:19:00,NMDC,127.45,127.45,127.35,127.35,370,0
2016-11-04 13:20:00,NMDC,127.4,127.4,127.2,127.2,7022,0
2016-11-04 13:21:00,NMDC,127.15,127.3,127.1,127.3,1871,0
2016-11-04 13:22:00,NMDC,127.3,127.45,127.3,127.4,859,0
2016-11-04 13:23:00,NMDC,127.45,127.5,127.3,127.35,6512,0
2016-11-04 13:24:00,NMDC,127.35,127.5,127.35,127.5,3345,0
2016-11-04 13:25:00,NMDC,127.4,127.5,127.4,127.45,16841,0
2016-11-04 13:26:00,NMDC,127.45,127.45,127.15,127.25,13366,0
2016-11-04 13:27:00,NMDC,127.15,127.35,127.15,127.35,2343,0
2016-11-04 13:28:00,NMDC,127.15,127.25,127.15,127.25,1820,0
2016-11-04 13:29:00,NMDC,127.15,127.2,127.15,127.2,2314,0
2016-11-04 13:30:00,NMDC,127.15,127.25,127.15,127.15,3404,0
2016-11-04 13:31:00,NMDC,127.15,127.15,126.55,126.75,44307,0
2016-11-04 13:32:00,NMDC,126.65,127.1,126.65,126.9,13118,0
2016-11-04 13:33:00,NMDC,127.0,127.1,127.0,127.05,1973,0
2016-11-04 13:34:00,NMDC,127.0,127.15,127.0,127.15,2076,0
2016-11-04 13:35:00,NMDC,127.15,127.25,127.0,127.0,8900,0
2016-11-04 13:36:00,NMDC,127.0,127.05,126.85,126.9,9072,0
2016-11-04 13:37:00,NMDC,126.85,127.0,126.6,126.6,34743,0
2016-11-04 13:38:00,NMDC,126.6,126.65,126.5,126.6,13320,0
2016-11-04 13:39:00,NMDC,126.55,126.8,126.55,126.8,8063,0
2016-11-04 13:40:00,NMDC,126.65,126.75,126.6,126.6,2918,0
2016-11-04 13:41:00,NMDC,126.6,126.7,126.6,126.7,1276,0
2016-11-04 13:42:00,NMDC,126.6,126.65,126.55,126.65,2563,0
2016-11-04 13:43:00,NMDC,126.55,126.65,126.55,126.65,1282,0
2016-11-04 13:44:00,NMDC,126.55,126.7,126.3,126.45,23336,0
2016-11-04 13:45:00,NMDC,126.3,126.45,126.2,126.45,7696,0
2016-11-04 13:46:00,NMDC,126.4,126.6,126.4,126.45,11636,0
2016-11-04 13:47:00,NMDC,126.3,126.55,126.25,126.5,15525,0
2016-11-04 13:48:00,NMDC,126.5,126.5,126.3,126.5,5481,0
2016-11-04 13:49:00,NMDC,126.4,126.6,126.4,126.6,1674,0
2016-11-04 13:50:00,NMDC,126.5,126.75,126.5,126.55,7912,0
2016-11-04 13:51:00,NMDC,126.55,126.95,126.55,126.65,17590,0
2016-11-04 13:52:00,NMDC,126.75,126.95,126.55,126.95,8858,0
2016-11-04 13:53:00,NMDC,126.85,127.2,126.85,127.0,19325,0
2016-11-04 13:54:00,NMDC,127.0,127.15,126.9,127.0,5897,0
2016-11-04 13:55:00,NMDC,126.9,127.0,126.9,127.0,7270,0
2016-11-04 13:56:00,NMDC,126.9,127.0,126.85,126.9,9022,0
2016-11-04 13:57:00,NMDC,126.85,126.85,126.7,126.7,7623,0
2016-11-04 13:58:00,NMDC,126.6,126.7,126.6,126.7,562,0
2016-11-04 13:59:00,NMDC,126.6,126.7,126.55,126.7,8245,0
2016-11-04 14:00:00,NMDC,126.55,126.7,126.35,126.35,8345,0
2016-11-04 14:01:00,NMDC,126.35,126.45,126.35,126.45,1627,0
2016-11-04 14:02:00,NMDC,126.4,126.45,126.2,126.25,12043,0
2016-11-04 14:03:00,NMDC,126.15,126.3,126.1,126.3,15530,0
2016-11-04 14:04:00,NMDC,126.15,126.6,126.1,126.55,12047,0
2016-11-04 14:05:00,NMDC,126.55,126.7,126.4,126.45,6253,0
2016-11-04 14:06:00,NMDC,126.35,126.5,126.35,126.5,8474,0
2016-11-04 14:07:00,NMDC,126.4,126.55,126.35,126.55,2628,0
2016-11-04 14:08:00,NMDC,126.4,126.65,126.4,126.6,4455,0
2016-11-04 14:09:00,NMDC,126.6,126.75,126.5,126.75,3840,0
2016-11-04 14:10:00,NMDC,126.55,127.0,126.55,127.0,10997,0
2016-11-04 14:11:00,NMDC,126.85,126.9,126.7,126.7,9082,0
2016-11-04 14:12:00,NMDC,126.7,126.95,126.7,126.8,10839,0
2016-11-04 14:13:00,NMDC,126.75,126.9,126.7,126.8,14088,0
2016-11-04 14:14:00,NMDC,126.7,126.9,126.7,126.9,6252,0
2016-11-04 14:15:00,NMDC,126.8,126.9,126.7,126.7,2201,0
2016-11-04 14:16:00,NMDC,126.7,126.8,126.7,126.8,2797,0
2016-11-04 14:17:00,NMDC,126.75,126.85,126.55,126.55,13708,0
2016-11-04 14:18:00,NMDC,126.55,126.6,126.5,126.55,5945,0
2016-11-04 14:19:00,NMDC,126.55,126.65,126.55,126.65,2019,0
2016-11-04 14:20:00,NMDC,126.65,127.2,126.65,127.0,19885,0
2016-11-04 14:21:00,NMDC,127.0,127.15,126.95,127.0,11748,0
2016-11-04 14:22:00,NMDC,127.0,127.15,126.75,127.1,22543,0
2016-11-04 14:23:00,NMDC,127.0,127.1,126.65,126.65,5366,0
2016-11-04 14:24:00,NMDC,126.6,127.1,126.6,127.0,8727,0
2016-11-04 14:25:00,NMDC,126.95,127.0,126.7,126.7,5039,0
2016-11-04 14:26:00,NMDC,126.7,126.95,126.7,126.8,3961,0
2016-11-04 14:27:00,NMDC,126.75,126.85,126.75,126.85,1310,0
2016-11-04 14:28:00,NMDC,126.85,126.9,126.85,126.9,680,0
2016-11-04 14:29:00,NMDC,126.75,127.15,126.75,127.15,7691,0
2016-11-04 14:30:00,NMDC,127.05,127.05,126.9,127.0,1315,0
2016-11-04 14:31:00,NMDC,126.9,127.0,126.7,126.85,11196,0
2016-11-04 14:32:00,NMDC,126.85,126.95,126.75,126.9,1280,0
2016-11-04 14:33:00,NMDC,126.85,126.85,126.7,126.75,4130,0
2016-11-04 14:34:00,NMDC,126.7,126.85,126.65,126.75,4688,0
2016-11-04 14:35:00,NMDC,126.65,126.8,126.65,126.7,2641,0
2016-11-04 14:36:00,NMDC,126.7,126.7,126.55,126.6,6046,0
2016-11-04 14:37:00,NMDC,126.5,126.6,126.4,126.55,13152,0
2016-11-04 14:38:00,NMDC,126.55,126.65,126.5,126.5,2322,0
2016-11-04 14:39:00,NMDC,126.5,126.7,126.5,126.6,2732,0
2016-11-04 14:40:00,NMDC,126.6,126.75,126.55,126.6,2258,0
2016-11-04 14:41:00,NMDC,126.55,126.95,126.55,126.9,13821,0
2016-11-04 14:42:00,NMDC,126.85,126.9,126.7,126.9,2116,0
2016-11-04 14:43:00,NMDC,126.75,127.2,126.75,127.2,11265,0
2016-11-04 14:44:00,NMDC,127.05,127.15,127.0,127.1,10393,0
2016-11-04 14:45:00,NMDC,127.05,127.15,126.9,126.95,10938,0
2016-11-04 14:46:00,NMDC,127.0,127.0,126.75,126.75,13974,0
2016-11-04 14:47:00,NMDC,126.8,126.8,126.7,126.7,5984,0
2016-11-04 14:48:00,NMDC,126.7,126.75,126.7,126.75,6709,0
2016-11-04 14:49:00,NMDC,126.7,127.0,126.7,126.95,2906,0
2016-11-04 14:50:00,NMDC,126.95,127.0,126.85,127.0,2709,0
2016-11-04 14:51:00,NMDC,126.95,127.0,126.85,126.95,7150,0
2016-11-04 14:52:00,NMDC,126.8,126.95,126.8,126.9,1412,0
2016-11-04 14:53:00,NMDC,126.85,126.95,126.85,126.85,3382,0
2016-11-04 14:54:00,NMDC,126.95,126.95,126.8,126.85,2184,0
2016-11-04 14:55:00,NMDC,126.85,126.85,126.75,126.85,9541,0
2016-11-04 14:56:00,NMDC,126.7,126.9,126.7,126.85,4490,0
2016-11-04 14:57:00,NMDC,126.85,126.9,126.75,126.75,2326,0
2016-11-04 14:58:00,NMDC,126.75,126.8,126.7,126.7,3311,0
2016-11-04 14:59:00,NMDC,126.7,126.85,126.7,126.85,5576,0
2016-11-04 15:00:00,NMDC,126.85,126.85,126.65,126.65,6980,0
2016-11-04 15:01:00,NMDC,126.75,126.85,126.7,126.85,13460,0
2016-11-04 15:02:00,NMDC,126.85,127.05,126.75,127.05,21810,0
2016-11-04 15:03:00,NMDC,127.1,127.3,127.1,127.15,7488,0
2016-11-04 15:04:00,NMDC,127.3,127.3,127.15,127.3,4436,0
2016-11-04 15:05:00,NMDC,127.4,127.4,127.3,127.3,10885,0
2016-11-04 15:06:00,NMDC,127.35,127.45,127.2,127.4,26122,0
2016-11-04 15:07:00,NMDC,127.35,127.35,127.05,127.2,22579,0
2016-11-04 15:08:00,NMDC,127.2,127.25,126.95,127.05,17607,0
2016-11-04 15:09:00,NMDC,127.15,127.2,127.0,127.2,11256,0
2016-11-04 15:10:00,NMDC,127.15,127.15,126.85,127.1,24019,0
2016-11-04 15:11:00,NMDC,126.9,127.0,126.75,126.8,21672,0
2016-11-04 15:12:00,NMDC,126.75,126.8,126.5,126.8,27901,0
2016-11-04 15:13:00,NMDC,126.6,126.8,126.55,126.55,29097,0
2016-11-04 15:14:00,NMDC,126.75,126.75,126.55,126.75,10390,0
2016-11-04 15:15:00,NMDC,126.85,126.85,126.6,126.75,14966,0
2016-11-04 15:16:00,NMDC,126.75,126.75,126.45,126.45,18930,0
2016-11-04 15:17:00,NMDC,126.5,127.1,126.4,126.75,68208,0
2016-11-04 15:18:00,NMDC,126.75,126.9,126.7,126.9,5201,0
2016-11-04 15:19:00,NMDC,126.9,127.2,126.9,127.1,23149,0
2016-11-04 15:20:00,NMDC,127.05,127.15,127.0,127.0,11178,0
2016-11-04 15:21:00,NMDC,127.0,127.1,126.85,126.85,16959,0
2016-11-04 15:22:00,NMDC,126.85,126.85,126.3,126.45,37624,0
2016-11-04 15:23:00,NMDC,126.35,126.65,126.35,126.55,25308,0
2016-11-04 15:24:00,NMDC,126.6,126.6,126.55,126.55,6649,0
2016-11-04 15:25:00,NMDC,126.55,126.75,126.5,126.7,5841,0
2016-11-04 15:26:00,NMDC,126.6,126.8,126.6,126.8,9883,0
2016-11-04 15:27:00,NMDC,126.8,126.8,126.7,126.7,7723,0
2016-11-04 15:28:00,NMDC,126.75,126.75,126.5,126.55,23051,0
2016-11-04 15:29:00,NMDC,126.55,126.8,126.35,126.35,21827,0
2016-11-04 15:30:00,NMDC,126.35,126.7,126.35,126.5,21330,0
2016-11-04 15:41:00,NMDC,126.8,126.8,126.8,126.8,2071,0
2016-11-04 15:42:00,NMDC,126.8,126.8,126.5,126.5,150,0
2016-11-04 15:44:00,NMDC,126.8,126.8,126.8,126.8,1300,0
2016-11-04 15:45:00,NMDC,126.8,126.8,126.8,126.8,116,0
2016-11-04 15:46:00,NMDC,126.8,126.8,126.8,126.8,366,0
2016-11-04 15:48:00,NMDC,126.8,126.8,126.8,126.8,100,0
2016-11-04 15:51:00,NMDC,126.8,126.8,126.8,126.8,4,0
2016-11-04 15:54:00,NMDC,126.8,126.8,126.8,126.8,88,0
2016-11-04 15:57:00,NMDC,126.5,126.5,126.5,126.5,50,0
2016-11-04 15:58:00,NMDC,126.8,126.8,126.8,126.8,58,0
2016-11-04 17:16:00,NMDC,126.8,126.8,126.8,126.8,1,0
2016-11-07 09:08:00,NMDC,129.0,129.0,129.0,129.0,4499,0
2016-11-07 09:16:00,NMDC,129.25,129.8,128.7,129.3,31932,0
2016-11-07 09:17:00,NMDC,129.25,129.35,128.85,128.85,41128,0
2016-11-07 09:18:00,NMDC,129.05,129.05,128.3,128.5,44209,0
2016-11-07 09:19:00,NMDC,128.55,128.75,128.4,128.6,24707,0
2016-11-07 09:20:00,NMDC,128.4,128.4,127.25,127.4,46579,0
2016-11-07 09:21:00,NMDC,127.45,128.35,127.45,128.35,22422,0
2016-11-07 09:22:00,NMDC,128.2,128.3,128.05,128.1,18297,0
2016-11-07 09:23:00,NMDC,128.2,128.25,128.05,128.15,5811,0
2016-11-07 09:24:00,NMDC,128.15,128.4,127.7,128.15,40858,0
2016-11-07 09:25:00,NMDC,128.1,128.4,128.1,128.4,15953,0
2016-11-07 09:26:00,NMDC,128.3,128.6,128.3,128.3,25439,0
2016-11-07 09:27:00,NMDC,128.3,128.6,128.2,128.6,9524,0
2016-11-07 09:28:00,NMDC,128.45,128.75,128.3,128.45,17525,0
2016-11-07 09:29:00,NMDC,128.35,128.7,128.35,128.6,5738,0
2016-11-07 09:30:00,NMDC,128.6,128.7,128.4,128.7,7022,0
2016-11-07 09:31:00,NMDC,128.6,128.9,128.6,128.6,29071,0
2016-11-07 09:32:00,NMDC,128.75,128.75,128.45,128.5,11201,0
2016-11-07 09:33:00,NMDC,128.45,128.6,128.4,128.5,4883,0
2016-11-07 09:34:00,NMDC,128.5,128.65,128.45,128.6,1871,0
2016-11-07 09:35:00,NMDC,128.6,128.7,128.5,128.55,4625,0
2016-11-07 09:36:00,NMDC,128.95,129.95,128.65,129.85,112613,0
2016-11-07 09:37:00,NMDC,129.9,130.6,129.9,130.5,121932,0
2016-11-07 09:38:00,NMDC,130.5,130.5,130.0,130.1,32521,0
2016-11-07 09:39:00,NMDC,130.05,130.15,129.25,129.5,101267,0
2016-11-07 09:40:00,NMDC,129.5,129.55,129.35,129.5,18698,0
2016-11-07 09:41:00,NMDC,129.35,129.35,129.2,129.3,15929,0
2016-11-07 09:42:00,NMDC,129.2,129.3,129.15,129.15,17456,0
2016-11-07 09:43:00,NMDC,129.2,129.35,129.1,129.2,19628,0
2016-11-07 09:44:00,NMDC,129.2,129.35,129.1,129.15,26751,0
2016-11-07 09:45:00,NMDC,129.15,129.3,129.1,129.15,3376,0
2016-11-07 09:46:00,NMDC,129.2,129.4,129.1,129.15,5214,0
2016-11-07 09:47:00,NMDC,129.15,129.4,129.1,129.4,12898,0
2016-11-07 09:48:00,NMDC,129.4,129.4,129.2,129.2,3519,0
2016-11-07 09:49:00,NMDC,129.35,129.6,129.25,129.3,43539,0
2016-11-07 09:50:00,NMDC,129.25,129.7,129.2,129.7,4732,0
2016-11-07 09:51:00,NMDC,129.7,129.7,129.3,129.5,22610,0
2016-11-07 09:52:00,NMDC,129.55,129.55,129.4,129.45,12985,0
2016-11-07 09:53:00,NMDC,129.45,129.45,129.3,129.35,4350,0
2016-11-07 09:54:00,NMDC,129.35,129.4,129.3,129.35,11253,0
2016-11-07 09:55:00,NMDC,129.35,129.4,129.25,129.3,18131,0
2016-11-07 09:56:00,NMDC,129.3,129.45,129.2,129.2,32898,0
2016-11-07 09:57:00,NMDC,129.35,129.35,129.2,129.2,9582,0
2016-11-07 09:58:00,NMDC,129.2,129.3,129.15,129.2,1623,0
2016-11-07 09:59:00,NMDC,129.2,129.35,129.15,129.25,4526,0
2016-11-07 10:00:00,NMDC,129.25,129.35,129.15,129.15,2467,0
2016-11-07 10:01:00,NMDC,129.2,129.3,129.15,129.2,2062,0
2016-11-07 10:02:00,NMDC,129.15,129.25,128.55,128.55,32192,0
2016-11-07 10:03:00,NMDC,128.5,128.85,128.3,128.4,15875,0
2016-11-07 10:04:00,NMDC,128.35,128.4,128.1,128.15,18335,0
2016-11-07 10:05:00,NMDC,128.25,128.25,127.95,128.05,22297,0
2016-11-07 10:06:00,NMDC,128.2,128.25,128.05,128.15,3693,0
2016-11-07 10:07:00,NMDC,128.2,128.25,128.05,128.2,16105,0
2016-11-07 10:08:00,NMDC,128.15,128.2,128.05,128.2,11522,0
2016-11-07 10:09:00,NMDC,128.1,128.2,128.1,128.15,3824,0
2016-11-07 10:10:00,NMDC,128.2,128.4,128.2,128.35,2885,0
2016-11-07 10:11:00,NMDC,128.35,128.35,128.25,128.3,2972,0
2016-11-07 10:12:00,NMDC,128.25,128.3,128.2,128.25,18458,0
2016-11-07 10:13:00,NMDC,128.25,128.35,128.2,128.3,5392,0
2016-11-07 10:14:00,NMDC,128.4,128.5,128.35,128.4,3957,0
2016-11-07 10:15:00,NMDC,128.4,128.65,128.4,128.4,20395,0
2016-11-07 10:16:00,NMDC,128.5,128.5,128.35,128.4,5036,0
2016-11-07 10:17:00,NMDC,128.45,128.55,128.4,128.45,6902,0
2016-11-07 10:18:00,NMDC,128.45,128.5,128.4,128.5,1960,0
2016-11-07 10:19:00,NMDC,128.5,128.55,128.35,128.35,5166,0
2016-11-07 10:20:00,NMDC,128.35,128.5,128.35,128.5,2751,0
2016-11-07 10:21:00,NMDC,128.4,128.55,128.4,128.5,8094,0
2016-11-07 10:22:00,NMDC,128.45,128.5,128.4,128.4,4122,0
2016-11-07 10:23:00,NMDC,128.4,128.5,128.35,128.5,3931,0
2016-11-07 10:24:00,NMDC,128.45,128.45,128.4,128.45,1385,0
2016-11-07 10:25:00,NMDC,128.4,128.55,128.4,128.5,5797,0
2016-11-07 10:26:00,NMDC,128.5,128.55,128.5,128.55,920,0
2016-11-07 10:27:00,NMDC,128.45,128.45,128.25,128.35,10476,0
2016-11-07 10:28:00,NMDC,128.45,128.45,128.3,128.45,2129,0
2016-11-07 10:29:00,NMDC,128.4,128.55,128.4,128.55,2191,0
2016-11-07 10:30:00,NMDC,128.45,128.5,128.45,128.5,5032,0
2016-11-07 10:31:00,NMDC,128.45,128.5,128.35,128.35,2936,0
2016-11-07 10:32:00,NMDC,128.35,128.4,128.3,128.35,3417,0
2016-11-07 10:33:00,NMDC,128.35,128.45,128.3,128.4,712,0
2016-11-07 10:34:00,NMDC,128.5,128.5,128.35,128.35,3928,0
2016-11-07 10:35:00,NMDC,128.35,128.5,128.35,128.35,1520,0
2016-11-07 10:36:00,NMDC,128.45,128.45,128.4,128.45,1815,0
2016-11-07 10:37:00,NMDC,128.45,128.5,128.45,128.5,1255,0
2016-11-07 10:38:00,NMDC,128.45,128.6,128.45,128.55,5838,0
2016-11-07 10:39:00,NMDC,128.55,128.55,128.45,128.55,3296,0
2016-11-07 10:40:00,NMDC,128.6,128.6,128.35,128.35,10037,0
2016-11-07 10:41:00,NMDC,128.35,128.5,128.35,128.5,624,0
2016-11-07 10:42:00,NMDC,128.55,128.65,128.45,128.5,2611,0
2016-11-07 10:43:00,NMDC,128.4,128.45,128.4,128.4,173,0
2016-11-07 10:44:00,NMDC,128.4,128.5,128.35,128.5,4415,0
2016-11-07 10:45:00,NMDC,128.45,128.55,128.4,128.5,3989,0
2016-11-07 10:46:00,NMDC,128.45,128.5,128.35,128.4,3182,0
2016-11-07 10:47:00,NMDC,128.45,128.45,128.35,128.45,375,0
2016-11-07 10:48:00,NMDC,128.45,128.5,128.4,128.4,8327,0
2016-11-07 10:49:00,NMDC,128.4,128.45,128.35,128.4,1390,0
2016-11-07 10:50:00,NMDC,128.4,128.7,128.4,128.7,6467,0
2016-11-07 10:51:00,NMDC,128.6,128.75,128.6,128.75,2515,0
2016-11-07 10:52:00,NMDC,128.7,128.75,128.55,128.65,4806,0
2016-11-07 10:53:00,NMDC,128.6,128.75,128.25,128.25,20828,0
2016-11-07 10:54:00,NMDC,128.2,128.2,128.0,128.15,11243,0
2016-11-07 10:55:00,NMDC,128.15,128.2,128.0,128.2,17782,0
2016-11-07 10:56:00,NMDC,128.1,128.2,128.1,128.2,8286,0
2016-11-07 10:57:00,NMDC,128.15,128.2,128.05,128.1,3131,0
2016-11-07 10:58:00,NMDC,128.15,128.2,128.1,128.2,4693,0
2016-11-07 10:59:00,NMDC,128.2,128.3,128.1,128.3,1979,0
2016-11-07 11:00:00,NMDC,128.3,128.4,128.3,128.35,4788,0
2016-11-07 11:01:00,NMDC,128.4,128.5,128.15,128.2,7009,0
2016-11-07 11:02:00,NMDC,128.2,128.2,128.1,128.15,2740,0
2016-11-07 11:03:00,NMDC,128.1,128.25,128.05,128.25,680,0
2016-11-07 11:04:00,NMDC,128.2,128.25,128.15,128.2,3689,0
2016-11-07 11:05:00,NMDC,128.15,128.2,128.15,128.15,1613,0
2016-11-07 11:06:00,NMDC,128.2,128.25,128.15,128.2,1390,0
2016-11-07 11:07:00,NMDC,128.2,128.25,128.15,128.2,682,0
2016-11-07 11:08:00,NMDC,128.2,128.25,128.15,128.25,5145,0
2016-11-07 11:09:00,NMDC,128.15,128.2,128.1,128.15,12010,0
2016-11-07 11:10:00,NMDC,128.2,128.3,128.15,128.2,3327,0
2016-11-07 11:11:00,NMDC,128.25,128.25,128.15,128.2,3315,0
2016-11-07 11:12:00,NMDC,128.2,128.2,128.1,128.1,5658,0
2016-11-07 11:13:00,NMDC,128.15,128.2,128.1,128.15,1933,0
2016-11-07 11:14:00,NMDC,128.15,128.2,128.15,128.15,3224,0
2016-11-07 11:15:00,NMDC,128.2,128.25,128.15,128.2,2208,0
2016-11-07 11:16:00,NMDC,128.2,128.4,128.2,128.25,3055,0
2016-11-07 11:17:00,NMDC,128.25,128.25,128.15,128.25,760,0
2016-11-07 11:18:00,NMDC,128.25,128.35,128.2,128.35,6582,0
2016-11-07 11:19:00,NMDC,128.3,128.4,128.25,128.35,4065,0
2016-11-07 11:20:00,NMDC,128.3,128.4,128.3,128.3,2654,0
2016-11-07 11:21:00,NMDC,128.35,128.35,128.25,128.25,608,0
2016-11-07 11:22:00,NMDC,128.25,128.35,128.25,128.3,326,0
2016-11-07 11:23:00,NMDC,128.35,128.4,128.25,128.35,7111,0
2016-11-07 11:24:00,NMDC,128.25,128.25,128.25,128.25,459,0
2016-11-07 11:25:00,NMDC,128.3,128.3,128.15,128.15,711,0
2016-11-07 11:26:00,NMDC,128.15,128.25,128.15,128.15,2274,0
2016-11-07 11:27:00,NMDC,128.2,128.25,128.15,128.2,3279,0
2016-11-07 11:28:00,NMDC,128.15,128.15,127.8,127.8,22994,0
2016-11-07 11:29:00,NMDC,127.75,127.9,127.75,127.85,4670,0
2016-11-07 11:30:00,NMDC,127.8,127.85,127.65,127.85,7266,0
2016-11-07 11:31:00,NMDC,127.95,127.95,127.85,127.95,2410,0
2016-11-07 11:32:00,NMDC,127.9,127.95,127.85,127.85,3581,0
2016-11-07 11:33:00,NMDC,127.8,127.95,127.8,127.95,2571,0
2016-11-07 11:34:00,NMDC,128.0,128.05,127.95,127.95,1887,0
2016-11-07 11:35:00,NMDC,127.95,127.95,127.75,127.75,9265,0
2016-11-07 11:36:00,NMDC,127.8,127.9,127.8,127.9,931,0
2016-11-07 11:37:00,NMDC,127.9,127.95,127.8,127.9,990,0
2016-11-07 11:38:00,NMDC,127.8,127.9,127.8,127.8,1011,0
2016-11-07 11:39:00,NMDC,127.8,127.9,127.8,127.85,4019,0
2016-11-07 11:40:00,NMDC,127.85,128.1,127.85,128.05,9786,0
2016-11-07 11:41:00,NMDC,128.05,128.05,127.8,127.85,7455,0
2016-11-07 11:42:00,NMDC,127.95,127.95,127.85,127.85,4236,0
2016-11-07 11:43:00,NMDC,127.8,127.85,127.7,127.8,4246,0
2016-11-07 11:44:00,NMDC,127.75,127.9,127.75,127.75,2075,0
2016-11-07 11:45:00,NMDC,127.85,127.85,127.55,127.55,6225,0
2016-11-07 11:46:00,NMDC,127.55,127.6,127.5,127.6,5878,0
2016-11-07 11:47:00,NMDC,127.6,127.65,127.25,127.5,32651,0
2016-11-07 11:48:00,NMDC,127.5,127.8,127.5,127.8,9413,0
2016-11-07 11:49:00,NMDC,127.8,127.85,127.7,127.75,3875,0
2016-11-07 11:50:00,NMDC,127.85,127.85,127.75,127.75,3249,0
2016-11-07 11:51:00,NMDC,127.8,127.9,127.7,127.75,4151,0
2016-11-07 11:52:00,NMDC,127.85,127.85,127.75,127.75,238,0
2016-11-07 11:53:00,NMDC,127.85,127.85,127.75,127.75,1569,0
2016-11-07 11:54:00,NMDC,127.85,127.85,127.75,127.75,1379,0
2016-11-07 11:55:00,NMDC,127.75,127.85,127.7,127.7,1621,0
2016-11-07 11:56:00,NMDC,127.75,127.75,127.6,127.6,3365,0
2016-11-07 11:57:00,NMDC,127.6,127.65,127.55,127.55,1569,0
2016-11-07 11:58:00,NMDC,127.55,127.55,127.4,127.45,6264,0
2016-11-07 11:59:00,NMDC,127.6,127.6,127.45,127.6,2274,0
2016-11-07 12:00:00,NMDC,127.5,127.6,127.5,127.55,4054,0
2016-11-07 12:01:00,NMDC,127.6,127.8,127.5,127.8,3314,0
2016-11-07 12:02:00,NMDC,127.8,127.9,127.75,127.85,2774,0
2016-11-07 12:03:00,NMDC,127.75,127.85,127.75,127.75,935,0
2016-11-07 12:04:00,NMDC,127.85,127.9,127.75,127.9,1397,0
2016-11-07 12:05:00,NMDC,127.9,128.15,127.9,128.05,8153,0
2016-11-07 12:06:00,NMDC,128.15,128.15,128.0,128.05,4038,0
2016-11-07 12:07:00,NMDC,128.1,128.15,128.0,128.05,5914,0
2016-11-07 12:08:00,NMDC,128.15,128.2,128.05,128.1,3225,0
2016-11-07 12:09:00,NMDC,128.05,128.15,128.0,128.0,1886,0
2016-11-07 12:10:00,NMDC,128.1,128.15,128.0,128.05,427,0
2016-11-07 12:11:00,NMDC,128.0,128.15,128.0,128.1,722,0
2016-11-07 12:12:00,NMDC,128.2,128.2,128.05,128.1,2152,0
2016-11-07 12:13:00,NMDC,128.05,128.15,128.05,128.05,773,0
2016-11-07 12:14:00,NMDC,128.05,128.2,128.05,128.1,477,0
2016-11-07 12:15:00,NMDC,128.2,128.35,128.1,128.3,3346,0
2016-11-07 12:16:00,NMDC,128.35,128.45,128.3,128.45,7282,0
2016-11-07 12:17:00,NMDC,128.35,128.35,128.0,128.1,16222,0
2016-11-07 12:18:00,NMDC,128.2,128.3,128.2,128.2,8677,0
2016-11-07 12:19:00,NMDC,128.2,128.5,128.2,128.35,17375,0
2016-11-07 12:20:00,NMDC,128.3,128.5,128.15,128.4,7559,0
2016-11-07 12:21:00,NMDC,128.45,128.55,128.4,128.4,1726,0
2016-11-07 12:22:00,NMDC,128.45,128.5,128.4,128.5,558,0
2016-11-07 12:23:00,NMDC,128.5,128.6,128.4,128.55,4002,0
2016-11-07 12:24:00,NMDC,128.6,128.65,128.45,128.45,5311,0
2016-11-07 12:25:00,NMDC,128.4,128.6,128.35,128.45,3150,0
2016-11-07 12:26:00,NMDC,128.45,128.65,128.45,128.55,7827,0
2016-11-07 12:27:00,NMDC,128.65,128.65,128.45,128.45,2895,0
2016-11-07 12:28:00,NMDC,128.4,128.45,128.35,128.4,1895,0
2016-11-07 12:29:00,NMDC,128.4,128.5,128.4,128.4,2271,0
2016-11-07 12:30:00,NMDC,128.4,128.6,128.4,128.6,2938,0
2016-11-07 12:31:00,NMDC,128.55,128.65,128.5,128.5,4114,0
2016-11-07 12:32:00,NMDC,128.5,128.65,128.25,128.35,4180,0
2016-11-07 12:33:00,NMDC,128.35,128.5,128.35,128.45,1182,0
2016-11-07 12:34:00,NMDC,128.45,128.55,128.4,128.45,439,0
2016-11-07 12:35:00,NMDC,128.4,128.55,128.4,128.55,930,0
2016-11-07 12:36:00,NMDC,128.55,128.6,128.5,128.5,954,0
2016-11-07 12:37:00,NMDC,128.55,128.65,128.4,128.4,3223,0
2016-11-07 12:38:00,NMDC,128.4,128.55,128.4,128.45,273,0
2016-11-07 12:39:00,NMDC,128.5,128.5,128.4,128.45,695,0
2016-11-07 12:40:00,NMDC,128.5,128.5,128.4,128.4,1156,0
2016-11-07 12:41:00,NMDC,128.5,128.5,128.4,128.4,445,0
2016-11-07 12:42:00,NMDC,128.5,128.5,128.4,128.5,1020,0
2016-11-07 12:43:00,NMDC,128.4,128.55,128.4,128.5,4060,0
2016-11-07 12:44:00,NMDC,128.45,128.5,128.4,128.4,4349,0
2016-11-07 12:45:00,NMDC,128.4,128.45,128.3,128.3,2278,0
2016-11-07 12:46:00,NMDC,128.3,128.35,128.3,128.3,671,0
2016-11-07 12:47:00,NMDC,128.45,128.45,128.3,128.35,751,0
2016-11-07 12:48:00,NMDC,128.3,128.4,128.25,128.3,3206,0
2016-11-07 12:49:00,NMDC,128.3,128.35,128.05,128.05,23435,0
2016-11-07 12:50:00,NMDC,128.05,128.2,128.0,128.05,7606,0
2016-11-07 12:51:00,NMDC,128.2,128.25,128.0,128.0,3503,0
2016-11-07 12:52:00,NMDC,128.1,128.1,127.95,128.0,2223,0
2016-11-07 12:53:00,NMDC,128.1,128.1,128.0,128.0,519,0
2016-11-07 12:54:00,NMDC,128.0,128.25,128.0,128.15,5401,0
2016-11-07 12:55:00,NMDC,128.15,128.3,128.15,128.25,1557,0
2016-11-07 12:56:00,NMDC,128.25,128.25,128.15,128.2,2940,0
2016-11-07 12:57:00,NMDC,128.2,128.3,128.2,128.25,520,0
2016-11-07 12:58:00,NMDC,128.3,128.35,128.25,128.25,1207,0
2016-11-07 12:59:00,NMDC,128.3,128.4,128.2,128.3,1480,0
2016-11-07 13:00:00,NMDC,128.4,128.4,128.3,128.3,1069,0
2016-11-07 13:01:00,NMDC,128.3,128.45,128.3,128.35,959,0
2016-11-07 13:02:00,NMDC,128.4,128.4,128.0,128.0,6135,0
2016-11-07 13:03:00,NMDC,128.3,128.3,128.1,128.15,1033,0
2016-11-07 13:04:00,NMDC,128.3,128.3,128.15,128.15,1242,0
2016-11-07 13:05:00,NMDC,128.2,128.25,128.1,128.1,4900,0
2016-11-07 13:06:00,NMDC,128.2,128.25,128.2,128.2,433,0
2016-11-07 13:07:00,NMDC,128.15,128.3,128.15,128.2,878,0
2016-11-07 13:08:00,NMDC,128.3,128.3,128.2,128.2,12,0
2016-11-07 13:09:00,NMDC,128.3,128.3,128.15,128.3,1136,0
2016-11-07 13:10:00,NMDC,128.25,128.3,128.2,128.25,7380,0
2016-11-07 13:11:00,NMDC,128.3,128.3,128.15,128.2,6116,0
2016-11-07 13:12:00,NMDC,128.2,128.3,128.05,128.05,8464,0
2016-11-07 13:13:00,NMDC,128.1,128.15,128.05,128.15,289,0
2016-11-07 13:14:00,NMDC,128.2,128.2,128.1,128.1,1443,0
2016-11-07 13:15:00,NMDC,128.25,128.35,128.15,128.2,4204,0
2016-11-07 13:16:00,NMDC,128.15,128.35,128.15,128.15,892,0
2016-11-07 13:17:00,NMDC,128.15,128.25,128.1,128.1,1029,0
2016-11-07 13:18:00,NMDC,128.15,128.15,128.1,128.1,530,0
2016-11-07 13:19:00,NMDC,128.15,128.25,128.15,128.15,517,0
2016-11-07 13:20:00,NMDC,128.2,128.2,128.1,128.1,3599,0
2016-11-07 13:21:00,NMDC,128.1,128.25,128.05,128.1,1319,0
2016-11-07 13:22:00,NMDC,128.15,128.2,128.1,128.15,3653,0
2016-11-07 13:23:00,NMDC,128.15,128.25,128.0,128.0,8105,0
2016-11-07 13:24:00,NMDC,128.1,128.3,128.05,128.2,6967,0
2016-11-07 13:25:00,NMDC,128.25,128.35,128.25,128.25,800,0
2016-11-07 13:26:00,NMDC,128.25,128.35,128.25,128.3,2211,0
2016-11-07 13:27:00,NMDC,128.3,128.3,127.9,128.0,8967,0
2016-11-07 13:28:00,NMDC,128.0,128.1,128.0,128.1,8099,0
2016-11-07 13:29:00,NMDC,128.05,128.15,128.0,128.05,345,0
2016-11-07 13:30:00,NMDC,128.1,128.15,128.05,128.1,3741,0
2016-11-07 13:31:00,NMDC,128.2,128.25,128.05,128.05,2086,0
2016-11-07 13:32:00,NMDC,128.2,128.2,128.1,128.1,125,0
2016-11-07 13:33:00,NMDC,128.15,128.15,128.1,128.1,34,0
2016-11-07 13:34:00,NMDC,128.3,128.3,128.15,128.15,1896,0
2016-11-07 13:35:00,NMDC,128.15,128.35,127.95,128.25,7526,0
2016-11-07 13:36:00,NMDC,128.25,128.35,128.25,128.3,1506,0
2016-11-07 13:37:00,NMDC,128.3,128.45,128.2,128.2,12235,0
2016-11-07 13:38:00,NMDC,128.15,128.15,128.05,128.15,491,0
2016-11-07 13:39:00,NMDC,128.1,128.1,128.1,128.1,34,0
2016-11-07 13:40:00,NMDC,128.1,128.15,128.0,128.15,1922,0
2016-11-07 13:41:00,NMDC,128.15,128.15,127.95,128.0,5046,0
2016-11-07 13:42:00,NMDC,128.0,128.0,127.85,127.85,4216,0
2016-11-07 13:43:00,NMDC,127.85,127.95,127.8,127.8,2924,0
2016-11-07 13:44:00,NMDC,127.85,127.85,127.8,127.85,1213,0
2016-11-07 13:45:00,NMDC,127.95,127.95,127.8,127.85,1848,0
2016-11-07 13:46:00,NMDC,127.8,128.05,127.8,128.0,12415,0
2016-11-07 13:47:00,NMDC,128.0,128.15,127.8,128.0,5811,0
2016-11-07 13:48:00,NMDC,128.0,128.05,127.95,128.0,1701,0
2016-11-07 13:49:00,NMDC,127.95,128.05,127.95,127.95,4113,0
2016-11-07 13:50:00,NMDC,128.15,128.15,128.0,128.05,439,0
2016-11-07 13:51:00,NMDC,128.15,128.2,128.05,128.05,1076,0
2016-11-07 13:52:00,NMDC,128.15,128.15,128.05,128.05,887,0
2016-11-07 13:53:00,NMDC,128.05,128.1,128.05,128.1,2976,0
2016-11-07 13:54:00,NMDC,128.05,128.1,128.0,128.0,1748,0
2016-11-07 13:55:00,NMDC,128.1,128.1,128.0,128.0,136,0
2016-11-07 13:56:00,NMDC,128.1,128.1,128.0,128.0,985,0
2016-11-07 13:57:00,NMDC,128.0,128.25,128.0,128.25,3260,0
2016-11-07 13:58:00,NMDC,128.15,128.25,128.1,128.1,1151,0
2016-11-07 13:59:00,NMDC,128.0,128.0,127.9,127.95,16106,0
2016-11-07 14:00:00,NMDC,127.95,128.05,127.95,127.95,2615,0
2016-11-07 14:01:00,NMDC,128.05,128.3,127.95,127.95,5837,0
2016-11-07 14:02:00,NMDC,127.95,128.1,127.95,128.0,1928,0
2016-11-07 14:03:00,NMDC,128.0,128.1,128.0,128.0,1389,0
2016-11-07 14:04:00,NMDC,128.0,128.1,127.9,128.0,6814,0
2016-11-07 14:05:00,NMDC,127.95,128.1,127.95,128.1,1555,0
2016-11-07 14:06:00,NMDC,128.0,128.15,128.0,128.1,1754,0
2016-11-07 14:07:00,NMDC,128.1,128.2,128.05,128.15,1673,0
2016-11-07 14:08:00,NMDC,128.25,128.3,128.2,128.25,3581,0
2016-11-07 14:09:00,NMDC,128.3,128.35,128.25,128.3,503,0
2016-11-07 14:10:00,NMDC,128.25,128.4,128.2,128.25,8060,0
2016-11-07 14:11:00,NMDC,128.2,128.35,128.15,128.25,1731,0
2016-11-07 14:12:00,NMDC,128.25,128.25,128.2,128.2,698,0
2016-11-07 14:13:00,NMDC,128.25,128.25,128.2,128.2,156,0
2016-11-07 14:14:00,NMDC,128.25,128.25,128.0,128.05,12031,0
2016-11-07 14:15:00,NMDC,128.05,128.15,128.05,128.1,249,0
2016-11-07 14:16:00,NMDC,128.25,128.25,128.15,128.15,125,0
2016-11-07 14:17:00,NMDC,128.2,128.2,128.1,128.1,2464,0
2016-11-07 14:18:00,NMDC,128.1,128.1,128.1,128.1,126,0
2016-11-07 14:19:00,NMDC,128.1,128.2,128.05,128.1,6661,0
2016-11-07 14:20:00,NMDC,128.25,128.25,128.05,128.05,2786,0
2016-11-07 14:21:00,NMDC,128.1,128.2,128.05,128.2,953,0
2016-11-07 14:22:00,NMDC,128.2,128.2,128.0,128.05,762,0
2016-11-07 14:23:00,NMDC,128.05,128.15,128.0,128.0,310,0
2016-11-07 14:24:00,NMDC,128.0,128.1,128.0,128.0,3476,0
2016-11-07 14:25:00,NMDC,128.1,128.2,128.05,128.1,1339,0
2016-11-07 14:26:00,NMDC,128.1,128.1,128.05,128.05,2866,0
2016-11-07 14:27:00,NMDC,128.15,128.2,128.05,128.15,4888,0
2016-11-07 14:28:00,NMDC,128.15,128.2,128.1,128.15,952,0
2016-11-07 14:29:00,NMDC,128.1,128.25,128.1,128.2,1715,0
2016-11-07 14:30:00,NMDC,128.2,128.25,128.05,128.1,3464,0
2016-11-07 14:31:00,NMDC,128.1,128.15,128.1,128.1,546,0
2016-11-07 14:32:00,NMDC,128.1,128.2,128.05,128.05,2555,0
2016-11-07 14:33:00,NMDC,128.05,128.2,128.05,128.2,13490,0
2016-11-07 14:34:00,NMDC,128.25,128.25,128.15,128.15,3136,0
2016-11-07 14:35:00,NMDC,128.15,128.2,128.15,128.15,2856,0
2016-11-07 14:36:00,NMDC,128.15,128.2,128.05,128.05,6771,0
2016-11-07 14:37:00,NMDC,128.15,128.15,128.05,128.05,2134,0
2016-11-07 14:38:00,NMDC,128.1,128.1,128.0,128.0,3371,0
2016-11-07 14:39:00,NMDC,128.05,128.15,128.0,128.15,8417,0
2016-11-07 14:40:00,NMDC,128.15,128.2,128.15,128.15,6344,0
2016-11-07 14:41:00,NMDC,128.15,128.25,128.05,128.15,17942,0
2016-11-07 14:42:00,NMDC,128.15,128.2,128.05,128.1,3834,0
2016-11-07 14:43:00,NMDC,128.15,128.15,128.1,128.1,2044,0
2016-11-07 14:44:00,NMDC,128.1,128.15,128.05,128.05,6793,0
2016-11-07 14:45:00,NMDC,128.1,128.1,128.05,128.05,10760,0
2016-11-07 14:46:00,NMDC,128.05,128.1,128.05,128.05,3973,0
2016-11-07 14:47:00,NMDC,128.05,128.1,128.05,128.05,1753,0
2016-11-07 14:48:00,NMDC,128.05,128.15,128.05,128.15,3541,0
2016-11-07 14:49:00,NMDC,128.15,128.2,128.15,128.2,5764,0
2016-11-07 14:50:00,NMDC,128.25,128.25,128.2,128.2,1801,0
2016-11-07 14:51:00,NMDC,128.15,128.2,128.1,128.1,13879,0
2016-11-07 14:52:00,NMDC,128.15,128.25,128.15,128.25,3268,0
2016-11-07 14:53:00,NMDC,128.25,128.25,128.2,128.25,5252,0
2016-11-07 14:54:00,NMDC,128.2,128.3,128.2,128.2,3744,0
2016-11-07 14:55:00,NMDC,128.2,128.3,128.2,128.25,4785,0
2016-11-07 14:56:00,NMDC,128.2,128.25,128.2,128.2,10281,0
2016-11-07 14:57:00,NMDC,128.2,128.2,128.1,128.2,5005,0
2016-11-07 14:58:00,NMDC,128.15,128.2,128.15,128.2,4459,0
2016-11-07 14:59:00,NMDC,128.2,128.2,128.1,128.2,8606,0
2016-11-07 15:00:00,NMDC,128.15,128.15,128.1,128.1,1617,0
2016-11-07 15:01:00,NMDC,128.1,128.15,128.05,128.05,8061,0
2016-11-07 15:02:00,NMDC,128.1,128.2,128.0,128.2,10412,0
2016-11-07 15:03:00,NMDC,128.2,128.2,127.95,127.95,2784,0
2016-11-07 15:04:00,NMDC,127.9,127.95,127.8,127.8,6069,0
2016-11-07 15:05:00,NMDC,127.8,127.8,127.5,127.55,11900,0
2016-11-07 15:06:00,NMDC,127.55,127.65,127.55,127.65,5762,0
2016-11-07 15:07:00,NMDC,127.65,127.65,127.35,127.45,16714,0
2016-11-07 15:08:00,NMDC,127.45,127.55,127.35,127.55,19000,0
2016-11-07 15:09:00,NMDC,127.55,127.6,127.25,127.3,17512,0
2016-11-07 15:10:00,NMDC,127.3,127.35,127.1,127.1,17910,0
2016-11-07 15:11:00,NMDC,127.1,127.25,127.0,127.2,16300,0
2016-11-07 15:12:00,NMDC,127.15,127.2,127.05,127.1,15232,0
2016-11-07 15:13:00,NMDC,127.1,127.1,126.9,126.95,23255,0
2016-11-07 15:14:00,NMDC,126.95,126.95,126.7,126.7,15605,0
2016-11-07 15:15:00,NMDC,126.8,127.0,126.7,126.9,7116,0
2016-11-07 15:16:00,NMDC,126.85,127.1,126.85,127.05,14325,0
2016-11-07 15:17:00,NMDC,127.0,127.35,127.0,127.35,20376,0
2016-11-07 15:18:00,NMDC,127.15,127.3,127.15,127.25,23808,0
2016-11-07 15:19:00,NMDC,127.2,127.3,127.15,127.25,36696,0
2016-11-07 15:20:00,NMDC,127.25,127.3,127.25,127.3,12129,0
2016-11-07 15:21:00,NMDC,127.35,127.45,127.3,127.35,22412,0
2016-11-07 15:22:00,NMDC,127.35,127.7,127.35,127.65,20512,0
2016-11-07 15:23:00,NMDC,127.6,127.7,127.6,127.65,15952,0
2016-11-07 15:24:00,NMDC,127.6,127.7,127.6,127.65,11245,0
2016-11-07 15:25:00,NMDC,127.7,127.7,127.6,127.65,8512,0
2016-11-07 15:26:00,NMDC,127.6,127.65,127.6,127.6,6991,0
2016-11-07 15:27:00,NMDC,127.6,127.65,127.5,127.5,29273,0
2016-11-07 15:28:00,NMDC,127.5,127.65,127.5,127.65,11971,0
2016-11-07 15:29:00,NMDC,127.7,127.75,127.5,127.5,14030,0
2016-11-07 15:30:00,NMDC,127.5,127.8,127.5,127.75,13338,0
2016-11-07 15:41:00,NMDC,127.4,127.4,127.4,127.4,791,0
2016-11-07 15:43:00,NMDC,127.4,127.4,127.4,127.4,41,0
2016-11-07 15:44:00,NMDC,127.4,127.4,127.4,127.4,46,0
2016-11-07 15:46:00,NMDC,127.4,127.4,127.4,127.4,20,0
2016-11-07 15:52:00,NMDC,127.4,127.4,127.4,127.4,100,0
2016-11-07 16:42:00,NMDC,127.4,127.4,127.4,127.4,1,0
2016-11-08 09:08:00,NMDC,128.7,128.7,128.7,128.7,1085,0
2016-11-08 09:16:00,NMDC,128.65,129.0,128.3,128.5,15087,0
2016-11-08 09:17:00,NMDC,128.7,128.7,128.25,128.25,13948,0
2016-11-08 09:18:00,NMDC,128.15,128.15,127.85,128.0,22492,0
2016-11-08 09:19:00,NMDC,128.0,128.0,127.75,127.9,19043,0
2016-11-08 09:20:00,NMDC,127.85,127.85,127.6,127.6,10639,0
2016-11-08 09:21:00,NMDC,127.6,128.0,127.6,127.8,18787,0
2016-11-08 09:22:00,NMDC,127.7,127.85,127.3,127.85,30921,0
2016-11-08 09:23:00,NMDC,127.85,127.85,127.3,127.8,16183,0
2016-11-08 09:24:00,NMDC,127.75,127.85,127.5,127.75,24725,0
2016-11-08 09:25:00,NMDC,127.8,127.8,127.35,127.6,14135,0
2016-11-08 09:26:00,NMDC,127.5,127.8,127.5,127.55,8945,0
2016-11-08 09:27:00,NMDC,127.55,127.8,127.4,127.7,13426,0
2016-11-08 09:28:00,NMDC,127.7,127.85,127.55,127.8,9390,0
2016-11-08 09:29:00,NMDC,127.8,127.9,127.7,127.8,4768,0
2016-11-08 09:30:00,NMDC,127.8,127.9,127.75,127.8,3847,0
2016-11-08 09:31:00,NMDC,127.9,128.1,127.8,128.1,6387,0
2016-11-08 09:32:00,NMDC,128.1,128.1,127.85,128.0,7952,0
2016-11-08 09:33:00,NMDC,127.85,127.95,127.8,127.95,5446,0
2016-11-08 09:34:00,NMDC,127.85,128.0,127.8,127.85,5648,0
2016-11-08 09:35:00,NMDC,127.8,127.9,127.7,127.7,10930,0
2016-11-08 09:36:00,NMDC,127.7,127.85,127.7,127.75,2604,0
2016-11-08 09:37:00,NMDC,127.85,128.0,127.75,127.95,4082,0
2016-11-08 09:38:00,NMDC,127.9,127.95,127.8,127.85,10282,0
2016-11-08 09:39:00,NMDC,127.8,127.95,127.8,127.8,6252,0
2016-11-08 09:40:00,NMDC,127.8,127.9,127.75,127.8,2791,0
2016-11-08 09:41:00,NMDC,127.8,127.8,127.7,127.75,12003,0
2016-11-08 09:42:00,NMDC,127.9,127.95,127.75,127.9,9797,0
2016-11-08 09:43:00,NMDC,127.75,127.9,127.75,127.8,9164,0
2016-11-08 09:44:00,NMDC,127.8,127.85,127.7,127.8,9120,0
2016-11-08 09:45:00,NMDC,127.7,127.7,127.35,127.4,23611,0
2016-11-08 09:46:00,NMDC,127.4,127.45,126.6,126.75,30268,0
2016-11-08 09:47:00,NMDC,126.75,127.25,126.7,127.25,24683,0
2016-11-08 09:48:00,NMDC,127.25,127.4,127.25,127.35,6992,0
2016-11-08 09:49:00,NMDC,127.35,127.5,127.3,127.4,13130,0
2016-11-08 09:50:00,NMDC,127.3,127.45,127.3,127.35,4888,0
2016-11-08 09:51:00,NMDC,127.35,127.4,127.15,127.2,6451,0
2016-11-08 09:52:00,NMDC,127.15,127.25,126.9,126.9,9149,0
2016-11-08 09:53:00,NMDC,126.9,126.95,126.55,126.55,20234,0
2016-11-08 09:54:00,NMDC,126.55,126.85,126.4,126.8,11297,0
2016-11-08 09:55:00,NMDC,126.95,127.05,126.75,126.75,13888,0
2016-11-08 09:56:00,NMDC,126.75,126.85,126.75,126.75,2047,0
2016-11-08 09:57:00,NMDC,126.75,126.85,126.7,126.75,10565,0
2016-11-08 09:58:00,NMDC,126.75,126.9,126.75,126.9,3321,0
2016-11-08 09:59:00,NMDC,126.9,126.95,126.8,126.9,2194,0
2016-11-08 10:00:00,NMDC,126.8,126.9,126.75,126.9,6606,0
2016-11-08 10:01:00,NMDC,126.9,126.9,126.8,126.8,5130,0
2016-11-08 10:02:00,NMDC,126.8,126.85,126.8,126.85,3626,0
2016-11-08 10:03:00,NMDC,126.85,126.85,126.75,126.8,3300,0
2016-11-08 10:04:00,NMDC,126.75,126.85,126.6,126.7,5051,0
2016-11-08 10:05:00,NMDC,126.7,126.75,126.65,126.7,2382,0
2016-11-08 10:06:00,NMDC,126.7,126.75,126.65,126.7,4336,0
2016-11-08 10:07:00,NMDC,126.7,126.85,126.7,126.85,1162,0
2016-11-08 10:08:00,NMDC,126.85,126.9,126.8,126.85,2973,0
2016-11-08 10:09:00,NMDC,126.85,127.0,126.8,126.9,15346,0
2016-11-08 10:10:00,NMDC,127.0,127.3,126.9,127.3,7021,0
2016-11-08 10:11:00,NMDC,127.3,127.4,127.15,127.4,15753,0
2016-11-08 10:12:00,NMDC,127.35,127.65,127.35,127.5,13232,0
2016-11-08 10:13:00,NMDC,127.45,127.65,127.2,127.3,15568,0
2016-11-08 10:14:00,NMDC,127.35,127.55,127.3,127.45,2279,0
2016-11-08 10:15:00,NMDC,127.4,127.55,127.4,127.4,4058,0
2016-11-08 10:16:00,NMDC,127.4,127.55,127.3,127.5,5908,0
2016-11-08 10:17:00,NMDC,127.5,127.55,127.3,127.35,3530,0
2016-11-08 10:18:00,NMDC,127.4,127.4,127.05,127.2,5942,0
2016-11-08 10:19:00,NMDC,127.2,127.45,127.2,127.3,10779,0
2016-11-08 10:20:00,NMDC,127.35,127.4,127.05,127.1,13436,0
2016-11-08 10:21:00,NMDC,127.15,127.2,127.05,127.1,3149,0
2016-11-08 10:22:00,NMDC,127.1,127.1,127.0,127.0,3725,0
2016-11-08 10:23:00,NMDC,127.0,127.15,127.0,127.15,1176,0
2016-11-08 10:24:00,NMDC,127.15,127.3,127.1,127.25,581,0
2016-11-08 10:25:00,NMDC,127.15,127.2,127.1,127.1,1779,0
2016-11-08 10:26:00,NMDC,127.15,127.15,127.15,127.15,84,0
2016-11-08 10:27:00,NMDC,127.15,127.2,126.85,126.95,19853,0
2016-11-08 10:28:00,NMDC,126.95,126.95,126.6,126.6,31470,0
2016-11-08 10:29:00,NMDC,126.7,126.7,126.45,126.5,22045,0
2016-11-08 10:30:00,NMDC,126.5,126.55,126.5,126.55,2766,0
2016-11-08 10:31:00,NMDC,126.5,126.65,126.5,126.5,7191,0
2016-11-08 10:32:00,NMDC,126.5,126.5,126.0,126.0,20959,0
2016-11-08 10:33:00,NMDC,126.0,126.3,126.0,126.3,10253,0
2016-11-08 10:34:00,NMDC,126.1,126.2,125.95,125.95,4180,0
2016-11-08 10:35:00,NMDC,125.9,126.0,125.6,125.8,20478,0
2016-11-08 10:36:00,NMDC,125.75,125.85,125.5,125.55,12697,0
2016-11-08 10:37:00,NMDC,125.5,125.5,125.2,125.45,18884,0
2016-11-08 10:38:00,NMDC,125.45,125.75,125.4,125.75,7903,0
2016-11-08 10:39:00,NMDC,125.6,125.65,125.35,125.4,5072,0
2016-11-08 10:40:00,NMDC,125.45,125.5,125.3,125.5,13942,0
2016-11-08 10:41:00,NMDC,125.4,125.7,125.4,125.7,4594,0
2016-11-08 10:42:00,NMDC,125.65,125.75,125.55,125.6,15075,0
2016-11-08 10:43:00,NMDC,125.65,125.8,125.6,125.7,8547,0
2016-11-08 10:44:00,NMDC,125.7,125.85,125.65,125.75,5258,0
2016-11-08 10:45:00,NMDC,125.75,125.9,125.75,125.9,3730,0
2016-11-08 10:46:00,NMDC,125.9,126.0,125.9,125.95,11198,0
2016-11-08 10:47:00,NMDC,125.95,126.0,125.9,125.95,19003,0
2016-11-08 10:48:00,NMDC,125.9,126.1,125.9,126.05,3552,0
2016-11-08 10:49:00,NMDC,126.05,126.15,126.0,126.0,7647,0
2016-11-08 10:50:00,NMDC,126.0,126.0,125.75,125.75,3150,0
2016-11-08 10:51:00,NMDC,125.75,126.0,125.75,125.85,2273,0
2016-11-08 10:52:00,NMDC,125.95,125.95,125.75,125.75,6313,0
2016-11-08 10:53:00,NMDC,125.8,125.95,125.8,125.9,4728,0
2016-11-08 10:54:00,NMDC,125.85,125.95,125.75,125.75,4980,0
2016-11-08 10:55:00,NMDC,125.75,125.9,125.65,125.7,4926,0
2016-11-08 10:56:00,NMDC,125.65,125.8,125.5,125.5,10133,0
2016-11-08 10:57:00,NMDC,125.5,125.6,125.5,125.6,2445,0
2016-11-08 10:58:00,NMDC,125.6,125.75,125.55,125.65,1385,0
2016-11-08 10:59:00,NMDC,125.65,125.7,125.6,125.65,5106,0
2016-11-08 11:00:00,NMDC,125.65,125.65,125.6,125.65,689,0
2016-11-08 11:01:00,NMDC,125.6,125.9,125.6,125.9,11558,0
2016-11-08 11:02:00,NMDC,125.9,125.95,125.8,125.8,9608,0
2016-11-08 11:03:00,NMDC,125.8,125.95,125.8,125.85,1124,0
2016-11-08 11:04:00,NMDC,125.9,125.9,125.65,125.75,4177,0
2016-11-08 11:05:00,NMDC,125.65,125.8,125.6,125.8,1718,0
2016-11-08 11:06:00,NMDC,125.8,125.95,125.75,125.95,1335,0
2016-11-08 11:07:00,NMDC,125.8,126.15,125.8,126.0,4777,0
2016-11-08 11:08:00,NMDC,126.0,126.25,126.0,126.25,4530,0
2016-11-08 11:09:00,NMDC,126.2,126.25,126.15,126.2,411,0
2016-11-08 11:10:00,NMDC,126.25,126.25,126.15,126.2,3389,0
2016-11-08 11:11:00,NMDC,126.2,126.25,126.15,126.15,1946,0
2016-11-08 11:12:00,NMDC,126.15,126.15,125.75,126.1,23573,0
2016-11-08 11:13:00,NMDC,126.1,126.5,126.1,126.4,32301,0
2016-11-08 11:14:00,NMDC,126.4,126.65,126.15,126.2,23295,0
2016-11-08 11:15:00,NMDC,126.2,126.45,126.2,126.4,9850,0
2016-11-08 11:16:00,NMDC,126.45,126.65,126.4,126.65,8076,0
2016-11-08 11:17:00,NMDC,126.65,126.9,126.55,126.55,9499,0
2016-11-08 11:18:00,NMDC,126.55,126.75,126.55,126.65,7786,0
2016-11-08 11:19:00,NMDC,126.7,127.15,126.65,127.0,29210,0
2016-11-08 11:20:00,NMDC,127.0,127.05,126.9,127.0,13161,0
2016-11-08 11:21:00,NMDC,127.0,127.35,127.0,127.35,28759,0
2016-11-08 11:22:00,NMDC,127.3,127.9,127.2,127.6,58314,0
2016-11-08 11:23:00,NMDC,127.6,127.65,127.35,127.35,22511,0
2016-11-08 11:24:00,NMDC,127.3,127.7,127.25,127.6,7789,0
2016-11-08 11:25:00,NMDC,127.55,127.7,127.4,127.55,12481,0
2016-11-08 11:26:00,NMDC,127.55,127.75,127.55,127.6,7978,0
2016-11-08 11:27:00,NMDC,127.5,127.65,127.45,127.65,12030,0
2016-11-08 11:28:00,NMDC,127.7,127.7,127.45,127.45,5996,0
2016-11-08 11:29:00,NMDC,127.55,127.55,127.45,127.45,7283,0
2016-11-08 11:30:00,NMDC,127.45,127.5,127.4,127.45,2249,0
2016-11-08 11:31:00,NMDC,127.4,127.4,127.3,127.3,3646,0
2016-11-08 11:32:00,NMDC,127.3,127.35,127.05,127.05,13592,0
2016-11-08 11:33:00,NMDC,127.0,127.3,126.9,127.15,15691,0
2016-11-08 11:34:00,NMDC,127.1,127.15,126.95,126.95,1391,0
2016-11-08 11:35:00,NMDC,126.95,126.95,126.75,126.9,8754,0
2016-11-08 11:36:00,NMDC,126.95,127.1,126.9,127.05,12242,0
2016-11-08 11:37:00,NMDC,127.0,127.0,126.9,126.9,950,0
2016-11-08 11:38:00,NMDC,126.95,127.0,126.9,127.0,6663,0
2016-11-08 11:39:00,NMDC,127.05,127.2,127.0,127.15,4324,0
2016-11-08 11:40:00,NMDC,127.15,127.35,127.15,127.35,1843,0
2016-11-08 11:41:00,NMDC,127.25,127.45,127.25,127.45,12853,0
2016-11-08 11:42:00,NMDC,127.35,127.55,127.2,127.55,5167,0
2016-11-08 11:43:00,NMDC,127.5,127.55,127.45,127.5,4560,0
2016-11-08 11:44:00,NMDC,127.5,127.5,127.2,127.3,8986,0
2016-11-08 11:45:00,NMDC,127.25,127.6,127.25,127.45,3192,0
2016-11-08 11:46:00,NMDC,127.45,127.45,127.3,127.3,5513,0
2016-11-08 11:47:00,NMDC,127.3,127.45,127.3,127.4,6380,0
2016-11-08 11:48:00,NMDC,127.4,127.45,127.2,127.25,6404,0
2016-11-08 11:49:00,NMDC,127.25,127.4,127.25,127.25,3787,0
2016-11-08 11:50:00,NMDC,127.25,127.35,127.25,127.35,2646,0
2016-11-08 11:51:00,NMDC,127.35,127.35,127.3,127.35,1099,0
2016-11-08 11:52:00,NMDC,127.35,127.6,127.3,127.5,5978,0
2016-11-08 11:53:00,NMDC,127.55,127.7,127.45,127.45,10050,0
2016-11-08 11:54:00,NMDC,127.45,127.45,127.3,127.3,855,0
2016-11-08 11:55:00,NMDC,127.3,127.3,127.3,127.3,938,0
2016-11-08 11:56:00,NMDC,127.3,127.3,127.1,127.3,1525,0
2016-11-08 11:57:00,NMDC,127.2,127.35,127.2,127.35,2853,0
2016-11-08 11:58:00,NMDC,127.35,127.4,127.3,127.35,594,0
2016-11-08 11:59:00,NMDC,127.35,127.5,127.3,127.5,1393,0
2016-11-08 12:00:00,NMDC,127.5,127.5,127.25,127.25,5080,0
2016-11-08 12:01:00,NMDC,127.25,127.4,127.25,127.3,1194,0
2016-11-08 12:02:00,NMDC,127.35,127.4,127.15,127.15,773,0
2016-11-08 12:03:00,NMDC,127.2,127.3,127.2,127.2,336,0
2016-11-08 12:04:00,NMDC,127.2,127.25,127.15,127.2,2616,0
2016-11-08 12:05:00,NMDC,127.25,127.25,127.15,127.25,2213,0
2016-11-08 12:06:00,NMDC,127.15,127.15,127.05,127.1,5619,0
2016-11-08 12:07:00,NMDC,127.05,127.3,127.0,127.15,4839,0
2016-11-08 12:08:00,NMDC,127.05,127.1,127.05,127.05,676,0
2016-11-08 12:09:00,NMDC,127.05,127.05,127.0,127.0,4856,0
2016-11-08 12:10:00,NMDC,127.0,127.05,126.95,127.05,5824,0
2016-11-08 12:11:00,NMDC,127.05,127.05,127.0,127.0,2731,0
2016-11-08 12:12:00,NMDC,127.0,127.05,126.95,127.0,8360,0
2016-11-08 12:13:00,NMDC,127.0,127.0,126.9,126.9,11633,0
2016-11-08 12:14:00,NMDC,126.9,126.9,126.65,126.8,9786,0
2016-11-08 12:15:00,NMDC,126.8,127.0,126.8,127.0,4475,0
2016-11-08 12:16:00,NMDC,126.9,126.9,126.8,126.8,1064,0
2016-11-08 12:17:00,NMDC,126.8,126.9,126.6,126.6,5470,0
2016-11-08 12:18:00,NMDC,126.75,126.75,126.55,126.6,3970,0
2016-11-08 12:19:00,NMDC,126.6,126.7,126.4,126.6,4905,0
2016-11-08 12:20:00,NMDC,126.5,126.9,126.5,126.9,2579,0
2016-11-08 12:21:00,NMDC,126.9,126.9,126.85,126.85,451,0
2016-11-08 12:22:00,NMDC,126.9,127.0,126.85,126.9,3419,0
2016-11-08 12:23:00,NMDC,126.85,126.85,126.85,126.85,650,0
2016-11-08 12:24:00,NMDC,126.9,126.95,126.9,126.95,2100,0
2016-11-08 12:25:00,NMDC,126.95,127.2,126.6,126.6,31624,0
2016-11-08 12:26:00,NMDC,126.55,127.0,126.4,127.0,18462,0
2016-11-08 12:27:00,NMDC,127.15,127.15,126.75,126.75,1642,0
2016-11-08 12:28:00,NMDC,126.75,126.75,126.6,126.6,1441,0
2016-11-08 12:29:00,NMDC,126.6,126.65,126.6,126.6,3169,0
2016-11-08 12:30:00,NMDC,126.6,126.7,126.6,126.7,1451,0
2016-11-08 12:31:00,NMDC,126.55,126.6,126.5,126.5,5909,0
2016-11-08 12:32:00,NMDC,126.45,126.6,126.4,126.5,916,0
2016-11-08 12:33:00,NMDC,126.65,126.7,126.65,126.65,943,0
2016-11-08 12:34:00,NMDC,126.6,126.65,126.6,126.6,2700,0
2016-11-08 12:35:00,NMDC,126.6,126.7,126.6,126.7,3944,0
2016-11-08 12:36:00,NMDC,126.65,126.65,126.5,126.55,5403,0
2016-11-08 12:37:00,NMDC,126.5,126.7,126.5,126.7,25196,0
2016-11-08 12:38:00,NMDC,126.7,126.85,126.3,126.4,43869,0
2016-11-08 12:39:00,NMDC,126.5,126.65,126.35,126.5,11927,0
2016-11-08 12:40:00,NMDC,126.55,126.95,126.45,126.85,14573,0
2016-11-08 12:41:00,NMDC,126.85,126.95,126.65,126.85,4065,0
2016-11-08 12:42:00,NMDC,126.75,126.8,126.75,126.8,1281,0
2016-11-08 12:43:00,NMDC,126.8,127.0,126.8,127.0,5249,0
2016-11-08 12:44:00,NMDC,126.95,127.1,126.95,127.1,2877,0
2016-11-08 12:45:00,NMDC,127.05,127.2,127.0,127.05,11415,0
2016-11-08 12:46:00,NMDC,127.15,127.35,127.0,127.1,12545,0
2016-11-08 12:47:00,NMDC,127.1,127.1,127.1,127.1,1090,0
2016-11-08 12:48:00,NMDC,127.1,127.25,127.1,127.1,824,0
2016-11-08 12:49:00,NMDC,127.1,127.15,127.0,127.05,8723,0
2016-11-08 12:50:00,NMDC,127.0,127.05,127.0,127.0,4018,0
2016-11-08 12:51:00,NMDC,127.0,127.3,126.95,127.25,13711,0
2016-11-08 12:52:00,NMDC,127.25,127.25,127.2,127.2,1211,0
2016-11-08 12:53:00,NMDC,127.2,127.25,127.1,127.15,2005,0
2016-11-08 12:54:00,NMDC,127.15,127.25,127.15,127.25,1277,0
2016-11-08 12:55:00,NMDC,127.25,127.3,127.2,127.25,2490,0
2016-11-08 12:56:00,NMDC,127.3,127.35,127.25,127.25,9588,0
2016-11-08 12:57:00,NMDC,127.15,127.25,127.1,127.1,6517,0
2016-11-08 12:58:00,NMDC,127.1,127.1,127.0,127.0,4731,0
2016-11-08 12:59:00,NMDC,127.0,127.4,127.0,127.3,10830,0
2016-11-08 13:00:00,NMDC,127.3,127.5,127.3,127.35,19254,0
2016-11-08 13:01:00,NMDC,127.35,127.45,127.1,127.45,18871,0
2016-11-08 13:02:00,NMDC,127.45,127.45,127.3,127.3,2350,0
2016-11-08 13:03:00,NMDC,127.3,127.4,127.3,127.4,1160,0
2016-11-08 13:04:00,NMDC,127.4,127.45,127.4,127.45,1548,0
2016-11-08 13:05:00,NMDC,127.35,127.4,127.35,127.4,947,0
2016-11-08 13:06:00,NMDC,127.5,127.5,127.4,127.4,11485,0
2016-11-08 13:07:00,NMDC,127.4,127.45,127.4,127.4,941,0
2016-11-08 13:08:00,NMDC,127.45,127.45,127.2,127.2,8213,0
2016-11-08 13:09:00,NMDC,127.2,127.2,127.05,127.1,6024,0
2016-11-08 13:10:00,NMDC,127.05,127.1,127.05,127.1,5069,0
2016-11-08 13:11:00,NMDC,127.15,127.35,127.15,127.2,1049,0
2016-11-08 13:12:00,NMDC,127.3,127.3,127.15,127.15,2224,0
2016-11-08 13:13:00,NMDC,127.1,127.15,126.95,127.0,7110,0
2016-11-08 13:14:00,NMDC,127.0,127.3,127.0,127.2,1727,0
2016-11-08 13:15:00,NMDC,127.2,127.2,127.1,127.1,282,0
2016-11-08 13:16:00,NMDC,127.15,127.35,127.1,127.3,1227,0
2016-11-08 13:17:00,NMDC,127.3,127.35,127.25,127.25,4767,0
2016-11-08 13:18:00,NMDC,127.1,127.25,127.1,127.25,1982,0
2016-11-08 13:19:00,NMDC,127.2,127.3,127.15,127.25,912,0
2016-11-08 13:20:00,NMDC,127.25,127.25,127.25,127.25,471,0
2016-11-08 13:21:00,NMDC,127.25,127.4,127.25,127.35,775,0
2016-11-08 13:22:00,NMDC,127.4,127.4,127.3,127.35,99,0
2016-11-08 13:23:00,NMDC,127.35,127.35,127.3,127.35,410,0
2016-11-08 13:24:00,NMDC,127.3,127.3,127.25,127.25,672,0
2016-11-08 13:25:00,NMDC,127.25,127.25,127.15,127.25,5976,0
2016-11-08 13:26:00,NMDC,127.25,127.35,127.25,127.35,2782,0
2016-11-08 13:27:00,NMDC,127.35,127.4,127.3,127.35,1866,0
2016-11-08 13:28:00,NMDC,127.3,127.35,127.3,127.35,74,0
2016-11-08 13:29:00,NMDC,127.3,127.45,127.3,127.35,4657,0
2016-11-08 13:30:00,NMDC,127.35,127.45,127.35,127.45,496,0
2016-11-08 13:31:00,NMDC,127.4,127.5,127.4,127.45,12967,0
2016-11-08 13:32:00,NMDC,127.4,127.4,127.3,127.3,2515,0
2016-11-08 13:33:00,NMDC,127.3,127.6,127.3,127.4,14566,0
2016-11-08 13:34:00,NMDC,127.45,127.55,127.35,127.35,4724,0
2016-11-08 13:35:00,NMDC,127.35,127.4,127.25,127.25,3162,0
2016-11-08 13:36:00,NMDC,127.25,127.35,127.2,127.25,2098,0
2016-11-08 13:37:00,NMDC,127.2,127.3,127.2,127.25,463,0
2016-11-08 13:38:00,NMDC,127.2,127.25,127.05,127.05,2987,0
2016-11-08 13:39:00,NMDC,127.05,127.2,126.95,127.0,8757,0
2016-11-08 13:40:00,NMDC,127.0,127.05,126.8,126.85,15002,0
2016-11-08 13:41:00,NMDC,126.85,126.95,126.75,126.95,7136,0
2016-11-08 13:42:00,NMDC,126.9,126.9,126.75,126.85,1350,0
2016-11-08 13:43:00,NMDC,126.85,127.2,126.85,127.0,15991,0
2016-11-08 13:44:00,NMDC,126.85,127.0,126.85,127.0,2765,0
2016-11-08 13:45:00,NMDC,127.0,127.0,126.95,126.95,290,0
2016-11-08 13:46:00,NMDC,126.95,127.1,126.9,126.95,1566,0
2016-11-08 13:47:00,NMDC,126.95,127.1,126.9,127.05,6619,0
2016-11-08 13:48:00,NMDC,127.0,127.1,126.9,127.1,4440,0
2016-11-08 13:49:00,NMDC,127.1,127.2,127.1,127.2,5607,0
2016-11-08 13:50:00,NMDC,127.15,127.15,127.1,127.15,1308,0
2016-11-08 13:51:00,NMDC,127.15,127.15,127.1,127.1,808,0
2016-11-08 13:52:00,NMDC,127.15,127.4,127.15,127.3,6072,0
2016-11-08 13:53:00,NMDC,127.3,127.3,127.0,127.05,25992,0
2016-11-08 13:54:00,NMDC,127.1,127.15,127.0,127.0,12569,0
2016-11-08 13:55:00,NMDC,127.0,127.05,126.95,126.95,3527,0
2016-11-08 13:56:00,NMDC,126.95,127.25,126.95,127.2,8876,0
2016-11-08 13:57:00,NMDC,127.1,127.2,127.1,127.15,1990,0
2016-11-08 13:58:00,NMDC,127.15,127.4,127.15,127.3,6848,0
2016-11-08 13:59:00,NMDC,127.25,127.45,127.25,127.25,3232,0
2016-11-08 14:00:00,NMDC,127.25,127.4,127.25,127.3,4797,0
2016-11-08 14:01:00,NMDC,127.25,127.6,127.25,127.55,8897,0
2016-11-08 14:02:00,NMDC,127.55,127.55,127.35,127.4,2310,0
2016-11-08 14:03:00,NMDC,127.3,127.3,127.15,127.15,1676,0
2016-11-08 14:04:00,NMDC,127.1,127.2,127.1,127.2,900,0
2016-11-08 14:05:00,NMDC,127.2,127.2,126.95,127.0,219997,0
2016-11-08 14:06:00,NMDC,127.0,127.2,127.0,127.15,6886,0
2016-11-08 14:07:00,NMDC,127.05,127.1,127.05,127.05,413,0
2016-11-08 14:08:00,NMDC,127.1,127.1,127.05,127.05,496,0
2016-11-08 14:09:00,NMDC,127.1,127.15,127.05,127.05,866,0
2016-11-08 14:10:00,NMDC,127.1,127.25,127.1,127.1,2134,0
2016-11-08 14:11:00,NMDC,127.1,127.1,127.05,127.05,677,0
2016-11-08 14:12:00,NMDC,127.15,127.15,127.0,127.0,1106,0
2016-11-08 14:13:00,NMDC,127.0,127.1,127.0,127.1,25301,0
2016-11-08 14:14:00,NMDC,127.15,127.15,127.1,127.1,215,0
2016-11-08 14:15:00,NMDC,127.1,127.15,127.1,127.15,2469,0
2016-11-08 14:16:00,NMDC,127.15,127.25,127.15,127.2,1750,0
2016-11-08 14:17:00,NMDC,127.15,127.25,127.1,127.1,3850,0
2016-11-08 14:18:00,NMDC,127.1,127.25,127.1,127.25,2041,0
2016-11-08 14:19:00,NMDC,127.25,127.4,127.2,127.3,11527,0
2016-11-08 14:20:00,NMDC,127.3,127.35,127.0,127.0,13192,0
2016-11-08 14:21:00,NMDC,127.05,127.05,127.0,127.05,12971,0
2016-11-08 14:22:00,NMDC,127.05,127.1,126.95,127.05,113383,0
2016-11-08 14:23:00,NMDC,127.0,127.0,126.9,126.9,11942,0
2016-11-08 14:24:00,NMDC,126.85,126.85,126.7,126.7,17078,0
2016-11-08 14:25:00,NMDC,126.7,126.75,126.7,126.75,643,0
2016-11-08 14:26:00,NMDC,126.75,126.75,126.6,126.6,2860,0
2016-11-08 14:27:00,NMDC,126.6,126.95,126.6,126.95,8204,0
2016-11-08 14:28:00,NMDC,127.0,127.1,126.85,126.9,9058,0
2016-11-08 14:29:00,NMDC,126.9,127.3,126.75,127.25,20072,0
2016-11-08 14:30:00,NMDC,127.15,127.3,127.05,127.15,29270,0
2016-11-08 14:31:00,NMDC,127.15,127.2,127.1,127.2,883,0
2016-11-08 14:32:00,NMDC,127.2,127.4,127.15,127.3,6502,0
2016-11-08 14:33:00,NMDC,127.3,127.6,127.25,127.4,31730,0
2016-11-08 14:34:00,NMDC,127.4,127.45,127.3,127.3,1170,0
2016-11-08 14:35:00,NMDC,127.35,127.55,127.35,127.45,2922,0
2016-11-08 14:36:00,NMDC,127.45,127.5,127.3,127.35,3977,0
2016-11-08 14:37:00,NMDC,127.3,127.4,127.3,127.3,1405,0
2016-11-08 14:38:00,NMDC,127.4,127.4,127.15,127.25,9341,0
2016-11-08 14:39:00,NMDC,127.25,127.3,127.1,127.1,8870,0
2016-11-08 14:40:00,NMDC,127.1,127.25,127.05,127.2,2495,0
2016-11-08 14:41:00,NMDC,127.15,127.25,127.1,127.1,5711,0
2016-11-08 14:42:00,NMDC,127.05,127.25,127.0,127.25,12095,0
2016-11-08 14:43:00,NMDC,127.25,127.25,127.1,127.1,1328,0
2016-11-08 14:44:00,NMDC,127.15,127.2,127.1,127.2,1596,0
2016-11-08 14:45:00,NMDC,127.1,127.3,127.1,127.25,6541,0
2016-11-08 14:46:00,NMDC,127.25,127.25,127.15,127.2,2917,0
2016-11-08 14:47:00,NMDC,127.2,127.2,127.05,127.2,1283,0
2016-11-08 14:48:00,NMDC,127.05,127.05,127.0,127.0,1876,0
2016-11-08 14:49:00,NMDC,127.0,127.25,127.0,127.2,2014,0
2016-11-08 14:50:00,NMDC,127.15,127.2,127.1,127.2,978,0
2016-11-08 14:51:00,NMDC,127.2,127.4,127.2,127.3,10954,0
2016-11-08 14:52:00,NMDC,127.35,127.35,127.2,127.2,423,0
2016-11-08 14:53:00,NMDC,127.1,127.2,127.05,127.2,995,0
2016-11-08 14:54:00,NMDC,127.15,127.2,127.1,127.15,1725,0
2016-11-08 14:55:00,NMDC,127.15,127.15,127.1,127.1,607,0
2016-11-08 14:56:00,NMDC,127.1,127.1,127.0,127.0,2542,0
2016-11-08 14:57:00,NMDC,127.0,127.15,127.0,127.15,11383,0
2016-11-08 14:58:00,NMDC,127.15,127.3,127.15,127.3,544,0
2016-11-08 14:59:00,NMDC,127.3,127.35,127.25,127.25,1005,0
2016-11-08 15:00:00,NMDC,127.25,127.25,127.1,127.1,2444,0
2016-11-08 15:01:00,NMDC,127.15,127.3,127.1,127.3,10637,0
2016-11-08 15:02:00,NMDC,127.25,127.3,127.25,127.25,3915,0
2016-11-08 15:03:00,NMDC,127.25,127.3,127.25,127.3,2271,0
2016-11-08 15:04:00,NMDC,127.35,127.35,127.25,127.25,10983,0
2016-11-08 15:05:00,NMDC,127.2,127.4,127.2,127.3,7096,0
2016-11-08 15:06:00,NMDC,127.4,127.5,127.4,127.5,9483,0
2016-11-08 15:07:00,NMDC,127.5,127.65,127.45,127.6,13234,0
2016-11-08 15:08:00,NMDC,127.6,127.75,127.6,127.7,9817,0
2016-11-08 15:09:00,NMDC,127.7,127.9,127.7,127.9,9718,0
2016-11-08 15:10:00,NMDC,127.9,127.95,127.6,127.6,15880,0
2016-11-08 15:11:00,NMDC,127.65,127.65,127.45,127.45,11424,0
2016-11-08 15:12:00,NMDC,127.55,127.9,127.5,127.85,13519,0
2016-11-08 15:13:00,NMDC,127.85,127.85,127.6,127.8,11468,0
2016-11-08 15:14:00,NMDC,127.65,127.85,127.5,127.5,14504,0
2016-11-08 15:15:00,NMDC,127.5,127.55,127.35,127.4,17476,0
2016-11-08 15:16:00,NMDC,127.35,127.45,127.2,127.2,6289,0
2016-11-08 15:17:00,NMDC,127.2,127.65,127.2,127.4,13049,0
2016-11-08 15:18:00,NMDC,127.4,127.4,127.25,127.35,7520,0
2016-11-08 15:19:00,NMDC,127.25,127.35,127.15,127.2,22999,0
2016-11-08 15:20:00,NMDC,127.35,127.35,127.2,127.3,7734,0
2016-11-08 15:21:00,NMDC,127.2,127.35,127.2,127.3,16918,0
2016-11-08 15:22:00,NMDC,127.35,127.4,127.3,127.3,16910,0
2016-11-08 15:23:00,NMDC,127.3,127.7,127.3,127.7,16109,0
2016-11-08 15:24:00,NMDC,127.5,127.8,127.4,127.7,33655,0
2016-11-08 15:25:00,NMDC,127.65,127.7,127.45,127.5,11084,0
2016-11-08 15:26:00,NMDC,127.6,127.6,127.3,127.3,14688,0
2016-11-08 15:27:00,NMDC,127.25,127.25,127.05,127.15,18811,0
2016-11-08 15:28:00,NMDC,127.1,127.25,127.05,127.15,8715,0
2016-11-08 15:29:00,NMDC,127.2,127.2,127.1,127.15,14468,0
2016-11-08 15:30:00,NMDC,127.5,127.7,127.35,127.7,36695,0
2016-11-08 15:31:00,NMDC,127.5,127.5,127.5,127.5,5003,0
2016-11-08 15:41:00,NMDC,127.45,127.45,127.45,127.45,652,0
2016-11-08 15:42:00,NMDC,127.45,127.45,127.45,127.45,49,0
2016-11-08 15:43:00,NMDC,127.45,127.45,127.45,127.45,774,0
2016-11-08 15:45:00,NMDC,127.45,127.45,127.45,127.45,500,0
2016-11-08 15:48:00,NMDC,127.5,127.5,127.5,127.5,500,0
2016-11-08 15:50:00,NMDC,127.45,127.45,127.45,127.45,2,0
2016-11-08 16:37:00,NMDC,127.45,127.45,127.45,127.45,1,0
2016-11-09 09:08:00,NMDC,118.4,118.4,118.4,118.4,11093,0
2016-11-09 09:16:00,NMDC,118.25,118.4,114.8,114.9,59553,0
2016-11-09 09:17:00,NMDC,114.9,115.75,114.8,115.55,29592,0
2016-11-09 09:18:00,NMDC,115.55,115.9,115.0,115.65,24240,0
2016-11-09 09:19:00,NMDC,115.6,116.1,115.6,116.1,41032,0
2016-11-09 09:20:00,NMDC,116.05,116.4,115.65,115.85,40433,0
2016-11-09 09:21:00,NMDC,115.85,116.0,115.65,115.8,24510,0
2016-11-09 09:22:00,NMDC,115.8,116.1,115.75,116.0,28846,0
2016-11-09 09:23:00,NMDC,116.0,120.0,115.05,119.7,310032,0
2016-11-09 09:24:00,NMDC,118.45,119.2,118.1,118.1,111869,0
2016-11-09 09:25:00,NMDC,118.2,118.7,117.8,118.1,57247,0
2016-11-09 09:26:00,NMDC,118.0,119.6,118.0,119.3,39929,0
2016-11-09 09:27:00,NMDC,119.4,119.7,118.9,119.4,50341,0
2016-11-09 09:28:00,NMDC,119.35,119.35,118.75,119.15,32886,0
2016-11-09 09:29:00,NMDC,119.15,119.15,118.8,118.85,19301,0
2016-11-09 09:30:00,NMDC,118.85,119.55,118.7,119.15,23228,0
2016-11-09 09:31:00,NMDC,119.35,119.45,118.35,118.6,72043,0
2016-11-09 09:32:00,NMDC,118.6,119.35,118.4,119.3,19329,0
2016-11-09 09:33:00,NMDC,119.3,119.75,119.3,119.6,13110,0
2016-11-09 09:34:00,NMDC,119.75,120.5,119.45,120.3,39238,0
2016-11-09 09:35:00,NMDC,120.3,122.35,120.05,122.05,52508,0
2016-11-09 09:36:00,NMDC,122.3,123.0,121.85,122.55,79090,0
2016-11-09 09:37:00,NMDC,122.55,123.6,122.45,122.65,107301,0
2016-11-09 09:38:00,NMDC,122.65,123.3,122.6,122.95,52904,0
2016-11-09 09:39:00,NMDC,122.9,123.0,122.1,122.25,64274,0
2016-11-09 09:40:00,NMDC,122.35,123.2,122.2,123.1,119638,0
2016-11-09 09:41:00,NMDC,123.1,123.6,123.0,123.05,42917,0
2016-11-09 09:42:00,NMDC,123.15,123.75,123.15,123.2,74593,0
2016-11-09 09:43:00,NMDC,123.2,123.6,122.45,122.7,91507,0
2016-11-09 09:44:00,NMDC,122.7,122.95,121.7,122.8,40704,0
2016-11-09 09:45:00,NMDC,122.7,123.1,121.9,122.65,41215,0
2016-11-09 09:46:00,NMDC,122.65,122.7,121.3,121.9,29280,0
2016-11-09 09:47:00,NMDC,121.65,121.85,121.35,121.4,9490,0
2016-11-09 09:48:00,NMDC,121.5,122.25,121.45,121.5,35201,0
2016-11-09 09:49:00,NMDC,121.6,121.9,120.65,121.15,38157,0
2016-11-09 09:50:00,NMDC,121.0,121.35,120.35,121.0,24270,0
2016-11-09 09:51:00,NMDC,121.1,121.3,119.8,119.8,64389,0
2016-11-09 09:52:00,NMDC,119.95,120.55,119.85,120.45,42642,0
2016-11-09 09:53:00,NMDC,120.8,121.25,120.7,120.8,36596,0
2016-11-09 09:54:00,NMDC,121.1,121.2,120.6,120.65,24299,0
2016-11-09 09:55:00,NMDC,120.65,120.9,120.15,120.15,23808,0
2016-11-09 09:56:00,NMDC,120.4,121.15,120.4,120.75,20634,0
2016-11-09 09:57:00,NMDC,120.75,121.0,120.65,120.65,19837,0
2016-11-09 09:58:00,NMDC,120.6,121.35,120.6,121.0,21127,0
2016-11-09 09:59:00,NMDC,121.0,121.45,120.9,121.4,13848,0
2016-11-09 10:00:00,NMDC,121.35,121.4,120.8,121.3,14536,0
2016-11-09 10:01:00,NMDC,121.2,121.2,120.1,121.2,45327,0
2016-11-09 10:02:00,NMDC,121.3,121.35,120.45,121.05,34653,0
2016-11-09 10:03:00,NMDC,121.0,121.25,120.2,120.2,24986,0
2016-11-09 10:04:00,NMDC,120.2,120.95,120.0,120.8,40788,0
2016-11-09 10:05:00,NMDC,120.85,121.1,120.5,120.55,37081,0
2016-11-09 10:06:00,NMDC,120.6,120.65,120.0,120.2,38937,0
2016-11-09 10:07:00,NMDC,120.1,120.1,118.45,118.45,52830,0
2016-11-09 10:08:00,NMDC,118.5,119.5,118.3,118.8,31956,0
2016-11-09 10:09:00,NMDC,118.65,118.85,118.4,118.4,30847,0
2016-11-09 10:10:00,NMDC,118.35,118.65,118.1,118.35,21735,0
2016-11-09 10:11:00,NMDC,118.35,118.35,117.5,117.5,119669,0
2016-11-09 10:12:00,NMDC,117.5,118.05,117.4,118.05,13313,0
2016-11-09 10:13:00,NMDC,118.1,118.2,117.55,118.2,24024,0
2016-11-09 10:14:00,NMDC,118.1,118.8,117.45,117.65,22554,0
2016-11-09 10:15:00,NMDC,117.5,118.55,117.3,117.45,52716,0
2016-11-09 10:16:00,NMDC,117.4,118.15,117.4,118.15,21428,0
2016-11-09 10:17:00,NMDC,118.15,118.15,117.5,117.65,11962,0
2016-11-09 10:18:00,NMDC,117.7,117.85,117.2,117.2,11770,0
2016-11-09 10:19:00,NMDC,117.25,117.35,117.05,117.1,13558,0
2016-11-09 10:20:00,NMDC,117.1,117.2,117.05,117.1,10293,0
2016-11-09 10:21:00,NMDC,117.1,117.8,117.0,117.6,9909,0
2016-11-09 10:22:00,NMDC,117.6,118.5,117.4,118.5,18261,0
2016-11-09 10:23:00,NMDC,118.35,118.95,118.15,118.15,17522,0
2016-11-09 10:24:00,NMDC,118.55,118.8,118.4,118.8,8478,0
2016-11-09 10:25:00,NMDC,118.55,118.55,118.1,118.25,7901,0
2016-11-09 10:26:00,NMDC,118.15,118.15,118.05,118.1,3890,0
2016-11-09 10:27:00,NMDC,118.2,118.45,118.05,118.2,13236,0
2016-11-09 10:28:00,NMDC,118.1,118.25,118.0,118.1,10854,0
2016-11-09 10:29:00,NMDC,118.15,118.3,118.0,118.2,12884,0
2016-11-09 10:30:00,NMDC,118.2,118.35,118.1,118.25,47543,0
2016-11-09 10:31:00,NMDC,118.2,118.25,118.05,118.05,2105,0
2016-11-09 10:32:00,NMDC,118.1,118.25,118.0,118.15,2109,0
2016-11-09 10:33:00,NMDC,118.1,118.5,118.1,118.25,36422,0
2016-11-09 10:34:00,NMDC,118.2,118.4,117.8,117.85,61836,0
2016-11-09 10:35:00,NMDC,117.9,118.2,117.7,118.0,14081,0
2016-11-09 10:36:00,NMDC,117.9,118.15,117.85,118.0,17693,0
2016-11-09 10:37:00,NMDC,118.05,118.2,117.9,118.0,8080,0
2016-11-09 10:38:00,NMDC,118.0,118.1,117.85,117.85,7663,0
2016-11-09 10:39:00,NMDC,117.85,118.0,117.8,118.0,2389,0
2016-11-09 10:40:00,NMDC,118.0,118.0,117.8,117.9,3989,0
2016-11-09 10:41:00,NMDC,117.8,118.0,117.75,117.95,2353,0
2016-11-09 10:42:00,NMDC,117.9,117.95,117.7,117.95,4528,0
2016-11-09 10:43:00,NMDC,118.0,118.45,117.8,118.2,3567,0
2016-11-09 10:44:00,NMDC,118.25,118.5,118.2,118.4,11721,0
2016-11-09 10:45:00,NMDC,118.5,118.55,118.3,118.4,7698,0
2016-11-09 10:46:00,NMDC,118.4,118.75,118.4,118.6,6310,0
2016-11-09 10:47:00,NMDC,118.65,118.8,118.6,118.8,5655,0
2016-11-09 10:48:00,NMDC,118.85,119.0,118.7,118.8,9965,0
2016-11-09 10:49:00,NMDC,118.7,118.95,118.65,118.95,10439,0
2016-11-09 10:50:00,NMDC,118.95,119.0,118.7,118.7,2987,0
2016-11-09 10:51:00,NMDC,118.6,118.8,118.5,118.7,8199,0
2016-11-09 10:52:00,NMDC,118.75,118.95,118.65,118.7,4186,0
2016-11-09 10:53:00,NMDC,118.8,118.9,118.7,118.75,1167,0
2016-11-09 10:54:00,NMDC,118.85,118.95,118.8,118.9,6900,0
2016-11-09 10:55:00,NMDC,118.9,118.95,118.85,118.85,3719,0
2016-11-09 10:56:00,NMDC,118.9,119.25,118.9,119.1,12650,0
2016-11-09 10:57:00,NMDC,119.1,119.4,119.05,119.15,3023,0
2016-11-09 10:58:00,NMDC,119.15,119.5,119.15,119.5,3330,0
2016-11-09 10:59:00,NMDC,119.5,120.35,119.45,120.05,16865,0
2016-11-09 11:00:00,NMDC,120.1,120.7,120.1,120.45,9318,0
2016-11-09 11:01:00,NMDC,120.25,120.5,120.0,120.15,5366,0
2016-11-09 11:02:00,NMDC,120.1,120.1,119.45,119.45,11206,0
2016-11-09 11:03:00,NMDC,119.45,119.8,119.3,119.55,3506,0
2016-11-09 11:04:00,NMDC,119.8,120.0,119.55,119.85,5581,0
2016-11-09 11:05:00,NMDC,120.15,120.35,120.1,120.3,2136,0
2016-11-09 11:06:00,NMDC,120.15,120.2,119.85,120.15,2708,0
2016-11-09 11:07:00,NMDC,120.0,120.2,120.0,120.15,3640,0
2016-11-09 11:08:00,NMDC,120.0,120.15,120.0,120.0,5190,0
2016-11-09 11:09:00,NMDC,120.0,120.0,119.55,119.9,2781,0
2016-11-09 11:10:00,NMDC,120.0,120.05,119.85,120.05,4722,0
2016-11-09 11:11:00,NMDC,120.1,120.1,119.7,119.75,3934,0
2016-11-09 11:12:00,NMDC,119.75,120.05,119.75,120.05,2172,0
2016-11-09 11:13:00,NMDC,120.15,120.15,120.05,120.05,2810,0
2016-11-09 11:14:00,NMDC,120.05,120.15,120.05,120.1,3144,0
2016-11-09 11:15:00,NMDC,120.2,120.2,120.05,120.05,4407,0
2016-11-09 11:16:00,NMDC,120.05,120.1,120.0,120.0,5867,0
2016-11-09 11:17:00,NMDC,119.95,120.0,119.75,119.85,2640,0
2016-11-09 11:18:00,NMDC,119.8,120.2,119.8,120.0,6739,0
2016-11-09 11:19:00,NMDC,120.0,120.2,119.9,120.15,5942,0
2016-11-09 11:20:00,NMDC,120.15,120.25,120.05,120.25,2065,0
2016-11-09 11:21:00,NMDC,120.15,120.3,120.15,120.2,12391,0
2016-11-09 11:22:00,NMDC,120.2,120.25,120.15,120.25,6974,0
2016-11-09 11:23:00,NMDC,120.25,120.3,120.15,120.2,6357,0
2016-11-09 11:24:00,NMDC,120.1,120.2,120.05,120.2,7127,0
2016-11-09 11:25:00,NMDC,120.2,120.25,120.15,120.15,1863,0
2016-11-09 11:26:00,NMDC,120.15,120.25,120.1,120.15,6245,0
2016-11-09 11:27:00,NMDC,120.15,120.15,120.0,120.05,1935,0
2016-11-09 11:28:00,NMDC,120.2,120.25,120.15,120.25,7758,0
2016-11-09 11:29:00,NMDC,120.2,120.65,120.1,120.65,13566,0
2016-11-09 11:30:00,NMDC,120.7,120.7,120.1,120.5,42890,0
2016-11-09 11:31:00,NMDC,120.35,120.65,120.3,120.35,16720,0
2016-11-09 11:32:00,NMDC,120.35,120.4,120.2,120.35,7187,0
2016-11-09 11:33:00,NMDC,120.35,120.55,120.3,120.55,14953,0
2016-11-09 11:34:00,NMDC,120.5,120.5,120.1,120.2,5200,0
2016-11-09 11:35:00,NMDC,120.2,120.35,120.15,120.25,757,0
2016-11-09 11:36:00,NMDC,120.25,120.4,120.15,120.25,3308,0
2016-11-09 11:37:00,NMDC,120.3,120.4,120.2,120.3,3544,0
2016-11-09 11:38:00,NMDC,120.3,120.3,120.1,120.1,3897,0
2016-11-09 11:39:00,NMDC,120.1,120.1,120.0,120.05,10821,0
2016-11-09 11:40:00,NMDC,120.1,120.15,119.85,120.15,7131,0
2016-11-09 11:41:00,NMDC,120.1,120.1,119.95,120.05,8440,0
2016-11-09 11:42:00,NMDC,119.85,120.0,119.6,120.0,4424,0
2016-11-09 11:43:00,NMDC,120.0,120.15,119.85,120.1,3560,0
2016-11-09 11:44:00,NMDC,120.0,120.25,120.0,120.2,2103,0
2016-11-09 11:45:00,NMDC,120.25,120.65,120.25,120.65,5188,0
2016-11-09 11:46:00,NMDC,120.6,120.65,120.35,120.35,8608,0
2016-11-09 11:47:00,NMDC,120.45,120.5,120.25,120.3,8422,0
2016-11-09 11:48:00,NMDC,120.3,120.5,120.2,120.4,17806,0
2016-11-09 11:49:00,NMDC,120.5,120.5,120.0,120.1,9287,0
2016-11-09 11:50:00,NMDC,120.25,120.6,120.2,120.6,965,0
2016-11-09 11:51:00,NMDC,120.55,120.65,120.2,120.5,7941,0
2016-11-09 11:52:00,NMDC,120.45,120.7,120.45,120.5,4427,0
2016-11-09 11:53:00,NMDC,120.7,120.7,120.3,120.4,4130,0
2016-11-09 11:54:00,NMDC,120.45,120.5,120.4,120.5,1449,0
2016-11-09 11:55:00,NMDC,120.5,120.55,120.4,120.5,1231,0
2016-11-09 11:56:00,NMDC,120.5,120.55,120.45,120.45,3478,0
2016-11-09 11:57:00,NMDC,120.5,120.55,120.4,120.5,5058,0
2016-11-09 11:58:00,NMDC,120.55,120.9,120.55,120.55,14726,0
2016-11-09 11:59:00,NMDC,120.65,120.85,120.55,120.65,4131,0
2016-11-09 12:00:00,NMDC,120.7,121.0,120.65,120.95,17306,0
2016-11-09 12:01:00,NMDC,120.85,120.95,120.7,120.85,13343,0
2016-11-09 12:02:00,NMDC,120.85,121.0,120.8,120.85,16351,0
2016-11-09 12:03:00,NMDC,120.95,120.95,120.25,120.25,15844,0
2016-11-09 12:04:00,NMDC,120.3,121.4,120.3,120.6,10321,0
2016-11-09 12:05:00,NMDC,120.8,120.8,120.05,120.15,8318,0
2016-11-09 12:06:00,NMDC,120.15,120.65,120.15,120.65,7762,0
2016-11-09 12:07:00,NMDC,120.55,120.6,120.3,120.3,873,0
2016-11-09 12:08:00,NMDC,120.25,120.4,120.2,120.2,1360,0
2016-11-09 12:09:00,NMDC,120.15,120.45,120.1,120.1,2382,0
2016-11-09 12:10:00,NMDC,120.0,120.0,119.8,119.95,9184,0
2016-11-09 12:11:00,NMDC,119.8,120.3,119.8,120.2,4730,0
2016-11-09 12:12:00,NMDC,120.2,120.35,120.15,120.15,4558,0
2016-11-09 12:13:00,NMDC,120.2,120.4,120.15,120.4,3864,0
2016-11-09 12:14:00,NMDC,120.25,120.4,120.2,120.4,699,0
2016-11-09 12:15:00,NMDC,120.35,120.35,119.75,119.95,21689,0
2016-11-09 12:16:00,NMDC,119.85,119.95,119.8,119.8,903,0
2016-11-09 12:17:00,NMDC,119.9,119.9,119.7,119.8,3966,0
2016-11-09 12:18:00,NMDC,119.85,120.05,119.75,119.95,4796,0
2016-11-09 12:19:00,NMDC,120.0,120.2,120.0,120.15,3873,0
2016-11-09 12:20:00,NMDC,120.05,120.15,119.95,120.05,8107,0
2016-11-09 12:21:00,NMDC,120.0,120.25,119.95,120.05,3125,0
2016-11-09 12:22:00,NMDC,120.05,120.15,120.0,120.1,1572,0
2016-11-09 12:23:00,NMDC,120.1,120.15,120.0,120.0,391,0
2016-11-09 12:24:00,NMDC,120.1,120.2,120.0,120.1,2186,0
2016-11-09 12:25:00,NMDC,120.1,120.2,120.05,120.15,2370,0
2016-11-09 12:26:00,NMDC,120.1,120.1,120.05,120.1,4143,0
2016-11-09 12:27:00,NMDC,120.1,120.2,120.05,120.1,2316,0
2016-11-09 12:28:00,NMDC,120.1,120.15,120.0,120.0,2300,0
2016-11-09 12:29:00,NMDC,120.05,120.15,120.0,120.15,6825,0
2016-11-09 12:30:00,NMDC,120.05,120.2,119.9,120.2,3987,0
2016-11-09 12:31:00,NMDC,120.0,120.35,120.0,120.05,11720,0
2016-11-09 12:32:00,NMDC,120.0,120.15,120.0,120.15,3612,0
2016-11-09 12:33:00,NMDC,120.1,120.3,120.1,120.3,11043,0
2016-11-09 12:34:00,NMDC,120.4,120.9,120.35,120.9,6297,0
2016-11-09 12:35:00,NMDC,120.85,121.0,120.7,120.7,7166,0
2016-11-09 12:36:00,NMDC,120.65,120.7,120.5,120.5,1525,0
2016-11-09 12:37:00,NMDC,120.65,120.75,120.5,120.75,1511,0
2016-11-09 12:38:00,NMDC,120.75,121.2,120.75,120.85,10094,0
2016-11-09 12:39:00,NMDC,120.85,121.4,120.85,121.4,12985,0
2016-11-09 12:40:00,NMDC,121.35,121.35,121.05,121.05,27675,0
2016-11-09 12:41:00,NMDC,121.15,121.25,121.1,121.25,9228,0
2016-11-09 12:42:00,NMDC,121.25,121.3,121.0,121.05,10047,0
2016-11-09 12:43:00,NMDC,121.1,121.2,121.0,121.0,5252,0
2016-11-09 12:44:00,NMDC,120.95,121.0,120.85,120.95,3868,0
2016-11-09 12:45:00,NMDC,120.9,120.95,120.85,120.9,3517,0
2016-11-09 12:46:00,NMDC,120.9,121.15,120.85,120.9,7575,0
2016-11-09 12:47:00,NMDC,120.95,120.95,120.75,120.75,3960,0
2016-11-09 12:48:00,NMDC,120.8,121.05,120.75,121.05,6782,0
2016-11-09 12:49:00,NMDC,121.1,121.4,121.05,121.25,16488,0
2016-11-09 12:50:00,NMDC,121.3,121.35,121.2,121.2,3183,0
2016-11-09 12:51:00,NMDC,121.25,121.5,121.25,121.5,7691,0
2016-11-09 12:52:00,NMDC,121.55,121.65,121.4,121.5,9177,0
2016-11-09 12:53:00,NMDC,121.6,121.75,121.6,121.75,6582,0
2016-11-09 12:54:00,NMDC,121.7,121.75,121.5,121.5,14674,0
2016-11-09 12:55:00,NMDC,121.5,121.55,121.35,121.4,9296,0
2016-11-09 12:56:00,NMDC,121.5,121.5,121.4,121.5,7811,0
2016-11-09 12:57:00,NMDC,121.55,121.55,121.35,121.5,5994,0
2016-11-09 12:58:00,NMDC,121.45,121.65,121.45,121.6,10640,0
2016-11-09 12:59:00,NMDC,121.65,121.65,121.4,121.45,3799,0
2016-11-09 13:00:00,NMDC,121.5,121.65,121.45,121.6,8852,0
2016-11-09 13:01:00,NMDC,121.65,121.65,121.2,121.2,11495,0
2016-11-09 13:02:00,NMDC,121.3,121.65,121.25,121.45,16629,0
2016-11-09 13:03:00,NMDC,121.45,121.65,121.4,121.4,3916,0
2016-11-09 13:04:00,NMDC,121.35,121.5,121.3,121.5,1328,0
2016-11-09 13:05:00,NMDC,121.4,121.45,121.0,121.05,8961,0
2016-11-09 13:06:00,NMDC,121.0,121.65,120.8,121.55,8984,0
2016-11-09 13:07:00,NMDC,121.6,121.6,121.2,121.2,16696,0
2016-11-09 13:08:00,NMDC,121.2,121.6,121.15,121.5,14708,0
2016-11-09 13:09:00,NMDC,121.55,121.6,121.4,121.6,1328,0
2016-11-09 13:10:00,NMDC,121.6,121.7,121.5,121.6,3759,0
2016-11-09 13:11:00,NMDC,121.55,121.95,121.5,121.7,14728,0
2016-11-09 13:12:00,NMDC,121.75,121.95,121.7,121.9,10073,0
2016-11-09 13:13:00,NMDC,121.8,122.3,121.8,122.3,17667,0
2016-11-09 13:14:00,NMDC,122.5,122.7,122.35,122.6,22794,0
2016-11-09 13:15:00,NMDC,122.65,123.0,122.5,122.65,27671,0
2016-11-09 13:16:00,NMDC,122.6,122.6,122.0,122.55,16336,0
2016-11-09 13:17:00,NMDC,122.65,122.8,122.45,122.65,7213,0
2016-11-09 13:18:00,NMDC,122.65,123.5,122.6,123.4,42647,0
2016-11-09 13:19:00,NMDC,123.35,123.8,123.2,123.3,47430,0
2016-11-09 13:20:00,NMDC,123.2,123.6,123.15,123.3,17679,0
2016-11-09 13:21:00,NMDC,123.35,123.75,123.3,123.35,11779,0
2016-11-09 13:22:00,NMDC,123.25,123.5,123.2,123.5,5477,0
2016-11-09 13:23:00,NMDC,123.45,123.45,123.1,123.3,11000,0
2016-11-09 13:24:00,NMDC,123.3,123.3,122.5,122.75,20011,0
2016-11-09 13:25:00,NMDC,122.7,123.45,122.7,123.2,11461,0
2016-11-09 13:26:00,NMDC,123.15,123.45,122.9,123.45,13603,0
2016-11-09 13:27:00,NMDC,123.3,123.45,122.65,123.0,20284,0
2016-11-09 13:28:00,NMDC,122.8,123.1,122.8,122.95,7394,0
2016-11-09 13:29:00,NMDC,123.0,123.4,123.0,123.25,7766,0
2016-11-09 13:30:00,NMDC,123.25,123.35,122.95,123.05,7385,0
2016-11-09 13:31:00,NMDC,123.1,123.3,123.05,123.3,6026,0
2016-11-09 13:32:00,NMDC,123.25,123.25,123.05,123.05,2939,0
2016-11-09 13:33:00,NMDC,123.05,123.4,123.05,123.15,12014,0
2016-11-09 13:34:00,NMDC,123.15,123.35,123.05,123.25,5816,0
2016-11-09 13:35:00,NMDC,123.35,123.35,123.0,123.2,24849,0
2016-11-09 13:36:00,NMDC,123.15,123.3,123.0,123.05,8694,0
2016-11-09 13:37:00,NMDC,123.1,123.4,123.05,123.2,10643,0
2016-11-09 13:38:00,NMDC,123.35,123.35,123.1,123.25,8599,0
2016-11-09 13:39:00,NMDC,123.2,123.7,123.2,123.5,9648,0
2016-11-09 13:40:00,NMDC,123.55,123.6,123.25,123.35,7130,0
2016-11-09 13:41:00,NMDC,123.55,124.3,123.5,124.1,17172,0
2016-11-09 13:42:00,NMDC,124.3,124.6,124.1,124.35,14689,0
2016-11-09 13:43:00,NMDC,124.4,124.6,124.4,124.5,18925,0
2016-11-09 13:44:00,NMDC,124.35,124.55,124.25,124.4,18045,0
2016-11-09 13:45:00,NMDC,124.4,124.9,124.4,124.9,8048,0
2016-11-09 13:46:00,NMDC,124.85,124.85,124.45,124.6,6788,0
2016-11-09 13:47:00,NMDC,124.6,124.65,124.3,124.3,11042,0
2016-11-09 13:48:00,NMDC,124.35,124.45,124.1,124.1,6525,0
2016-11-09 13:49:00,NMDC,124.05,124.1,123.85,123.95,11809,0
2016-11-09 13:50:00,NMDC,123.95,124.1,123.85,124.1,15046,0
2016-11-09 13:51:00,NMDC,124.15,124.4,124.1,124.1,7520,0
2016-11-09 13:52:00,NMDC,124.05,124.05,123.8,123.8,5748,0
2016-11-09 13:53:00,NMDC,123.8,123.85,123.4,123.4,8159,0
2016-11-09 13:54:00,NMDC,123.45,123.8,123.05,123.8,13731,0
2016-11-09 13:55:00,NMDC,123.6,123.75,123.1,123.15,22070,0
2016-11-09 13:56:00,NMDC,123.2,123.65,123.2,123.3,14708,0
2016-11-09 13:57:00,NMDC,123.2,123.55,123.2,123.4,5101,0
2016-11-09 13:58:00,NMDC,123.35,123.55,123.25,123.5,7124,0
2016-11-09 13:59:00,NMDC,123.6,123.65,123.3,123.35,15515,0
2016-11-09 14:00:00,NMDC,123.3,123.95,123.3,123.85,18606,0
2016-11-09 14:01:00,NMDC,124.0,124.1,123.55,123.55,14639,0
2016-11-09 14:02:00,NMDC,123.55,124.05,123.5,123.95,10664,0
2016-11-09 14:03:00,NMDC,123.9,124.0,123.6,123.6,18327,0
2016-11-09 14:04:00,NMDC,123.6,124.05,123.55,124.05,16847,0
2016-11-09 14:05:00,NMDC,123.95,123.95,123.35,123.65,16507,0
2016-11-09 14:06:00,NMDC,123.8,124.1,123.7,124.0,8002,0
2016-11-09 14:07:00,NMDC,123.95,124.1,123.8,123.95,19967,0
2016-11-09 14:08:00,NMDC,124.0,124.0,123.7,123.8,10217,0
2016-11-09 14:09:00,NMDC,123.9,124.2,123.8,124.15,13465,0
2016-11-09 14:10:00,NMDC,124.15,124.3,124.15,124.3,3891,0
2016-11-09 14:11:00,NMDC,124.4,124.45,124.25,124.35,5956,0
2016-11-09 14:12:00,NMDC,124.4,124.8,124.4,124.75,4457,0
2016-11-09 14:13:00,NMDC,124.75,124.75,124.4,124.4,12059,0
2016-11-09 14:14:00,NMDC,124.3,124.3,124.0,124.05,16039,0
2016-11-09 14:15:00,NMDC,124.05,124.8,124.05,124.55,24676,0
2016-11-09 14:16:00,NMDC,124.8,124.9,124.6,124.85,14172,0
2016-11-09 14:17:00,NMDC,124.9,124.9,124.6,124.6,8628,0
2016-11-09 14:18:00,NMDC,124.55,124.7,123.95,124.1,56126,0
2016-11-09 14:19:00,NMDC,124.25,124.7,124.05,124.7,6252,0
2016-11-09 14:20:00,NMDC,124.55,124.6,123.85,124.2,16703,0
2016-11-09 14:21:00,NMDC,124.2,124.5,123.95,124.05,16412,0
2016-11-09 14:22:00,NMDC,124.05,124.2,123.95,124.15,17230,0
2016-11-09 14:23:00,NMDC,124.15,124.35,123.9,124.15,7252,0
2016-11-09 14:24:00,NMDC,124.05,124.15,123.8,123.95,4549,0
2016-11-09 14:25:00,NMDC,123.95,124.0,123.7,123.95,10278,0
2016-11-09 14:26:00,NMDC,123.9,124.1,123.9,123.9,3264,0
2016-11-09 14:27:00,NMDC,123.85,123.9,123.7,123.85,12392,0
2016-11-09 14:28:00,NMDC,123.85,123.9,123.6,123.7,4868,0
2016-11-09 14:29:00,NMDC,123.65,123.95,123.65,123.85,1951,0
2016-11-09 14:30:00,NMDC,123.8,123.9,123.65,123.8,7427,0
2016-11-09 14:31:00,NMDC,123.75,124.1,123.75,124.05,3092,0
2016-11-09 14:32:00,NMDC,123.95,124.35,123.95,124.35,4178,0
2016-11-09 14:33:00,NMDC,124.35,124.4,124.15,124.25,4398,0
2016-11-09 14:34:00,NMDC,124.4,125.3,124.35,125.2,26729,0
2016-11-09 14:35:00,NMDC,125.15,125.25,125.0,125.05,10498,0
2016-11-09 14:36:00,NMDC,125.05,125.25,125.0,125.05,7227,0
2016-11-09 14:37:00,NMDC,125.05,125.05,124.7,124.95,10503,0
2016-11-09 14:38:00,NMDC,124.9,125.15,124.85,125.15,14389,0
2016-11-09 14:39:00,NMDC,125.25,125.25,124.8,124.8,26717,0
2016-11-09 14:40:00,NMDC,124.75,124.95,124.6,124.75,8590,0
2016-11-09 14:41:00,NMDC,124.7,124.7,124.3,124.3,5407,0
2016-11-09 14:42:00,NMDC,124.2,124.2,123.85,124.05,3422,0
2016-11-09 14:43:00,NMDC,124.0,124.15,123.55,123.75,37554,0
2016-11-09 14:44:00,NMDC,123.6,123.95,123.15,123.65,23828,0
2016-11-09 14:45:00,NMDC,124.2,124.4,123.5,123.8,33684,0
2016-11-09 14:46:00,NMDC,123.8,123.85,123.15,123.35,8598,0
2016-11-09 14:47:00,NMDC,123.4,123.4,123.15,123.2,4072,0
2016-11-09 14:48:00,NMDC,123.15,123.2,122.75,123.0,12813,0
2016-11-09 14:49:00,NMDC,123.0,123.95,122.65,123.6,23869,0
2016-11-09 14:50:00,NMDC,123.65,123.65,122.05,122.1,24422,0
2016-11-09 14:51:00,NMDC,122.2,122.3,122.05,122.2,12329,0
2016-11-09 14:52:00,NMDC,122.2,122.5,122.15,122.45,9889,0
2016-11-09 14:53:00,NMDC,122.45,122.8,122.4,122.8,17575,0
2016-11-09 14:54:00,NMDC,122.8,122.8,122.2,122.2,12455,0
2016-11-09 14:55:00,NMDC,122.1,122.75,122.05,122.7,5488,0
2016-11-09 14:56:00,NMDC,122.6,123.15,122.6,123.05,12914,0
2016-11-09 14:57:00,NMDC,123.0,123.0,122.15,122.15,21247,0
2016-11-09 14:58:00,NMDC,122.2,122.9,122.2,122.75,13450,0
2016-11-09 14:59:00,NMDC,122.55,123.15,122.45,123.15,13535,0
2016-11-09 15:00:00,NMDC,123.1,123.65,123.05,123.6,13391,0
2016-11-09 15:01:00,NMDC,123.6,123.65,123.1,123.2,10832,0
2016-11-09 15:02:00,NMDC,123.3,123.55,123.2,123.55,7028,0
2016-11-09 15:03:00,NMDC,123.55,123.75,123.4,123.7,14029,0
2016-11-09 15:04:00,NMDC,123.7,123.7,123.4,123.5,8126,0
2016-11-09 15:05:00,NMDC,123.6,123.65,123.3,123.4,33636,0
2016-11-09 15:06:00,NMDC,123.4,123.5,122.85,123.5,21587,0
2016-11-09 15:07:00,NMDC,123.35,123.8,123.0,123.6,16506,0
2016-11-09 15:08:00,NMDC,123.55,123.7,123.45,123.55,13417,0
2016-11-09 15:09:00,NMDC,123.6,123.85,123.5,123.55,12595,0
2016-11-09 15:10:00,NMDC,123.65,123.65,123.2,123.55,10998,0
2016-11-09 15:11:00,NMDC,123.5,123.5,123.2,123.45,14350,0
2016-11-09 15:12:00,NMDC,123.5,123.65,123.4,123.65,7502,0
2016-11-09 15:13:00,NMDC,123.65,124.0,123.6,123.8,13643,0
2016-11-09 15:14:00,NMDC,123.8,124.15,123.7,124.1,17310,0
2016-11-09 15:15:00,NMDC,124.1,124.6,124.0,124.55,25867,0
2016-11-09 15:16:00,NMDC,124.55,124.75,124.5,124.55,25389,0
2016-11-09 15:17:00,NMDC,124.55,124.55,124.35,124.5,11448,0
2016-11-09 15:18:00,NMDC,124.35,124.75,124.35,124.65,15925,0
2016-11-09 15:19:00,NMDC,124.75,124.75,124.6,124.75,9593,0
2016-11-09 15:20:00,NMDC,124.95,124.95,124.55,124.55,8099,0
2016-11-09 15:21:00,NMDC,124.65,124.65,124.6,124.65,16874,0
2016-11-09 15:22:00,NMDC,124.7,124.7,124.5,124.6,16322,0
2016-11-09 15:23:00,NMDC,124.65,124.7,124.6,124.7,10878,0
2016-11-09 15:24:00,NMDC,124.65,124.85,124.6,124.8,19819,0
2016-11-09 15:25:00,NMDC,124.8,124.8,124.6,124.65,10011,0
2016-11-09 15:26:00,NMDC,124.7,124.8,124.7,124.8,8027,0
2016-11-09 15:27:00,NMDC,124.8,124.8,124.5,124.5,12171,0
2016-11-09 15:28:00,NMDC,124.5,124.7,124.1,124.7,18664,0
2016-11-09 15:29:00,NMDC,124.65,124.7,124.5,124.65,7873,0
2016-11-09 15:30:00,NMDC,124.7,124.8,124.55,124.6,11563,0
2016-11-09 15:41:00,NMDC,124.05,124.05,124.05,124.05,250,0
2016-11-09 15:43:00,NMDC,124.05,124.05,124.05,124.05,25,0
2016-11-09 15:44:00,NMDC,124.05,124.05,124.05,124.05,152,0
2016-11-09 15:45:00,NMDC,124.05,124.05,124.05,124.05,134,0
2016-11-09 15:49:00,NMDC,124.05,124.05,124.05,124.05,50,0
2016-11-09 15:53:00,NMDC,124.05,124.05,124.05,124.05,3,0
2016-11-09 16:58:00,NMDC,124.05,124.05,124.05,124.05,1,0
2016-11-10 09:08:00,NMDC,127.0,127.0,127.0,127.0,4445,0
2016-11-10 09:16:00,NMDC,127.05,129.45,127.05,129.3,47523,0
2016-11-10 09:17:00,NMDC,129.3,129.8,129.3,129.65,38692,0
2016-11-10 09:18:00,NMDC,129.8,130.25,129.65,129.85,51053,0
2016-11-10 09:19:00,NMDC,130.15,130.5,130.0,130.4,70027,0
2016-11-10 09:20:00,NMDC,130.4,131.3,130.4,131.0,62123,0
2016-11-10 09:21:00,NMDC,130.9,131.35,130.75,130.95,59798,0
2016-11-10 09:22:00,NMDC,131.0,131.1,130.85,130.85,56210,0
2016-11-10 09:23:00,NMDC,130.9,130.9,130.75,130.8,24687,0
2016-11-10 09:24:00,NMDC,130.9,131.1,130.8,130.9,33681,0
2016-11-10 09:25:00,NMDC,130.95,131.0,130.85,131.0,21015,0
2016-11-10 09:26:00,NMDC,130.9,131.2,130.9,131.2,21098,0
2016-11-10 09:27:00,NMDC,131.15,131.5,131.05,131.35,38342,0
2016-11-10 09:28:00,NMDC,131.3,132.35,131.25,132.1,74924,0
2016-11-10 09:29:00,NMDC,132.2,132.3,132.0,132.15,36467,0
2016-11-10 09:30:00,NMDC,132.15,132.75,132.15,132.75,47084,0
2016-11-10 09:31:00,NMDC,132.7,133.9,132.7,133.9,153371,0
2016-11-10 09:32:00,NMDC,133.8,133.9,133.5,133.5,44383,0
2016-11-10 09:33:00,NMDC,133.5,133.8,133.15,133.2,49208,0
2016-11-10 09:34:00,NMDC,133.3,133.65,133.3,133.5,61814,0
2016-11-10 09:35:00,NMDC,133.45,133.55,133.05,133.05,83651,0
2016-11-10 09:36:00,NMDC,133.0,133.0,132.65,132.8,32653,0
2016-11-10 09:37:00,NMDC,132.9,132.95,132.6,132.75,21892,0
2016-11-10 09:38:00,NMDC,132.6,132.8,132.6,132.75,78383,0
2016-11-10 09:39:00,NMDC,132.75,133.15,132.75,132.9,29115,0
2016-11-10 09:40:00,NMDC,132.85,132.85,132.3,132.45,28473,0
2016-11-10 09:41:00,NMDC,132.45,132.6,132.35,132.5,22038,0
2016-11-10 09:42:00,NMDC,132.55,132.9,132.45,132.8,15920,0
2016-11-10 09:43:00,NMDC,132.8,132.8,132.45,132.45,11560,0
2016-11-10 09:44:00,NMDC,132.5,132.65,132.2,132.4,15946,0
2016-11-10 09:45:00,NMDC,132.4,132.45,132.1,132.15,29790,0
2016-11-10 09:46:00,NMDC,132.25,132.4,132.0,132.0,18193,0
2016-11-10 09:47:00,NMDC,132.05,132.4,132.0,132.3,19283,0
2016-11-10 09:48:00,NMDC,132.3,132.4,132.2,132.3,12257,0
2016-11-10 09:49:00,NMDC,132.35,132.55,132.25,132.5,13461,0
2016-11-10 09:50:00,NMDC,132.4,132.5,132.1,132.25,10194,0
2016-11-10 09:51:00,NMDC,132.35,132.45,132.1,132.2,10567,0
2016-11-10 09:52:00,NMDC,132.1,132.2,131.85,131.9,28528,0
2016-11-10 09:53:00,NMDC,131.85,131.95,131.8,131.95,5167,0
2016-11-10 09:54:00,NMDC,131.9,132.3,131.85,132.3,14577,0
2016-11-10 09:55:00,NMDC,132.1,132.6,132.1,132.45,13524,0
2016-11-10 09:56:00,NMDC,132.15,132.25,131.95,132.05,10037,0
2016-11-10 09:57:00,NMDC,132.05,132.45,132.05,132.3,7797,0
2016-11-10 09:58:00,NMDC,132.4,132.6,132.0,132.55,43529,0
2016-11-10 09:59:00,NMDC,132.6,132.9,132.2,132.45,23286,0
2016-11-10 10:00:00,NMDC,132.5,132.9,132.5,132.7,18701,0
2016-11-10 10:01:00,NMDC,132.65,133.0,132.65,132.9,20999,0
2016-11-10 10:02:00,NMDC,133.0,133.1,132.85,132.9,15163,0
2016-11-10 10:03:00,NMDC,132.85,133.0,132.75,132.95,24863,0
2016-11-10 10:04:00,NMDC,132.95,133.7,132.75,133.7,33263,0
2016-11-10 10:05:00,NMDC,133.3,134.5,133.3,134.5,164105,0
2016-11-10 10:06:00,NMDC,134.8,135.15,134.6,134.9,218573,0
2016-11-10 10:07:00,NMDC,135.0,135.0,134.65,134.7,113643,0
2016-11-10 10:08:00,NMDC,134.7,134.95,134.65,134.95,42441,0
2016-11-10 10:09:00,NMDC,134.95,135.05,134.75,134.9,28227,0
2016-11-10 10:10:00,NMDC,134.9,134.9,134.6,134.6,18166,0
2016-11-10 10:11:00,NMDC,134.75,134.75,134.4,134.4,9877,0
2016-11-10 10:12:00,NMDC,134.45,134.7,134.45,134.6,12229,0
2016-11-10 10:13:00,NMDC,134.6,134.65,134.3,134.4,14978,0
2016-11-10 10:14:00,NMDC,134.4,134.85,134.35,134.4,52744,0
2016-11-10 10:15:00,NMDC,134.4,134.7,134.4,134.55,13018,0
2016-11-10 10:16:00,NMDC,134.55,134.8,134.55,134.65,15246,0
2016-11-10 10:17:00,NMDC,134.65,134.75,134.4,134.45,10653,0
2016-11-10 10:18:00,NMDC,134.5,134.75,134.3,134.3,50036,0
2016-11-10 10:19:00,NMDC,134.4,134.7,134.3,134.5,9752,0
2016-11-10 10:20:00,NMDC,134.5,134.5,134.45,134.5,7630,0
2016-11-10 10:21:00,NMDC,134.5,134.65,134.4,134.55,3509,0
2016-11-10 10:22:00,NMDC,134.4,134.7,134.4,134.65,4759,0
2016-11-10 10:23:00,NMDC,134.7,135.1,134.65,135.1,68273,0
2016-11-10 10:24:00,NMDC,135.0,135.1,134.95,135.0,11170,0
2016-11-10 10:25:00,NMDC,134.95,135.1,134.8,135.0,44500,0
2016-11-10 10:26:00,NMDC,135.0,135.1,134.85,135.0,142811,0
2016-11-10 10:27:00,NMDC,135.0,135.1,134.95,135.0,64486,0
2016-11-10 10:28:00,NMDC,135.0,135.05,134.9,135.0,100575,0
2016-11-10 10:29:00,NMDC,135.0,135.05,134.9,135.0,82007,0
2016-11-10 10:30:00,NMDC,134.95,135.05,134.9,135.0,34669,0
2016-11-10 10:31:00,NMDC,135.05,135.05,134.9,135.0,41584,0
2016-11-10 10:32:00,NMDC,135.1,135.45,134.95,135.3,141181,0
2016-11-10 10:33:00,NMDC,135.25,135.35,134.9,135.1,61089,0
2016-11-10 10:34:00,NMDC,135.05,135.1,134.95,135.05,19345,0
2016-11-10 10:35:00,NMDC,135.1,135.3,135.0,135.05,31648,0
2016-11-10 10:36:00,NMDC,135.15,135.25,134.8,135.0,38528,0
2016-11-10 10:37:00,NMDC,135.15,135.2,135.05,135.05,7859,0
2016-11-10 10:38:00,NMDC,135.05,135.15,134.9,135.1,15259,0
2016-11-10 10:39:00,NMDC,135.0,135.15,135.0,135.1,12327,0
2016-11-10 10:40:00,NMDC,135.05,135.2,135.05,135.1,3119,0
2016-11-10 10:41:00,NMDC,135.1,135.2,135.0,135.0,2981,0
2016-11-10 10:42:00,NMDC,135.0,135.2,135.0,135.05,10100,0
2016-11-10 10:43:00,NMDC,134.95,135.1,134.9,135.0,19415,0
2016-11-10 10:44:00,NMDC,135.0,135.15,135.0,135.15,5922,0
2016-11-10 10:45:00,NMDC,135.1,135.1,135.0,135.0,1963,0
2016-11-10 10:46:00,NMDC,135.05,135.2,135.0,135.1,11554,0
2016-11-10 10:47:00,NMDC,135.05,135.15,135.0,135.0,8077,0
2016-11-10 10:48:00,NMDC,135.0,135.1,134.9,134.9,29834,0
2016-11-10 10:49:00,NMDC,135.0,135.15,135.0,135.05,17420,0
2016-11-10 10:50:00,NMDC,135.15,135.15,134.85,135.0,82675,0
2016-11-10 10:51:00,NMDC,135.0,135.05,135.0,135.0,58120,0
2016-11-10 10:52:00,NMDC,135.0,135.0,134.9,135.0,59909,0
2016-11-10 10:53:00,NMDC,135.0,135.0,134.95,135.0,5262,0
2016-11-10 10:54:00,NMDC,135.0,135.05,134.95,134.95,17657,0
2016-11-10 10:55:00,NMDC,134.95,135.05,134.9,135.0,32735,0
2016-11-10 10:56:00,NMDC,134.95,135.0,134.9,134.9,32319,0
2016-11-10 10:57:00,NMDC,134.9,134.95,134.45,134.45,34554,0
2016-11-10 10:58:00,NMDC,134.45,134.45,133.4,133.4,111625,0
2016-11-10 10:59:00,NMDC,133.35,133.5,132.9,133.0,53359,0
2016-11-10 11:00:00,NMDC,133.0,133.05,132.15,133.05,58638,0
2016-11-10 11:01:00,NMDC,133.05,133.25,132.35,132.7,59215,0
2016-11-10 11:02:00,NMDC,132.7,133.0,132.65,132.95,21092,0
2016-11-10 11:03:00,NMDC,132.8,133.1,132.8,133.1,20682,0
2016-11-10 11:04:00,NMDC,133.1,133.15,132.8,133.05,16176,0
2016-11-10 11:05:00,NMDC,133.0,133.45,133.0,133.35,10363,0
2016-11-10 11:06:00,NMDC,133.35,133.75,133.3,133.6,16236,0
2016-11-10 11:07:00,NMDC,133.55,134.2,133.55,134.2,14145,0
2016-11-10 11:08:00,NMDC,134.1,134.2,133.9,134.2,35917,0
2016-11-10 11:09:00,NMDC,134.3,134.4,134.1,134.2,16905,0
2016-11-10 11:10:00,NMDC,134.2,134.25,134.0,134.0,26217,0
2016-11-10 11:11:00,NMDC,134.05,134.15,134.05,134.1,7901,0
2016-11-10 11:12:00,NMDC,134.1,134.25,134.05,134.1,30516,0
2016-11-10 11:13:00,NMDC,134.1,134.2,134.0,134.15,22709,0
2016-11-10 11:14:00,NMDC,134.0,134.0,133.95,133.95,5959,0
2016-11-10 11:15:00,NMDC,134.0,134.0,133.35,133.35,28888,0
2016-11-10 11:16:00,NMDC,133.65,133.75,133.55,133.6,10630,0
2016-11-10 11:17:00,NMDC,133.7,133.9,133.6,133.8,6464,0
2016-11-10 11:18:00,NMDC,133.75,134.0,133.75,133.85,13289,0
2016-11-10 11:19:00,NMDC,133.85,133.9,133.7,133.7,5580,0
2016-11-10 11:20:00,NMDC,133.7,134.0,133.7,134.0,8373,0
2016-11-10 11:21:00,NMDC,133.9,134.0,133.85,133.85,6493,0
2016-11-10 11:22:00,NMDC,133.9,134.0,133.85,133.95,16773,0
2016-11-10 11:23:00,NMDC,133.95,134.0,133.7,133.8,6500,0
2016-11-10 11:24:00,NMDC,133.7,133.9,133.7,133.75,4428,0
2016-11-10 11:25:00,NMDC,133.75,133.95,133.75,133.9,3848,0
2016-11-10 11:26:00,NMDC,133.8,133.9,133.75,133.85,3925,0
2016-11-10 11:27:00,NMDC,133.85,133.85,133.7,133.8,7194,0
2016-11-10 11:28:00,NMDC,133.8,133.85,133.7,133.85,4239,0
2016-11-10 11:29:00,NMDC,133.7,133.85,133.7,133.75,11339,0
2016-11-10 11:30:00,NMDC,133.65,133.65,133.35,133.65,23781,0
2016-11-10 11:31:00,NMDC,133.65,133.65,133.3,133.3,11017,0
2016-11-10 11:32:00,NMDC,133.25,133.25,133.05,133.1,7469,0
2016-11-10 11:33:00,NMDC,133.1,133.15,132.85,132.95,9487,0
2016-11-10 11:34:00,NMDC,133.0,133.0,132.85,132.95,8529,0
2016-11-10 11:35:00,NMDC,132.8,132.95,132.6,132.7,11420,0
2016-11-10 11:36:00,NMDC,132.7,132.7,132.5,132.6,32323,0
2016-11-10 11:37:00,NMDC,132.6,132.75,132.6,132.75,22380,0
2016-11-10 11:38:00,NMDC,132.75,132.75,132.65,132.7,4380,0
2016-11-10 11:39:00,NMDC,132.7,132.75,132.65,132.65,4062,0
2016-11-10 11:40:00,NMDC,132.65,132.7,132.55,132.6,26731,0
2016-11-10 11:41:00,NMDC,132.55,132.85,132.55,132.85,10806,0
2016-11-10 11:42:00,NMDC,132.85,132.85,132.75,132.75,3950,0
2016-11-10 11:43:00,NMDC,132.85,132.85,132.7,132.7,6590,0
2016-11-10 11:44:00,NMDC,132.8,132.8,132.7,132.75,1964,0
2016-11-10 11:45:00,NMDC,132.7,132.85,132.7,132.75,4440,0
2016-11-10 11:46:00,NMDC,132.7,132.7,132.55,132.55,18498,0
2016-11-10 11:47:00,NMDC,132.6,132.6,132.4,132.45,8746,0
2016-11-10 11:48:00,NMDC,132.45,132.65,132.4,132.5,6430,0
2016-11-10 11:49:00,NMDC,132.6,132.6,132.3,132.3,6628,0
2016-11-10 11:50:00,NMDC,132.4,132.5,132.35,132.45,4334,0
2016-11-10 11:51:00,NMDC,132.4,132.45,132.35,132.45,1595,0
2016-11-10 11:52:00,NMDC,132.45,132.55,132.4,132.55,10675,0
2016-11-10 11:53:00,NMDC,132.55,132.7,132.55,132.55,10586,0
2016-11-10 11:54:00,NMDC,132.6,132.6,132.4,132.5,5467,0
2016-11-10 11:55:00,NMDC,132.45,132.55,132.45,132.5,1936,0
2016-11-10 11:56:00,NMDC,132.5,132.5,132.4,132.4,4127,0
2016-11-10 11:57:00,NMDC,132.3,132.5,132.3,132.5,15301,0
2016-11-10 11:58:00,NMDC,132.5,133.2,132.5,133.05,34219,0
2016-11-10 11:59:00,NMDC,132.9,133.55,132.9,133.35,21157,0
2016-11-10 12:00:00,NMDC,133.3,133.6,133.3,133.4,22422,0
2016-11-10 12:01:00,NMDC,133.4,133.4,133.3,133.4,7270,0
2016-11-10 12:02:00,NMDC,133.35,133.4,133.35,133.4,8148,0
2016-11-10 12:03:00,NMDC,133.35,133.4,133.3,133.3,4116,0
2016-11-10 12:04:00,NMDC,133.3,133.45,133.3,133.35,4509,0
2016-11-10 12:05:00,NMDC,133.45,133.45,133.3,133.45,9162,0
2016-11-10 12:06:00,NMDC,133.35,133.4,133.35,133.35,1523,0
2016-11-10 12:07:00,NMDC,133.3,133.35,133.2,133.2,2866,0
2016-11-10 12:08:00,NMDC,133.2,133.2,132.75,132.8,4587,0
2016-11-10 12:09:00,NMDC,132.9,132.9,132.75,132.8,1083,0
2016-11-10 12:10:00,NMDC,132.75,132.8,132.75,132.75,1451,0
2016-11-10 12:11:00,NMDC,132.75,132.75,132.7,132.75,1420,0
2016-11-10 12:12:00,NMDC,132.75,132.75,132.65,132.7,2829,0
2016-11-10 12:13:00,NMDC,132.7,132.75,132.65,132.7,1969,0
2016-11-10 12:14:00,NMDC,132.65,132.75,132.65,132.65,1741,0
2016-11-10 12:15:00,NMDC,132.65,132.75,132.6,132.75,5069,0
2016-11-10 12:16:00,NMDC,132.65,132.75,132.65,132.7,4372,0
2016-11-10 12:17:00,NMDC,132.8,132.9,132.8,132.8,7036,0
2016-11-10 12:18:00,NMDC,132.8,132.8,132.7,132.7,1525,0
2016-11-10 12:19:00,NMDC,132.7,132.75,132.65,132.65,2246,0
2016-11-10 12:20:00,NMDC,132.6,132.8,132.6,132.7,5887,0
2016-11-10 12:21:00,NMDC,132.7,132.75,132.65,132.7,7067,0
2016-11-10 12:22:00,NMDC,132.7,132.8,132.65,132.65,3698,0
2016-11-10 12:23:00,NMDC,132.7,132.75,132.6,132.6,6544,0
2016-11-10 12:24:00,NMDC,132.6,132.65,132.6,132.65,1135,0
2016-11-10 12:25:00,NMDC,132.5,132.65,132.5,132.65,3971,0
2016-11-10 12:26:00,NMDC,132.6,132.7,132.5,132.7,11362,0
2016-11-10 12:27:00,NMDC,132.7,132.7,132.65,132.65,595,0
2016-11-10 12:28:00,NMDC,132.7,132.7,132.65,132.65,466,0
2016-11-10 12:29:00,NMDC,132.7,132.75,132.55,132.7,2681,0
2016-11-10 12:30:00,NMDC,132.7,132.7,132.6,132.6,7088,0
2016-11-10 12:31:00,NMDC,132.65,132.7,132.6,132.7,2738,0
2016-11-10 12:32:00,NMDC,132.65,132.75,132.65,132.75,3020,0
2016-11-10 12:33:00,NMDC,132.65,132.75,132.65,132.75,2370,0
2016-11-10 12:34:00,NMDC,132.8,133.05,132.7,133.0,12156,0
2016-11-10 12:35:00,NMDC,133.05,133.05,132.85,133.0,10675,0
2016-11-10 12:36:00,NMDC,132.95,133.0,132.9,133.0,3970,0
2016-11-10 12:37:00,NMDC,133.05,133.1,133.0,133.0,8768,0
2016-11-10 12:38:00,NMDC,133.0,133.0,132.8,132.8,2583,0
2016-11-10 12:39:00,NMDC,132.9,132.9,132.85,132.9,2102,0
2016-11-10 12:40:00,NMDC,132.8,132.9,132.8,132.9,2775,0
2016-11-10 12:41:00,NMDC,132.85,132.9,132.8,132.9,505,0
2016-11-10 12:42:00,NMDC,132.8,132.8,132.75,132.75,8392,0
2016-11-10 12:43:00,NMDC,132.75,132.75,132.65,132.65,6680,0
2016-11-10 12:44:00,NMDC,132.6,132.7,132.6,132.65,9407,0
2016-11-10 12:45:00,NMDC,132.65,132.7,132.6,132.6,1611,0
2016-11-10 12:46:00,NMDC,132.6,132.6,132.5,132.55,9668,0
2016-11-10 12:47:00,NMDC,132.55,132.55,132.45,132.45,2755,0
2016-11-10 12:48:00,NMDC,132.45,132.45,132.25,132.25,12043,0
2016-11-10 12:49:00,NMDC,132.25,132.25,132.15,132.25,4426,0
2016-11-10 12:50:00,NMDC,132.3,132.3,132.2,132.3,11896,0
2016-11-10 12:51:00,NMDC,132.2,132.3,132.2,132.2,8051,0
2016-11-10 12:52:00,NMDC,132.05,132.2,131.55,131.65,52942,0
2016-11-10 12:53:00,NMDC,131.6,131.85,131.6,131.7,9198,0
2016-11-10 12:54:00,NMDC,131.6,131.7,131.5,131.6,18057,0
2016-11-10 12:55:00,NMDC,131.6,131.75,131.5,131.75,4096,0
2016-11-10 12:56:00,NMDC,131.6,131.65,131.45,131.5,4665,0
2016-11-10 12:57:00,NMDC,131.6,131.6,130.95,131.1,31052,0
2016-11-10 12:58:00,NMDC,131.0,131.15,131.0,131.1,27240,0
2016-11-10 12:59:00,NMDC,131.15,131.3,131.15,131.3,10178,0
2016-11-10 13:00:00,NMDC,131.25,131.65,131.2,131.45,5766,0
2016-11-10 13:01:00,NMDC,131.4,131.45,131.3,131.3,2288,0
2016-11-10 13:02:00,NMDC,131.35,131.35,131.0,131.1,6657,0
2016-11-10 13:03:00,NMDC,131.0,131.15,130.95,131.15,10925,0
2016-11-10 13:04:00,NMDC,131.15,131.15,130.95,130.95,5639,0
2016-11-10 13:05:00,NMDC,131.0,131.1,130.95,131.0,12327,0
2016-11-10 13:06:00,NMDC,130.95,131.1,130.95,131.1,3206,0
2016-11-10 13:07:00,NMDC,131.1,131.15,130.9,131.05,15440,0
2016-11-10 13:08:00,NMDC,131.0,131.05,130.7,130.85,7994,0
2016-11-10 13:09:00,NMDC,130.75,130.8,130.5,130.55,26277,0
2016-11-10 13:10:00,NMDC,130.55,130.55,130.25,130.4,11579,0
2016-11-10 13:11:00,NMDC,130.35,130.5,130.3,130.45,40793,0
2016-11-10 13:12:00,NMDC,130.4,130.45,130.3,130.35,12326,0
2016-11-10 13:13:00,NMDC,130.3,130.9,130.3,130.75,24430,0
2016-11-10 13:14:00,NMDC,130.8,130.85,130.8,130.85,14634,0
2016-11-10 13:15:00,NMDC,130.9,131.5,130.9,131.4,26007,0
2016-11-10 13:16:00,NMDC,131.4,131.5,131.2,131.2,40239,0
2016-11-10 13:17:00,NMDC,131.2,131.3,131.15,131.3,20665,0
2016-11-10 13:18:00,NMDC,131.25,131.3,131.05,131.1,5448,0
2016-11-10 13:19:00,NMDC,131.1,131.5,131.1,131.5,8260,0
2016-11-10 13:20:00,NMDC,131.4,131.45,131.35,131.4,1790,0
2016-11-10 13:21:00,NMDC,131.35,131.45,131.2,131.35,6087,0
2016-11-10 13:22:00,NMDC,131.35,131.55,131.2,131.3,13445,0
2016-11-10 13:23:00,NMDC,131.3,131.35,131.25,131.25,7790,0
2016-11-10 13:24:00,NMDC,131.25,131.25,131.0,131.2,19847,0
2016-11-10 13:25:00,NMDC,131.1,131.3,131.1,131.25,3100,0
2016-11-10 13:26:00,NMDC,131.25,131.45,131.25,131.45,7343,0
2016-11-10 13:27:00,NMDC,131.45,131.45,131.35,131.45,3681,0
2016-11-10 13:28:00,NMDC,131.4,131.45,131.3,131.35,24532,0
2016-11-10 13:29:00,NMDC,131.35,131.35,131.35,131.35,1302,0
2016-11-10 13:30:00,NMDC,131.3,131.3,131.2,131.3,11236,0
2016-11-10 13:31:00,NMDC,131.35,132.1,131.35,131.65,53230,0
2016-11-10 13:32:00,NMDC,131.6,131.6,131.35,131.5,4938,0
2016-11-10 13:33:00,NMDC,131.35,131.5,131.35,131.5,12995,0
2016-11-10 13:34:00,NMDC,131.45,131.5,131.4,131.5,11809,0
2016-11-10 13:35:00,NMDC,131.5,131.5,131.25,131.25,16396,0
2016-11-10 13:36:00,NMDC,131.4,131.4,131.2,131.2,5840,0
2016-11-10 13:37:00,NMDC,131.25,131.35,131.05,131.15,5649,0
2016-11-10 13:38:00,NMDC,131.1,131.1,130.8,130.8,32471,0
2016-11-10 13:39:00,NMDC,130.8,130.8,130.65,130.75,10956,0
2016-11-10 13:40:00,NMDC,130.75,130.75,130.6,130.6,5701,0
2016-11-10 13:41:00,NMDC,130.65,130.7,130.6,130.7,8489,0
2016-11-10 13:42:00,NMDC,130.75,130.8,130.6,130.65,4965,0
2016-11-10 13:43:00,NMDC,130.6,130.95,130.55,130.8,17311,0
2016-11-10 13:44:00,NMDC,130.8,130.8,130.7,130.8,8175,0
2016-11-10 13:45:00,NMDC,130.8,131.0,130.75,130.95,27456,0
2016-11-10 13:46:00,NMDC,131.0,131.25,130.9,131.15,13156,0
2016-11-10 13:47:00,NMDC,131.15,131.25,131.15,131.25,5310,0
2016-11-10 13:48:00,NMDC,131.3,131.35,131.2,131.3,3403,0
2016-11-10 13:49:00,NMDC,131.4,131.4,131.25,131.25,2838,0
2016-11-10 13:50:00,NMDC,131.35,131.4,131.25,131.25,1539,0
2016-11-10 13:51:00,NMDC,131.35,131.4,131.25,131.4,4155,0
2016-11-10 13:52:00,NMDC,131.4,131.7,131.35,131.6,23467,0
2016-11-10 13:53:00,NMDC,131.65,131.65,131.5,131.5,4858,0
2016-11-10 13:54:00,NMDC,131.6,131.6,131.5,131.6,7990,0
2016-11-10 13:55:00,NMDC,131.5,131.6,131.5,131.5,5180,0
2016-11-10 13:56:00,NMDC,131.5,131.6,131.45,131.45,13191,0
2016-11-10 13:57:00,NMDC,131.6,131.6,131.35,131.45,9325,0
2016-11-10 13:58:00,NMDC,131.4,131.5,131.25,131.35,5058,0
2016-11-10 13:59:00,NMDC,131.35,131.35,131.3,131.35,4371,0
2016-11-10 14:00:00,NMDC,131.3,131.3,131.1,131.15,12237,0
2016-11-10 14:01:00,NMDC,131.0,131.2,131.0,131.15,31337,0
2016-11-10 14:02:00,NMDC,131.25,131.25,131.15,131.25,2707,0
2016-11-10 14:03:00,NMDC,131.25,131.3,131.15,131.15,5252,0
2016-11-10 14:04:00,NMDC,131.3,131.45,131.2,131.45,3038,0
2016-11-10 14:05:00,NMDC,131.45,131.6,131.3,131.6,28155,0
2016-11-10 14:06:00,NMDC,131.45,131.85,131.45,131.8,8155,0
2016-11-10 14:07:00,NMDC,131.8,131.85,131.55,131.55,6710,0
2016-11-10 14:08:00,NMDC,131.45,131.45,131.3,131.45,2917,0
2016-11-10 14:09:00,NMDC,131.45,131.5,131.3,131.35,1210,0
2016-11-10 14:10:00,NMDC,131.4,131.6,131.3,131.5,9570,0
2016-11-10 14:11:00,NMDC,131.55,131.6,131.45,131.55,9082,0
2016-11-10 14:12:00,NMDC,131.55,131.65,131.55,131.55,2786,0
2016-11-10 14:13:00,NMDC,131.55,131.8,131.55,131.75,20943,0
2016-11-10 14:14:00,NMDC,131.75,131.85,131.7,131.7,2513,0
2016-11-10 14:15:00,NMDC,131.65,131.7,131.45,131.45,6771,0
2016-11-10 14:16:00,NMDC,131.5,131.55,131.45,131.5,644,0
2016-11-10 14:17:00,NMDC,131.5,131.55,131.5,131.55,7800,0
2016-11-10 14:18:00,NMDC,131.55,131.7,131.55,131.6,3532,0
2016-11-10 14:19:00,NMDC,131.55,131.6,131.5,131.5,1206,0
2016-11-10 14:20:00,NMDC,131.5,131.5,131.5,131.5,1240,0
2016-11-10 14:21:00,NMDC,131.5,131.5,131.35,131.35,3633,0
2016-11-10 14:22:00,NMDC,131.3,131.6,131.3,131.5,7557,0
2016-11-10 14:23:00,NMDC,131.45,131.45,131.25,131.25,6138,0
2016-11-10 14:24:00,NMDC,131.25,131.4,131.25,131.4,3418,0
2016-11-10 14:25:00,NMDC,131.2,131.45,131.2,131.3,2855,0
2016-11-10 14:26:00,NMDC,131.3,131.4,131.25,131.4,2741,0
2016-11-10 14:27:00,NMDC,131.4,131.55,131.25,131.3,10759,0
2016-11-10 14:28:00,NMDC,131.35,131.35,131.15,131.35,2237,0
2016-11-10 14:29:00,NMDC,131.35,131.35,131.3,131.3,5255,0
2016-11-10 14:30:00,NMDC,131.4,131.4,131.25,131.35,4224,0
2016-11-10 14:31:00,NMDC,131.35,131.35,131.25,131.3,4078,0
2016-11-10 14:32:00,NMDC,131.25,131.45,131.2,131.45,4959,0
2016-11-10 14:33:00,NMDC,131.5,131.5,131.4,131.45,1498,0
2016-11-10 14:34:00,NMDC,131.4,131.55,131.4,131.55,4194,0
2016-11-10 14:35:00,NMDC,131.55,131.55,131.45,131.5,777,0
2016-11-10 14:36:00,NMDC,131.45,131.8,131.45,131.75,15400,0
2016-11-10 14:37:00,NMDC,131.65,132.0,131.65,132.0,21796,0
2016-11-10 14:38:00,NMDC,132.0,132.1,131.85,131.85,30601,0
2016-11-10 14:39:00,NMDC,131.8,131.85,131.75,131.8,1907,0
2016-11-10 14:40:00,NMDC,131.8,131.9,131.7,131.7,3363,0
2016-11-10 14:41:00,NMDC,131.75,131.75,131.5,131.6,20961,0
2016-11-10 14:42:00,NMDC,131.6,131.95,131.6,131.95,38965,0
2016-11-10 14:43:00,NMDC,131.95,132.05,131.85,132.05,21663,0
2016-11-10 14:44:00,NMDC,132.05,132.1,131.95,132.0,9705,0
2016-11-10 14:45:00,NMDC,132.0,132.05,132.0,132.0,10164,0
2016-11-10 14:46:00,NMDC,132.0,132.25,132.0,132.2,4361,0
2016-11-10 14:47:00,NMDC,132.15,132.15,131.95,132.0,6436,0
2016-11-10 14:48:00,NMDC,132.05,132.2,131.95,132.15,14469,0
2016-11-10 14:49:00,NMDC,132.2,132.2,132.1,132.1,13978,0
2016-11-10 14:50:00,NMDC,132.05,132.15,132.05,132.05,1556,0
2016-11-10 14:51:00,NMDC,132.0,132.05,131.85,131.9,13324,0
2016-11-10 14:52:00,NMDC,131.9,131.9,131.8,131.8,15886,0
2016-11-10 14:53:00,NMDC,131.8,131.85,131.75,131.75,3035,0
2016-11-10 14:54:00,NMDC,131.8,132.0,131.8,131.8,12303,0
2016-11-10 14:55:00,NMDC,131.8,131.95,131.8,131.9,13880,0
2016-11-10 14:56:00,NMDC,131.9,131.9,131.8,131.85,4092,0
2016-11-10 14:57:00,NMDC,131.9,132.1,131.9,132.05,28802,0
2016-11-10 14:58:00,NMDC,132.05,132.1,131.9,131.9,4652,0
2016-11-10 14:59:00,NMDC,131.95,132.05,131.95,132.05,6368,0
2016-11-10 15:00:00,NMDC,132.0,132.05,132.0,132.05,2000,0
2016-11-10 15:01:00,NMDC,132.05,132.05,131.85,131.85,19483,0
2016-11-10 15:02:00,NMDC,131.9,131.9,131.6,131.65,27731,0
2016-11-10 15:03:00,NMDC,131.6,131.7,131.3,131.4,37932,0
2016-11-10 15:04:00,NMDC,131.4,131.5,131.3,131.4,31744,0
2016-11-10 15:05:00,NMDC,131.3,131.3,131.05,131.05,20522,0
2016-11-10 15:06:00,NMDC,131.05,131.05,130.85,130.85,35626,0
2016-11-10 15:07:00,NMDC,130.8,130.85,130.65,130.65,19356,0
2016-11-10 15:08:00,NMDC,130.75,131.1,130.65,130.95,42382,0
2016-11-10 15:09:00,NMDC,131.0,131.0,130.8,130.95,16697,0
2016-11-10 15:10:00,NMDC,131.05,131.1,130.95,131.1,35686,0
2016-11-10 15:11:00,NMDC,131.05,131.05,130.95,130.95,29274,0
2016-11-10 15:12:00,NMDC,130.95,130.95,130.85,130.85,23374,0
2016-11-10 15:13:00,NMDC,130.85,130.85,130.7,130.7,24058,0
2016-11-10 15:14:00,NMDC,130.7,130.7,130.5,130.5,35510,0
2016-11-10 15:15:00,NMDC,130.5,130.5,130.3,130.3,36499,0
2016-11-10 15:16:00,NMDC,130.3,130.35,130.0,130.15,39973,0
2016-11-10 15:17:00,NMDC,130.2,130.35,130.1,130.35,37673,0
2016-11-10 15:18:00,NMDC,130.35,130.35,130.15,130.2,35235,0
2016-11-10 15:19:00,NMDC,130.1,130.1,130.0,130.1,54108,0
2016-11-10 15:20:00,NMDC,130.1,130.2,130.05,130.15,38603,0
2016-11-10 15:21:00,NMDC,130.1,130.1,129.9,129.9,59884,0
2016-11-10 15:22:00,NMDC,129.9,129.95,129.8,129.8,28022,0
2016-11-10 15:23:00,NMDC,130.0,130.0,129.85,129.95,23530,0
2016-11-10 15:24:00,NMDC,129.95,129.95,129.8,129.9,16693,0
2016-11-10 15:25:00,NMDC,129.9,129.9,129.85,129.85,13291,0
2016-11-10 15:26:00,NMDC,129.75,130.0,129.7,129.7,57355,0
2016-11-10 15:27:00,NMDC,129.7,130.0,129.65,129.75,16631,0
2016-11-10 15:28:00,NMDC,129.75,130.1,129.75,130.1,17554,0
2016-11-10 15:29:00,NMDC,130.0,130.1,129.8,129.95,36664,0
2016-11-10 15:30:00,NMDC,130.0,130.25,129.85,130.0,53605,0
2016-11-10 15:31:00,NMDC,130.0,130.0,130.0,130.0,8000,0
2016-11-10 15:41:00,NMDC,130.45,130.45,130.0,130.0,555,0
2016-11-10 15:43:00,NMDC,130.45,130.45,130.45,130.45,100,0
2016-11-10 15:44:00,NMDC,130.0,130.45,130.0,130.45,400,0
2016-11-10 15:45:00,NMDC,130.45,130.45,130.45,130.45,200,0
2016-11-10 15:46:00,NMDC,130.0,130.45,130.0,130.45,1056,0
2016-11-10 15:47:00,NMDC,130.45,130.45,130.0,130.45,462,0
2016-11-10 15:49:00,NMDC,130.45,130.45,130.45,130.45,1306,0
2016-11-10 15:52:00,NMDC,130.45,130.45,130.45,130.45,357,0
2016-11-10 15:55:00,NMDC,130.45,130.45,130.45,130.45,2143,0
2016-11-10 15:57:00,NMDC,130.45,130.45,130.45,130.45,72,0
2016-11-10 15:58:00,NMDC,130.45,130.45,130.45,130.45,5,0
2016-11-10 15:59:00,NMDC,130.0,130.0,130.0,130.0,5,0
2016-11-10 16:36:00,NMDC,130.45,130.45,130.45,130.45,1,0
2016-11-11 09:08:00,NMDC,129.0,129.0,129.0,129.0,2394,0
2016-11-11 09:16:00,NMDC,128.0,128.8,127.0,128.8,27473,0
2016-11-11 09:17:00,NMDC,128.95,129.15,128.55,129.1,19377,0
2016-11-11 09:18:00,NMDC,129.25,129.5,128.8,128.95,50624,0
2016-11-11 09:19:00,NMDC,128.8,129.15,128.75,128.85,30448,0
2016-11-11 09:20:00,NMDC,129.0,129.2,128.9,129.0,19374,0
2016-11-11 09:21:00,NMDC,129.15,129.9,129.15,129.75,41416,0
2016-11-11 09:22:00,NMDC,129.85,131.8,129.85,131.6,33501,0
2016-11-11 09:23:00,NMDC,131.65,131.9,130.45,130.9,44557,0
2016-11-11 09:24:00,NMDC,131.0,131.6,130.6,131.05,60129,0
2016-11-11 09:25:00,NMDC,130.95,131.55,130.3,131.5,38650,0
2016-11-11 09:26:00,NMDC,131.55,131.65,131.35,131.4,23322,0
2016-11-11 09:27:00,NMDC,131.4,131.55,131.2,131.55,12475,0
2016-11-11 09:28:00,NMDC,131.5,131.5,131.1,131.5,26267,0
2016-11-11 09:29:00,NMDC,131.35,131.35,131.2,131.25,16705,0
2016-11-11 09:30:00,NMDC,131.3,131.4,131.15,131.15,40101,0
2016-11-11 09:31:00,NMDC,131.2,131.25,131.0,131.05,30458,0
2016-11-11 09:32:00,NMDC,131.1,131.15,130.7,130.7,10422,0
2016-11-11 09:33:00,NMDC,130.7,130.7,130.4,130.6,11094,0
2016-11-11 09:34:00,NMDC,130.55,130.75,130.35,130.35,12690,0
2016-11-11 09:35:00,NMDC,130.35,130.4,129.9,130.15,67903,0
2016-11-11 09:36:00,NMDC,130.1,130.15,129.45,129.75,30989,0
2016-11-11 09:37:00,NMDC,129.55,129.7,128.85,128.95,54367,0
2016-11-11 09:38:00,NMDC,128.8,128.8,128.2,128.2,57351,0
2016-11-11 09:39:00,NMDC,128.3,128.4,128.0,128.4,31836,0
2016-11-11 09:40:00,NMDC,128.35,128.75,128.35,128.35,20607,0
2016-11-11 09:41:00,NMDC,128.15,128.25,127.75,127.85,28936,0
2016-11-11 09:42:00,NMDC,127.85,127.85,126.25,126.45,53438,0
2016-11-11 09:43:00,NMDC,126.5,128.25,126.5,128.25,79976,0
2016-11-11 09:44:00,NMDC,128.15,128.45,127.6,127.7,46883,0
2016-11-11 09:45:00,NMDC,127.8,127.9,127.5,127.65,13940,0
2016-11-11 09:46:00,NMDC,127.6,127.6,127.3,127.3,10755,0
2016-11-11 09:47:00,NMDC,127.35,127.8,127.3,127.55,29139,0
2016-11-11 09:48:00,NMDC,127.5,128.05,127.4,128.0,15655,0
2016-11-11 09:49:00,NMDC,128.1,128.1,127.6,127.85,14985,0
2016-11-11 09:50:00,NMDC,127.85,127.85,127.65,127.8,8784,0
2016-11-11 09:51:00,NMDC,127.8,128.1,127.8,128.0,10877,0
2016-11-11 09:52:00,NMDC,128.1,128.95,128.0,128.85,40463,0
2016-11-11 09:53:00,NMDC,128.6,130.25,128.4,129.7,56434,0
2016-11-11 09:54:00,NMDC,129.7,129.7,128.75,129.1,14852,0
2016-11-11 09:55:00,NMDC,128.95,128.95,128.45,128.95,15369,0
2016-11-11 09:56:00,NMDC,128.8,129.2,128.8,129.2,5462,0
2016-11-11 09:57:00,NMDC,129.25,129.4,129.0,129.0,13426,0
2016-11-11 09:58:00,NMDC,128.8,129.05,128.7,128.7,4235,0
2016-11-11 09:59:00,NMDC,128.85,128.85,128.55,128.55,3018,0
2016-11-11 10:00:00,NMDC,128.65,128.7,128.5,128.7,1886,0
2016-11-11 10:01:00,NMDC,128.65,128.7,128.35,128.4,11191,0
2016-11-11 10:02:00,NMDC,128.25,128.45,128.25,128.45,3050,0
2016-11-11 10:03:00,NMDC,128.45,128.9,128.2,128.2,26175,0
2016-11-11 10:04:00,NMDC,128.2,128.25,128.1,128.15,1537,0
2016-11-11 10:05:00,NMDC,128.15,128.15,127.85,128.05,9336,0
2016-11-11 10:06:00,NMDC,127.95,128.3,127.85,128.2,6460,0
2016-11-11 10:07:00,NMDC,128.35,128.95,128.35,128.55,4453,0
2016-11-11 10:08:00,NMDC,128.6,128.6,128.05,128.05,9487,0
2016-11-11 10:09:00,NMDC,128.45,128.85,128.35,128.75,3170,0
2016-11-11 10:10:00,NMDC,128.9,128.9,128.45,128.6,4580,0
2016-11-11 10:11:00,NMDC,128.45,128.45,128.2,128.3,11276,0
2016-11-11 10:12:00,NMDC,128.3,128.55,128.3,128.3,12698,0
2016-11-11 10:13:00,NMDC,128.3,128.3,127.8,127.8,15849,0
2016-11-11 10:14:00,NMDC,128.0,128.05,127.9,127.95,14366,0
2016-11-11 10:15:00,NMDC,127.9,127.95,127.3,127.8,30079,0
2016-11-11 10:16:00,NMDC,127.65,127.7,127.45,127.45,19859,0
2016-11-11 10:17:00,NMDC,127.45,127.55,127.15,127.35,8453,0
2016-11-11 10:18:00,NMDC,127.4,127.55,127.05,127.3,8415,0
2016-11-11 10:19:00,NMDC,127.25,128.25,127.25,128.2,11771,0
2016-11-11 10:20:00,NMDC,128.15,128.15,127.75,127.75,13940,0
2016-11-11 10:21:00,NMDC,128.0,128.15,127.55,127.85,22834,0
2016-11-11 10:22:00,NMDC,127.85,127.9,127.75,127.75,6492,0
2016-11-11 10:23:00,NMDC,127.7,127.7,127.6,127.65,4702,0
2016-11-11 10:24:00,NMDC,127.8,128.0,127.8,128.0,23037,0
2016-11-11 10:25:00,NMDC,128.0,128.0,127.95,128.0,91200,0
2016-11-11 10:26:00,NMDC,128.0,128.35,127.95,128.35,105524,0
2016-11-11 10:27:00,NMDC,128.55,128.6,127.95,128.0,88796,0
2016-11-11 10:28:00,NMDC,128.0,128.05,127.7,127.7,20669,0
2016-11-11 10:29:00,NMDC,127.8,127.8,127.5,127.65,8861,0
2016-11-11 10:30:00,NMDC,127.55,128.0,127.55,127.85,13071,0
2016-11-11 10:31:00,NMDC,127.7,127.85,127.65,127.75,8632,0
2016-11-11 10:32:00,NMDC,127.75,127.9,127.75,127.9,282,0
2016-11-11 10:33:00,NMDC,127.9,128.0,127.9,128.0,6364,0
2016-11-11 10:34:00,NMDC,127.95,128.25,127.95,128.0,74849,0
2016-11-11 10:35:00,NMDC,127.95,128.0,127.85,128.0,7264,0
2016-11-11 10:36:00,NMDC,127.9,127.9,127.75,127.9,7231,0
2016-11-11 10:37:00,NMDC,127.9,128.0,127.85,128.0,15624,0
2016-11-11 10:38:00,NMDC,127.95,127.95,127.8,127.85,6293,0
2016-11-11 10:39:00,NMDC,127.75,127.9,127.65,127.9,1539,0
2016-11-11 10:40:00,NMDC,127.6,127.9,127.6,127.85,2341,0
2016-11-11 10:41:00,NMDC,127.9,128.0,127.75,127.95,2480,0
2016-11-11 10:42:00,NMDC,128.0,128.0,127.75,127.75,10357,0
2016-11-11 10:43:00,NMDC,127.85,127.85,127.6,127.8,2477,0
2016-11-11 10:44:00,NMDC,127.85,127.85,127.85,127.85,161,0
2016-11-11 10:45:00,NMDC,128.0,128.0,127.95,128.0,12035,0
2016-11-11 10:46:00,NMDC,128.0,128.0,127.55,127.75,8711,0
2016-11-11 10:48:00,NMDC,127.9,128.1,127.9,127.95,15936,0
2016-11-11 10:49:00,NMDC,127.95,128.05,127.75,127.75,4834,0
2016-11-11 10:50:00,NMDC,127.75,127.75,127.55,127.7,1339,0
2016-11-11 10:51:00,NMDC,127.65,127.75,127.55,127.65,1641,0
2016-11-11 10:52:00,NMDC,127.65,127.7,127.65,127.7,4192,0
2016-11-11 10:53:00,NMDC,127.7,127.8,127.7,127.7,6031,0
2016-11-11 10:54:00,NMDC,127.8,128.0,127.8,128.0,8672,0
2016-11-11 10:55:00,NMDC,128.0,128.0,128.0,128.0,21073,0
2016-11-11 10:56:00,NMDC,128.0,128.0,127.7,127.9,15290,0
2016-11-11 10:57:00,NMDC,127.9,128.0,127.85,127.85,18333,0
2016-11-11 10:58:00,NMDC,127.95,127.95,127.65,127.95,10822,0
2016-11-11 10:59:00,NMDC,127.95,128.1,127.95,128.0,6110,0
2016-11-11 11:00:00,NMDC,128.1,128.2,128.05,128.2,9886,0
2016-11-11 11:01:00,NMDC,128.2,128.3,128.2,128.3,2704,0
2016-11-11 11:02:00,NMDC,128.2,128.45,128.2,128.45,2181,0
2016-11-11 11:03:00,NMDC,128.4,128.65,128.4,128.55,5467,0
2016-11-11 11:04:00,NMDC,128.5,128.65,128.5,128.65,8239,0
2016-11-11 11:05:00,NMDC,128.5,128.85,128.5,128.75,5686,0
2016-11-11 11:06:00,NMDC,128.75,129.2,128.75,129.05,20646,0
2016-11-11 11:07:00,NMDC,129.1,129.1,128.7,128.75,5310,0
2016-11-11 11:08:00,NMDC,128.85,128.85,128.7,128.75,4352,0
2016-11-11 11:09:00,NMDC,128.75,128.85,128.75,128.85,681,0
2016-11-11 11:10:00,NMDC,128.8,128.85,128.7,128.75,1540,0
2016-11-11 11:11:00,NMDC,128.9,128.9,128.7,128.7,4507,0
2016-11-11 11:12:00,NMDC,128.75,128.75,128.4,128.45,5585,0
2016-11-11 11:13:00,NMDC,128.5,128.9,128.5,128.9,3084,0
2016-11-11 11:14:00,NMDC,128.85,128.9,128.7,128.9,4580,0
2016-11-11 11:15:00,NMDC,128.85,128.85,128.7,128.7,682,0
2016-11-11 11:16:00,NMDC,128.7,128.7,128.6,128.65,8804,0
2016-11-11 11:17:00,NMDC,128.65,128.75,128.5,128.75,4333,0
2016-11-11 11:18:00,NMDC,128.75,128.85,128.65,128.65,8560,0
2016-11-11 11:19:00,NMDC,128.6,128.6,128.55,128.55,3997,0
2016-11-11 11:20:00,NMDC,128.7,128.85,128.7,128.85,1980,0
2016-11-11 11:21:00,NMDC,128.9,128.9,128.7,128.7,3776,0
2016-11-11 11:22:00,NMDC,128.9,128.9,128.8,128.85,620,0
2016-11-11 11:23:00,NMDC,128.75,128.95,128.75,128.95,3425,0
2016-11-11 11:24:00,NMDC,128.95,129.0,128.8,128.8,3767,0
2016-11-11 11:25:00,NMDC,128.8,128.9,128.8,128.9,610,0
2016-11-11 11:26:00,NMDC,128.9,128.9,128.85,128.85,822,0
2016-11-11 11:27:00,NMDC,128.95,128.95,128.8,128.8,1727,0
2016-11-11 11:28:00,NMDC,128.85,128.85,128.75,128.85,1633,0
2016-11-11 11:29:00,NMDC,128.85,129.0,128.85,129.0,11055,0
2016-11-11 11:30:00,NMDC,128.95,130.0,128.95,130.0,76911,0
2016-11-11 11:31:00,NMDC,130.0,130.5,129.8,129.95,58020,0
2016-11-11 11:32:00,NMDC,129.95,130.2,129.5,129.75,67912,0
2016-11-11 11:33:00,NMDC,129.75,129.75,129.3,129.3,9478,0
2016-11-11 11:34:00,NMDC,129.45,129.5,129.25,129.4,2094,0
2016-11-11 11:35:00,NMDC,129.35,129.4,128.95,129.0,40467,0
2016-11-11 11:36:00,NMDC,129.0,129.0,128.85,129.0,11708,0
2016-11-11 11:37:00,NMDC,129.0,129.05,128.35,128.45,24888,0
2016-11-11 11:38:00,NMDC,128.5,128.9,128.5,128.9,9789,0
2016-11-11 11:39:00,NMDC,129.0,129.1,128.7,128.75,14485,0
2016-11-11 11:40:00,NMDC,128.9,128.9,128.75,128.75,2994,0
2016-11-11 11:41:00,NMDC,128.75,128.8,128.75,128.8,628,0
2016-11-11 11:42:00,NMDC,128.75,129.3,128.75,129.25,18381,0
2016-11-11 11:43:00,NMDC,129.25,129.25,128.45,128.55,32462,0
2016-11-11 11:44:00,NMDC,128.7,129.0,128.7,128.8,5159,0
2016-11-11 11:45:00,NMDC,128.95,129.0,128.85,128.95,8538,0
2016-11-11 11:46:00,NMDC,128.95,129.0,128.8,128.8,8173,0
2016-11-11 11:47:00,NMDC,128.9,129.05,128.9,128.95,8125,0
2016-11-11 11:48:00,NMDC,128.95,128.95,128.9,128.9,460,0
2016-11-11 11:49:00,NMDC,128.95,129.15,128.9,129.1,10580,0
2016-11-11 11:50:00,NMDC,129.1,129.15,128.8,129.0,42397,0
2016-11-11 11:51:00,NMDC,129.0,129.0,128.9,129.0,7727,0
2016-11-11 11:52:00,NMDC,129.0,129.05,128.9,129.0,11069,0
2016-11-11 11:53:00,NMDC,129.0,129.0,129.0,129.0,761,0
2016-11-11 11:54:00,NMDC,129.0,129.0,128.9,128.95,2213,0
2016-11-11 11:55:00,NMDC,129.0,129.0,128.9,129.0,883,0
2016-11-11 11:56:00,NMDC,128.9,128.95,128.9,128.95,2221,0
2016-11-11 11:57:00,NMDC,128.9,128.9,128.65,128.75,5883,0
2016-11-11 11:58:00,NMDC,128.75,128.75,128.45,128.65,10935,0
2016-11-11 11:59:00,NMDC,128.65,128.65,128.6,128.6,1001,0
2016-11-11 12:00:00,NMDC,128.6,128.65,128.6,128.65,349,0
2016-11-11 12:01:00,NMDC,128.6,128.6,128.15,128.15,18875,0
2016-11-11 12:02:00,NMDC,128.3,128.6,128.3,128.6,2078,0
2016-11-11 12:03:00,NMDC,128.45,128.6,128.45,128.5,858,0
2016-11-11 12:04:00,NMDC,128.5,128.5,128.2,128.25,4020,0
2016-11-11 12:05:00,NMDC,128.5,128.7,128.4,128.55,3556,0
2016-11-11 12:06:00,NMDC,128.45,128.6,128.45,128.6,1199,0
2016-11-11 12:07:00,NMDC,128.6,128.9,128.25,128.3,10889,0
2016-11-11 12:08:00,NMDC,128.35,128.75,128.3,128.65,10400,0
2016-11-11 12:09:00,NMDC,128.55,128.6,128.4,128.5,2772,0
2016-11-11 12:10:00,NMDC,128.45,128.45,128.35,128.35,2239,0
2016-11-11 12:11:00,NMDC,128.35,128.45,128.3,128.3,7081,0
2016-11-11 12:12:00,NMDC,128.35,128.35,128.05,128.15,5727,0
2016-11-11 12:13:00,NMDC,128.0,128.4,127.85,128.4,6124,0
2016-11-11 12:14:00,NMDC,128.2,128.4,128.2,128.4,1162,0
2016-11-11 12:15:00,NMDC,128.4,128.4,127.9,127.9,8555,0
2016-11-11 12:16:00,NMDC,127.95,128.25,127.95,128.2,3075,0
2016-11-11 12:17:00,NMDC,128.25,128.3,128.15,128.25,1190,0
2016-11-11 12:18:00,NMDC,128.35,128.4,128.3,128.4,1309,0
2016-11-11 12:19:00,NMDC,128.45,128.45,128.35,128.45,3537,0
2016-11-11 12:20:00,NMDC,128.4,128.45,128.4,128.45,1328,0
2016-11-11 12:21:00,NMDC,128.5,128.55,128.3,128.5,4964,0
2016-11-11 12:22:00,NMDC,128.35,128.7,128.35,128.7,5557,0
2016-11-11 12:23:00,NMDC,128.65,128.65,128.45,128.55,3700,0
2016-11-11 12:24:00,NMDC,128.55,128.55,128.3,128.3,2514,0
2016-11-11 12:25:00,NMDC,128.35,128.4,128.35,128.35,1940,0
2016-11-11 12:26:00,NMDC,128.4,128.4,127.85,127.9,12301,0
2016-11-11 12:27:00,NMDC,128.0,128.2,127.95,128.2,1570,0
2016-11-11 12:28:00,NMDC,128.2,128.2,127.6,127.8,5350,0
2016-11-11 12:29:00,NMDC,127.75,127.75,127.7,127.75,1570,0
2016-11-11 12:30:00,NMDC,127.75,127.8,127.7,127.7,2266,0
2016-11-11 12:31:00,NMDC,127.8,127.8,127.45,127.6,5048,0
2016-11-11 12:32:00,NMDC,127.45,127.65,127.4,127.65,2966,0
2016-11-11 12:33:00,NMDC,127.55,127.6,127.5,127.6,2178,0
2016-11-11 12:34:00,NMDC,127.65,127.7,127.6,127.6,1600,0
2016-11-11 12:35:00,NMDC,127.7,128.0,127.6,127.9,5509,0
2016-11-11 12:36:00,NMDC,128.0,129.0,128.0,128.85,9753,0
2016-11-11 12:37:00,NMDC,128.8,129.2,128.65,128.85,92401,0
2016-11-11 12:38:00,NMDC,129.05,129.05,128.7,128.7,12270,0
2016-11-11 12:39:00,NMDC,128.75,128.8,128.75,128.8,205,0
2016-11-11 12:40:00,NMDC,128.8,129.0,128.75,128.95,5788,0
2016-11-11 12:41:00,NMDC,128.85,128.85,128.6,128.6,3884,0
2016-11-11 12:42:00,NMDC,128.8,129.0,128.8,128.9,3375,0
2016-11-11 12:43:00,NMDC,128.9,128.9,128.7,128.7,2149,0
2016-11-11 12:44:00,NMDC,128.65,128.65,128.5,128.6,6633,0
2016-11-11 12:45:00,NMDC,128.65,128.7,128.45,128.45,3736,0
2016-11-11 12:46:00,NMDC,128.5,128.55,128.5,128.55,810,0
2016-11-11 12:47:00,NMDC,128.6,128.7,127.9,127.9,36485,0
2016-11-11 12:48:00,NMDC,127.85,127.85,127.55,127.65,2654,0
2016-11-11 12:49:00,NMDC,127.65,128.0,127.55,127.85,1706,0
2016-11-11 12:50:00,NMDC,127.85,127.85,127.6,127.65,20943,0
2016-11-11 12:51:00,NMDC,127.65,127.75,127.35,127.35,6397,0
2016-11-11 12:52:00,NMDC,127.3,128.0,127.3,127.95,7907,0
2016-11-11 12:53:00,NMDC,127.9,128.0,127.9,128.0,425,0
2016-11-11 12:54:00,NMDC,128.2,128.2,128.0,128.0,4231,0
2016-11-11 12:55:00,NMDC,127.95,128.0,127.85,127.85,2362,0
2016-11-11 12:56:00,NMDC,127.7,127.85,127.7,127.85,3769,0
2016-11-11 12:57:00,NMDC,127.85,127.9,127.8,127.9,3166,0
2016-11-11 12:58:00,NMDC,127.85,127.95,127.8,127.95,1566,0
2016-11-11 12:59:00,NMDC,127.85,128.0,127.85,128.0,2223,0
2016-11-11 13:00:00,NMDC,128.0,128.1,128.0,128.0,1795,0
2016-11-11 13:01:00,NMDC,128.0,128.1,128.0,128.0,732,0
2016-11-11 13:02:00,NMDC,128.0,128.15,127.95,128.1,9481,0
2016-11-11 13:03:00,NMDC,128.0,128.15,128.0,128.05,2467,0
2016-11-11 13:04:00,NMDC,128.05,128.15,128.0,128.0,5288,0
2016-11-11 13:05:00,NMDC,128.0,128.1,127.95,128.1,5453,0
2016-11-11 13:06:00,NMDC,128.15,128.15,127.85,127.9,5141,0
2016-11-11 13:07:00,NMDC,127.95,127.95,127.85,127.85,1696,0
2016-11-11 13:08:00,NMDC,128.0,128.0,127.95,127.95,1675,0
2016-11-11 13:09:00,NMDC,128.0,128.0,128.0,128.0,65,0
2016-11-11 13:10:00,NMDC,128.0,128.25,128.0,128.15,6226,0
2016-11-11 13:11:00,NMDC,128.05,128.4,127.8,128.4,4981,0
2016-11-11 13:12:00,NMDC,128.45,128.45,128.2,128.35,3373,0
2016-11-11 13:13:00,NMDC,128.2,128.5,128.2,128.4,4040,0
2016-11-11 13:14:00,NMDC,128.4,128.5,128.3,128.4,5802,0
2016-11-11 13:15:00,NMDC,128.55,128.55,128.4,128.55,1101,0
2016-11-11 13:16:00,NMDC,128.45,128.55,128.25,128.25,4898,0
2016-11-11 13:17:00,NMDC,128.25,128.5,128.25,128.35,754,0
2016-11-11 13:18:00,NMDC,128.35,128.5,128.25,128.25,9091,0
2016-11-11 13:19:00,NMDC,128.25,128.6,128.25,128.4,3891,0
2016-11-11 13:20:00,NMDC,128.4,128.75,128.4,128.6,4191,0
2016-11-11 13:21:00,NMDC,128.6,128.6,128.5,128.5,2903,0
2016-11-11 13:22:00,NMDC,128.5,128.55,128.3,128.35,7826,0
2016-11-11 13:23:00,NMDC,128.5,128.5,128.15,128.2,3163,0
2016-11-11 13:24:00,NMDC,128.2,128.7,128.2,128.4,2340,0
2016-11-11 13:25:00,NMDC,128.4,128.45,128.4,128.45,53,0
2016-11-11 13:26:00,NMDC,128.4,128.5,128.25,128.4,8344,0
2016-11-11 13:27:00,NMDC,128.4,128.85,128.4,128.6,7551,0
2016-11-11 13:28:00,NMDC,128.65,128.8,128.65,128.8,1627,0
2016-11-11 13:29:00,NMDC,128.8,128.8,128.55,128.55,4752,0
2016-11-11 13:30:00,NMDC,128.6,128.7,128.3,128.35,9833,0
2016-11-11 13:31:00,NMDC,128.35,128.85,128.35,128.85,11039,0
2016-11-11 13:32:00,NMDC,128.6,128.7,128.45,128.5,4011,0
2016-11-11 13:33:00,NMDC,128.5,128.6,128.5,128.55,739,0
2016-11-11 13:34:00,NMDC,128.55,128.95,128.4,128.8,15067,0
2016-11-11 13:35:00,NMDC,128.95,128.95,128.5,128.5,2332,0
2016-11-11 13:36:00,NMDC,128.5,128.5,128.4,128.4,1519,0
2016-11-11 13:37:00,NMDC,128.4,128.5,128.4,128.4,841,0
2016-11-11 13:38:00,NMDC,128.55,128.7,128.4,128.6,5334,0
2016-11-11 13:39:00,NMDC,128.8,128.8,128.6,128.6,4045,0
2016-11-11 13:40:00,NMDC,128.65,128.65,128.35,128.35,4736,0
2016-11-11 13:41:00,NMDC,128.35,128.55,128.35,128.35,1944,0
2016-11-11 13:42:00,NMDC,128.35,128.4,128.25,128.3,4033,0
2016-11-11 13:43:00,NMDC,128.3,128.3,127.9,127.9,8980,0
2016-11-11 13:44:00,NMDC,127.85,128.0,127.8,128.0,4880,0
2016-11-11 13:45:00,NMDC,128.15,128.2,128.0,128.0,904,0
2016-11-11 13:46:00,NMDC,128.25,128.3,128.05,128.2,5859,0
2016-11-11 13:47:00,NMDC,128.2,128.2,128.05,128.1,2468,0
2016-11-11 13:48:00,NMDC,128.0,128.2,128.0,128.1,2097,0
2016-11-11 13:49:00,NMDC,128.0,128.15,128.0,128.0,1342,0
2016-11-11 13:50:00,NMDC,128.1,128.6,128.0,128.15,11815,0
2016-11-11 13:51:00,NMDC,128.15,128.3,128.1,128.1,4058,0
2016-11-11 13:52:00,NMDC,128.25,128.5,128.15,128.35,806,0
2016-11-11 13:53:00,NMDC,128.1,128.1,127.75,127.75,17441,0
2016-11-11 13:54:00,NMDC,127.95,127.95,127.8,127.8,604,0
2016-11-11 13:55:00,NMDC,127.8,127.8,127.55,127.65,5207,0
2016-11-11 13:56:00,NMDC,127.8,127.8,127.75,127.75,1354,0
2016-11-11 13:57:00,NMDC,127.75,127.9,127.7,127.9,2202,0
2016-11-11 13:58:00,NMDC,127.75,127.95,127.75,127.95,750,0
2016-11-11 13:59:00,NMDC,127.95,128.0,127.95,128.0,7273,0
2016-11-11 14:00:00,NMDC,127.95,128.0,127.85,127.9,1813,0
2016-11-11 14:01:00,NMDC,127.9,128.0,127.85,127.95,6258,0
2016-11-11 14:02:00,NMDC,127.95,128.0,127.95,128.0,1754,0
2016-11-11 14:03:00,NMDC,128.0,128.0,127.85,127.9,3615,0
2016-11-11 14:04:00,NMDC,127.85,128.0,127.85,128.0,651,0
2016-11-11 14:05:00,NMDC,128.0,128.0,127.85,127.85,2656,0
2016-11-11 14:06:00,NMDC,127.95,128.05,127.9,128.05,2864,0
2016-11-11 14:07:00,NMDC,128.0,128.0,127.9,127.9,2307,0
2016-11-11 14:08:00,NMDC,128.0,128.05,127.85,128.0,6326,0
2016-11-11 14:09:00,NMDC,127.85,127.85,127.75,127.75,5573,0
2016-11-11 14:10:00,NMDC,127.85,127.85,127.75,127.85,1115,0
2016-11-11 14:11:00,NMDC,127.75,127.9,127.75,127.75,35590,0
2016-11-11 14:12:00,NMDC,127.85,127.9,127.85,127.9,3510,0
2016-11-11 14:13:00,NMDC,127.9,127.9,127.9,127.9,100,0
2016-11-11 14:14:00,NMDC,127.85,128.0,127.85,128.0,405,0
2016-11-11 14:15:00,NMDC,128.0,128.1,128.0,128.0,14378,0
2016-11-11 14:16:00,NMDC,128.0,128.05,127.9,128.0,4320,0
2016-11-11 14:17:00,NMDC,128.0,128.05,128.0,128.0,2533,0
2016-11-11 14:18:00,NMDC,128.0,128.1,128.0,128.0,748,0
2016-11-11 14:19:00,NMDC,128.15,128.2,128.1,128.1,3115,0
2016-11-11 14:20:00,NMDC,128.05,128.3,127.8,128.15,16890,0
2016-11-11 14:21:00,NMDC,127.75,127.9,127.7,127.9,3599,0
2016-11-11 14:22:00,NMDC,127.9,127.95,127.85,127.9,766,0
2016-11-11 14:23:00,NMDC,127.8,127.95,127.8,127.95,1257,0
2016-11-11 14:24:00,NMDC,127.95,127.95,127.3,127.3,15475,0
2016-11-11 14:25:00,NMDC,127.55,127.55,127.45,127.5,2518,0
2016-11-11 14:26:00,NMDC,127.2,127.35,127.1,127.2,5904,0
2016-11-11 14:27:00,NMDC,127.2,127.2,126.75,126.75,21123,0
2016-11-11 14:28:00,NMDC,126.95,127.0,126.75,126.75,5246,0
2016-11-11 14:29:00,NMDC,126.75,126.75,126.6,126.65,8316,0
2016-11-11 14:30:00,NMDC,126.65,126.95,126.65,126.9,5566,0
2016-11-11 14:31:00,NMDC,126.9,126.95,126.85,126.95,3375,0
2016-11-11 14:32:00,NMDC,126.85,126.95,126.75,126.85,4194,0
2016-11-11 14:33:00,NMDC,127.0,127.25,127.0,127.2,5729,0
2016-11-11 14:34:00,NMDC,127.2,127.35,127.05,127.2,3092,0
2016-11-11 14:35:00,NMDC,127.2,127.5,127.2,127.4,2191,0
2016-11-11 14:36:00,NMDC,127.4,127.45,127.25,127.3,1556,0
2016-11-11 14:37:00,NMDC,127.15,127.15,126.85,127.05,12589,0
2016-11-11 14:38:00,NMDC,127.15,127.15,127.05,127.15,1697,0
2016-11-11 14:39:00,NMDC,127.1,127.15,127.0,127.0,2618,0
2016-11-11 14:40:00,NMDC,127.0,127.0,126.6,126.65,9592,0
2016-11-11 14:41:00,NMDC,126.65,126.65,126.2,126.3,39657,0
2016-11-11 14:42:00,NMDC,126.25,126.7,126.25,126.65,5771,0
2016-11-11 14:43:00,NMDC,126.45,126.55,126.4,126.45,8494,0
2016-11-11 14:44:00,NMDC,126.4,126.45,126.0,126.1,43357,0
2016-11-11 14:45:00,NMDC,126.1,126.4,126.1,126.35,6251,0
2016-11-11 14:46:00,NMDC,126.2,126.45,126.2,126.3,3388,0
2016-11-11 14:47:00,NMDC,126.35,126.6,126.2,126.6,8968,0
2016-11-11 14:48:00,NMDC,126.5,126.65,126.35,126.55,10355,0
2016-11-11 14:49:00,NMDC,126.55,126.6,126.3,126.5,7159,0
2016-11-11 14:50:00,NMDC,126.55,126.6,126.25,126.45,9645,0
2016-11-11 14:51:00,NMDC,126.6,126.6,126.35,126.35,3706,0
2016-11-11 14:52:00,NMDC,126.35,126.45,126.3,126.45,11688,0
2016-11-11 14:53:00,NMDC,126.4,126.6,126.35,126.6,2578,0
2016-11-11 14:54:00,NMDC,126.7,126.85,126.2,126.25,13673,0
2016-11-11 14:55:00,NMDC,126.4,126.55,126.3,126.55,2943,0
2016-11-11 14:56:00,NMDC,126.55,126.55,126.2,126.25,7961,0
2016-11-11 14:57:00,NMDC,126.25,126.55,126.2,126.35,1467,0
2016-11-11 14:58:00,NMDC,126.45,126.5,126.3,126.35,4731,0
2016-11-11 14:59:00,NMDC,126.4,126.45,126.25,126.25,4085,0
2016-11-11 15:00:00,NMDC,126.35,126.45,126.2,126.3,1897,0
2016-11-11 15:01:00,NMDC,126.45,126.5,126.05,126.05,30005,0
2016-11-11 15:02:00,NMDC,126.2,126.35,126.05,126.1,46686,0
2016-11-11 15:03:00,NMDC,126.1,126.1,125.95,126.1,99325,0
2016-11-11 15:04:00,NMDC,126.1,126.45,126.0,126.45,112785,0
2016-11-11 15:05:00,NMDC,126.35,126.5,125.9,126.15,56791,0
2016-11-11 15:06:00,NMDC,126.15,126.3,125.95,126.15,18990,0
2016-11-11 15:07:00,NMDC,126.2,126.2,125.95,126.15,89956,0
2016-11-11 15:08:00,NMDC,126.15,126.15,125.85,126.05,16181,0
2016-11-11 15:09:00,NMDC,126.1,126.15,125.9,125.9,30517,0
2016-11-11 15:10:00,NMDC,126.0,126.0,125.9,126.0,4319,0
2016-11-11 15:11:00,NMDC,126.0,126.05,125.95,126.0,32066,0
2016-11-11 15:12:00,NMDC,125.95,126.0,125.9,126.0,15712,0
2016-11-11 15:13:00,NMDC,125.95,126.05,125.95,126.05,24071,0
2016-11-11 15:14:00,NMDC,126.05,126.05,125.95,126.0,7790,0
2016-11-11 15:15:00,NMDC,126.0,126.05,125.95,126.0,34778,0
2016-11-11 15:16:00,NMDC,125.95,126.0,125.7,125.9,28407,0
2016-11-11 15:17:00,NMDC,125.95,126.2,125.7,125.95,46072,0
2016-11-11 15:18:00,NMDC,125.9,126.2,125.9,126.2,22079,0
2016-11-11 15:19:00,NMDC,126.2,126.3,125.6,126.0,53266,0
2016-11-11 15:20:00,NMDC,125.95,125.95,125.2,125.65,35941,0
2016-11-11 15:21:00,NMDC,125.65,125.65,125.25,125.35,29013,0
2016-11-11 15:22:00,NMDC,125.35,125.4,125.15,125.3,44007,0
2016-11-11 15:23:00,NMDC,125.35,125.4,125.1,125.4,26229,0
2016-11-11 15:24:00,NMDC,125.4,125.4,125.05,125.35,19906,0
2016-11-11 15:25:00,NMDC,125.35,125.4,125.25,125.25,27615,0
2016-11-11 15:26:00,NMDC,125.3,125.5,125.25,125.4,27656,0
2016-11-11 15:27:00,NMDC,125.4,125.5,125.15,125.2,29142,0
2016-11-11 15:28:00,NMDC,125.25,125.45,125.15,125.4,33842,0
2016-11-11 15:29:00,NMDC,125.55,125.8,125.4,125.75,20466,0
2016-11-11 15:30:00,NMDC,125.75,125.75,125.5,125.5,6333,0
2016-11-11 15:41:00,NMDC,125.85,125.85,125.85,125.85,1916,0
2016-11-11 15:42:00,NMDC,125.85,125.85,125.85,125.85,9,0
2016-11-11 15:43:00,NMDC,125.85,125.85,125.85,125.85,300,0
2016-11-11 15:44:00,NMDC,125.85,125.85,125.85,125.85,209,0
2016-11-11 15:46:00,NMDC,125.85,125.85,125.85,125.85,210,0
2016-11-11 15:48:00,NMDC,125.85,125.85,125.85,125.85,239,0
2016-11-11 15:49:00,NMDC,125.85,125.85,125.85,125.85,61,0
2016-11-11 15:59:00,NMDC,125.85,125.85,125.85,125.85,138,0
2016-11-11 16:00:00,NMDC,125.85,125.85,125.85,125.85,100,0
2016-11-11 16:36:00,NMDC,125.85,125.85,125.85,125.85,1,0
2016-11-15 09:08:00,NMDC,124.0,124.0,124.0,124.0,3410,0
2016-11-15 09:16:00,NMDC,124.0,125.3,124.0,125.1,55586,0
2016-11-15 09:17:00,NMDC,125.05,125.25,124.85,125.25,30025,0
2016-11-15 09:18:00,NMDC,125.25,125.25,124.1,125.25,70464,0
2016-11-15 09:19:00,NMDC,125.2,125.7,124.9,124.9,20011,0
2016-11-15 09:20:00,NMDC,124.85,124.85,124.3,124.7,26837,0
2016-11-15 09:21:00,NMDC,124.5,124.5,123.95,123.95,34355,0
2016-11-15 09:22:00,NMDC,124.0,125.15,123.9,125.0,37470,0
2016-11-15 09:23:00,NMDC,124.9,124.9,123.8,124.65,37441,0
2016-11-15 09:24:00,NMDC,124.5,124.5,124.1,124.3,11447,0
2016-11-15 09:25:00,NMDC,124.35,124.65,124.15,124.55,19779,0
2016-11-15 09:26:00,NMDC,124.65,124.85,124.1,124.85,15671,0
2016-11-15 09:27:00,NMDC,124.85,124.85,124.05,124.45,12957,0
2016-11-15 09:28:00,NMDC,124.6,124.7,124.2,124.55,8022,0
2016-11-15 09:29:00,NMDC,124.55,124.85,124.35,124.85,11566,0
2016-11-15 09:30:00,NMDC,124.85,124.9,124.6,124.7,32461,0
2016-11-15 09:31:00,NMDC,124.55,124.6,124.05,124.05,18341,0
2016-11-15 09:32:00,NMDC,124.1,124.4,124.0,124.4,17390,0
2016-11-15 09:33:00,NMDC,124.5,124.95,124.5,124.95,24724,0
2016-11-15 09:34:00,NMDC,125.0,125.05,124.85,125.05,21723,0
2016-11-15 09:35:00,NMDC,125.1,125.1,124.35,124.55,24817,0
2016-11-15 09:36:00,NMDC,124.25,124.25,123.8,123.9,24935,0
2016-11-15 09:37:00,NMDC,123.8,123.8,123.15,123.15,29874,0
2016-11-15 09:38:00,NMDC,123.2,123.2,122.3,122.7,28330,0
2016-11-15 09:39:00,NMDC,122.65,122.9,122.5,122.85,24680,0
2016-11-15 09:40:00,NMDC,122.75,122.8,122.25,122.35,14375,0
2016-11-15 09:41:00,NMDC,122.2,122.35,121.4,122.3,30619,0
2016-11-15 09:42:00,NMDC,122.3,122.3,121.85,122.0,10732,0
2016-11-15 09:43:00,NMDC,122.0,122.3,122.0,122.05,25641,0
2016-11-15 09:44:00,NMDC,122.0,122.1,121.85,122.05,11000,0
2016-11-15 09:45:00,NMDC,121.95,122.05,121.2,121.2,15340,0
2016-11-15 09:46:00,NMDC,121.2,121.4,120.75,121.4,30049,0
2016-11-15 09:47:00,NMDC,121.4,121.6,120.85,121.05,20857,0
2016-11-15 09:48:00,NMDC,121.1,121.35,120.45,120.45,18446,0
2016-11-15 09:49:00,NMDC,120.55,120.65,120.2,120.5,21965,0
2016-11-15 09:50:00,NMDC,120.5,120.65,120.2,120.4,17953,0
2016-11-15 09:51:00,NMDC,120.4,120.7,120.25,120.7,11902,0
2016-11-15 09:52:00,NMDC,120.55,120.7,120.25,120.5,16817,0
2016-11-15 09:53:00,NMDC,120.7,120.7,120.45,120.55,63791,0
2016-11-15 09:54:00,NMDC,120.65,120.65,120.3,120.5,45462,0
2016-11-15 09:55:00,NMDC,120.5,120.6,120.3,120.6,40077,0
2016-11-15 09:56:00,NMDC,120.7,121.35,120.7,121.35,36855,0
2016-11-15 09:57:00,NMDC,121.35,121.65,121.15,121.55,47847,0
2016-11-15 09:58:00,NMDC,121.3,121.95,121.1,121.85,25402,0
2016-11-15 09:59:00,NMDC,121.95,122.0,121.3,121.7,51292,0
2016-11-15 10:00:00,NMDC,121.5,121.85,121.5,121.8,31632,0
2016-11-15 10:01:00,NMDC,121.85,121.9,121.4,121.4,35642,0
2016-11-15 10:02:00,NMDC,121.5,121.6,121.35,121.55,14307,0
2016-11-15 10:03:00,NMDC,121.55,121.6,121.3,121.5,15687,0
2016-11-15 10:04:00,NMDC,121.45,121.45,121.25,121.4,18235,0
2016-11-15 10:05:00,NMDC,121.4,121.5,120.85,121.3,32695,0
2016-11-15 10:06:00,NMDC,121.45,121.45,120.7,120.75,10634,0
2016-11-15 10:07:00,NMDC,120.6,120.85,120.6,120.8,14650,0
2016-11-15 10:08:00,NMDC,120.8,120.8,120.45,120.7,20494,0
2016-11-15 10:09:00,NMDC,120.45,120.55,120.3,120.3,8810,0
2016-11-15 10:10:00,NMDC,120.25,120.7,119.55,120.7,38796,0
2016-11-15 10:11:00,NMDC,120.5,120.5,119.35,119.55,19972,0
2016-11-15 10:12:00,NMDC,119.4,120.0,119.25,119.7,10714,0
2016-11-15 10:13:00,NMDC,119.75,119.75,119.4,119.7,38051,0
2016-11-15 10:14:00,NMDC,119.75,119.95,119.75,119.9,31128,0
2016-11-15 10:15:00,NMDC,119.8,119.8,119.3,119.3,29454,0
2016-11-15 10:16:00,NMDC,119.55,119.55,118.6,118.9,32247,0
2016-11-15 10:17:00,NMDC,118.95,119.9,118.8,119.8,16751,0
2016-11-15 10:18:00,NMDC,120.15,120.2,119.35,119.5,15291,0
2016-11-15 10:19:00,NMDC,119.6,119.6,119.35,119.45,10036,0
2016-11-15 10:20:00,NMDC,119.4,119.95,119.4,119.85,8588,0
2016-11-15 10:21:00,NMDC,119.95,120.85,119.95,120.75,11448,0
2016-11-15 10:22:00,NMDC,120.7,120.95,120.7,120.85,29314,0
2016-11-15 10:23:00,NMDC,120.85,120.95,120.6,120.8,11883,0
2016-11-15 10:24:00,NMDC,120.8,120.8,120.3,120.65,13134,0
2016-11-15 10:25:00,NMDC,120.8,121.6,120.8,121.35,22076,0
2016-11-15 10:26:00,NMDC,121.35,121.35,120.9,120.9,14321,0
2016-11-15 10:27:00,NMDC,120.8,121.0,120.5,121.0,8149,0
2016-11-15 10:28:00,NMDC,121.0,121.05,120.7,120.8,9398,0
2016-11-15 10:29:00,NMDC,121.1,121.2,120.55,120.85,10659,0
2016-11-15 10:30:00,NMDC,120.85,121.05,120.7,120.7,8715,0
2016-11-15 10:31:00,NMDC,120.7,120.95,120.7,120.75,5713,0
2016-11-15 10:32:00,NMDC,120.95,120.95,120.4,120.5,7061,0
2016-11-15 10:33:00,NMDC,120.65,120.65,120.45,120.6,9054,0
2016-11-15 10:34:00,NMDC,120.9,120.9,120.5,120.5,7004,0
2016-11-15 10:35:00,NMDC,120.75,120.8,120.6,120.75,6509,0
2016-11-15 10:36:00,NMDC,120.8,120.9,120.65,120.85,7935,0
2016-11-15 10:37:00,NMDC,120.85,121.65,120.85,121.65,15893,0
2016-11-15 10:38:00,NMDC,121.65,121.65,121.45,121.6,15232,0
2016-11-15 10:39:00,NMDC,121.7,121.7,121.5,121.5,6504,0
2016-11-15 10:40:00,NMDC,121.55,121.55,121.1,121.2,5240,0
2016-11-15 10:41:00,NMDC,121.25,121.6,121.25,121.35,16597,0
2016-11-15 10:42:00,NMDC,121.25,121.25,120.55,120.55,13465,0
2016-11-15 10:43:00,NMDC,120.75,120.75,120.45,120.55,23138,0
2016-11-15 10:44:00,NMDC,120.55,121.1,120.4,121.1,8523,0
2016-11-15 10:45:00,NMDC,121.1,121.4,120.3,120.3,13322,0
2016-11-15 10:46:00,NMDC,120.35,120.5,120.2,120.25,29876,0
2016-11-15 10:47:00,NMDC,120.1,120.5,120.0,120.5,10886,0
2016-11-15 10:48:00,NMDC,120.5,120.6,120.5,120.5,34969,0
2016-11-15 10:49:00,NMDC,120.5,120.85,120.35,120.85,24210,0
2016-11-15 10:50:00,NMDC,120.75,120.95,120.55,120.75,5737,0
2016-11-15 10:51:00,NMDC,120.95,121.5,120.95,121.5,13304,0
2016-11-15 10:52:00,NMDC,121.55,121.65,121.25,121.65,28418,0
2016-11-15 10:53:00,NMDC,121.7,121.7,121.5,121.5,24416,0
2016-11-15 10:54:00,NMDC,121.6,121.9,121.6,121.75,13950,0
2016-11-15 10:55:00,NMDC,121.75,122.05,121.75,122.05,12665,0
2016-11-15 10:56:00,NMDC,122.05,122.2,122.05,122.2,21934,0
2016-11-15 10:57:00,NMDC,122.15,122.35,122.05,122.1,9727,0
2016-11-15 10:58:00,NMDC,122.05,122.35,122.0,122.2,13047,0
2016-11-15 10:59:00,NMDC,122.3,122.3,122.0,122.05,28160,0
2016-11-15 11:00:00,NMDC,122.05,122.1,121.75,121.9,20740,0
2016-11-15 11:01:00,NMDC,121.75,121.9,121.75,121.8,14711,0
2016-11-15 11:02:00,NMDC,121.95,122.1,121.85,121.85,6662,0
2016-11-15 11:03:00,NMDC,122.0,122.0,121.85,122.0,9196,0
2016-11-15 11:04:00,NMDC,122.0,122.0,121.85,121.95,12381,0
2016-11-15 11:05:00,NMDC,121.85,122.05,121.85,122.05,29571,0
2016-11-15 11:06:00,NMDC,122.1,122.2,122.05,122.05,16605,0
2016-11-15 11:07:00,NMDC,122.05,122.2,122.0,122.0,15828,0
2016-11-15 11:08:00,NMDC,122.15,122.15,122.0,122.0,5502,0
2016-11-15 11:09:00,NMDC,122.0,122.15,122.0,122.0,7411,0
2016-11-15 11:10:00,NMDC,122.15,122.15,121.9,121.9,4974,0
2016-11-15 11:11:00,NMDC,122.0,122.0,121.5,121.75,10382,0
2016-11-15 11:12:00,NMDC,121.9,122.15,121.75,122.05,23593,0
2016-11-15 11:13:00,NMDC,121.8,122.2,121.8,122.2,13019,0
2016-11-15 11:14:00,NMDC,122.2,122.3,122.0,122.0,14393,0
2016-11-15 11:15:00,NMDC,122.1,122.1,121.8,121.8,25998,0
2016-11-15 11:16:00,NMDC,121.75,121.9,121.75,121.9,45948,0
2016-11-15 11:17:00,NMDC,121.9,121.95,121.65,121.65,14066,0
2016-11-15 11:18:00,NMDC,121.65,121.75,121.55,121.55,9242,0
2016-11-15 11:19:00,NMDC,121.55,121.95,121.55,121.95,24172,0
2016-11-15 11:20:00,NMDC,121.6,121.6,121.6,121.6,4295,0
2016-11-15 11:21:00,NMDC,121.6,121.65,121.55,121.55,5445,0
2016-11-15 11:22:00,NMDC,121.6,121.8,121.6,121.6,9989,0
2016-11-15 11:23:00,NMDC,121.55,121.75,121.55,121.75,6854,0
2016-11-15 11:24:00,NMDC,121.55,121.7,121.55,121.7,5688,0
2016-11-15 11:25:00,NMDC,121.6,121.75,121.55,121.55,6380,0
2016-11-15 11:26:00,NMDC,121.55,121.6,121.45,121.45,5880,0
2016-11-15 11:27:00,NMDC,121.4,121.5,121.25,121.3,5321,0
2016-11-15 11:28:00,NMDC,121.4,121.4,121.15,121.2,10653,0
2016-11-15 11:29:00,NMDC,121.2,121.25,121.05,121.25,24952,0
2016-11-15 11:30:00,NMDC,121.1,121.5,121.05,121.5,5783,0
2016-11-15 11:31:00,NMDC,121.3,121.3,120.1,120.1,94356,0
2016-11-15 11:32:00,NMDC,120.35,120.4,120.1,120.1,12394,0
2016-11-15 11:33:00,NMDC,120.15,120.15,120.0,120.0,9944,0
2016-11-15 11:34:00,NMDC,120.0,120.05,119.6,119.85,9155,0
2016-11-15 11:35:00,NMDC,120.0,120.95,119.8,120.9,19311,0
2016-11-15 11:36:00,NMDC,120.5,120.9,120.25,120.25,21225,0
2016-11-15 11:37:00,NMDC,120.2,120.5,119.95,120.2,5784,0
2016-11-15 11:38:00,NMDC,120.2,120.2,119.4,119.55,18420,0
2016-11-15 11:39:00,NMDC,119.55,119.6,119.45,119.5,8516,0
2016-11-15 11:40:00,NMDC,119.6,119.8,119.25,119.25,9115,0
2016-11-15 11:41:00,NMDC,119.3,119.3,119.05,119.25,12266,0
2016-11-15 11:42:00,NMDC,119.55,119.55,119.25,119.25,4815,0
2016-11-15 11:43:00,NMDC,119.45,119.65,119.2,119.65,8769,0
2016-11-15 11:44:00,NMDC,119.65,119.95,119.45,119.45,12346,0
2016-11-15 11:45:00,NMDC,119.55,119.55,119.2,119.5,9617,0
2016-11-15 11:46:00,NMDC,119.45,119.6,119.2,119.2,10652,0
2016-11-15 11:47:00,NMDC,119.45,119.9,119.45,119.9,9710,0
2016-11-15 11:48:00,NMDC,119.5,119.85,119.5,119.85,6738,0
2016-11-15 11:49:00,NMDC,119.9,119.95,119.7,119.75,7684,0
2016-11-15 11:50:00,NMDC,119.95,119.95,119.65,119.65,11617,0
2016-11-15 11:51:00,NMDC,119.75,119.8,119.4,119.5,33268,0
2016-11-15 11:52:00,NMDC,119.65,119.9,119.5,119.6,21383,0
2016-11-15 11:53:00,NMDC,119.95,120.3,119.6,119.6,18907,0
2016-11-15 11:54:00,NMDC,119.9,120.1,119.55,120.1,9340,0
2016-11-15 11:55:00,NMDC,119.8,120.1,119.65,120.0,10837,0
2016-11-15 11:56:00,NMDC,120.1,120.1,119.5,119.75,8278,0
2016-11-15 11:57:00,NMDC,119.7,119.7,119.2,119.2,10897,0
2016-11-15 11:58:00,NMDC,119.2,119.65,119.2,119.25,14010,0
2016-11-15 11:59:00,NMDC,119.5,119.5,119.15,119.5,6634,0
2016-11-15 12:00:00,NMDC,119.7,119.7,119.4,119.65,8450,0
2016-11-15 12:01:00,NMDC,119.65,119.7,119.35,119.5,8769,0
2016-11-15 12:02:00,NMDC,119.65,119.7,119.3,119.55,9401,0
2016-11-15 12:03:00,NMDC,119.45,119.45,119.25,119.25,4573,0
2016-11-15 12:04:00,NMDC,119.4,119.45,119.3,119.35,25811,0
2016-11-15 12:05:00,NMDC,119.3,119.85,119.3,119.85,11456,0
2016-11-15 12:06:00,NMDC,119.9,119.9,119.7,119.7,9244,0
2016-11-15 12:07:00,NMDC,119.7,119.9,119.55,119.55,5040,0
2016-11-15 12:08:00,NMDC,119.65,119.9,119.65,119.9,11207,0
2016-11-15 12:09:00,NMDC,119.75,119.75,119.65,119.75,5714,0
2016-11-15 12:10:00,NMDC,119.65,119.85,119.65,119.75,7448,0
2016-11-15 12:11:00,NMDC,119.9,119.9,119.65,119.9,9736,0
2016-11-15 12:12:00,NMDC,119.8,120.0,119.8,119.95,13530,0
2016-11-15 12:13:00,NMDC,119.95,119.95,119.8,119.8,6066,0
2016-11-15 12:14:00,NMDC,119.85,119.9,119.8,119.9,5275,0
2016-11-15 12:15:00,NMDC,119.9,119.9,119.8,119.9,17942,0
2016-11-15 12:16:00,NMDC,119.9,119.9,119.8,119.9,12790,0
2016-11-15 12:17:00,NMDC,119.9,119.9,119.8,119.85,5671,0
2016-11-15 12:18:00,NMDC,119.8,119.85,119.65,119.8,13197,0
2016-11-15 12:19:00,NMDC,119.75,119.8,119.65,119.65,7205,0
2016-11-15 12:20:00,NMDC,119.7,119.7,119.6,119.6,12539,0
2016-11-15 12:21:00,NMDC,119.7,119.85,119.65,119.7,16340,0
2016-11-15 12:22:00,NMDC,119.85,119.85,119.7,119.8,7099,0
2016-11-15 12:23:00,NMDC,119.8,119.8,119.7,119.75,7884,0
2016-11-15 12:24:00,NMDC,119.9,119.9,119.65,119.65,6515,0
2016-11-15 12:25:00,NMDC,119.65,120.0,119.6,120.0,7957,0
2016-11-15 12:26:00,NMDC,120.0,120.0,119.7,119.7,40500,0
2016-11-15 12:27:00,NMDC,119.8,119.8,119.5,119.5,8822,0
2016-11-15 12:28:00,NMDC,119.75,119.8,119.55,119.8,8741,0
2016-11-15 12:29:00,NMDC,119.8,119.8,119.55,119.8,7092,0
2016-11-15 12:30:00,NMDC,119.7,119.7,119.55,119.6,15733,0
2016-11-15 12:31:00,NMDC,119.7,119.9,119.6,119.9,5376,0
2016-11-15 12:32:00,NMDC,119.6,119.8,119.55,119.75,5844,0
2016-11-15 12:33:00,NMDC,119.5,119.65,119.3,119.55,6160,0
2016-11-15 12:34:00,NMDC,119.6,119.8,119.6,119.7,6886,0
2016-11-15 12:35:00,NMDC,119.7,119.8,119.45,119.8,5094,0
2016-11-15 12:36:00,NMDC,119.8,119.8,119.5,119.75,7629,0
2016-11-15 12:37:00,NMDC,119.75,119.75,119.3,119.3,5013,0
2016-11-15 12:38:00,NMDC,119.35,119.4,119.2,119.2,7209,0
2016-11-15 12:39:00,NMDC,119.4,119.4,119.2,119.3,15827,0
2016-11-15 12:40:00,NMDC,119.2,119.4,119.2,119.2,4399,0
2016-11-15 12:41:00,NMDC,119.2,119.3,119.15,119.25,8631,0
2016-11-15 12:42:00,NMDC,119.2,119.3,119.2,119.25,6364,0
2016-11-15 12:43:00,NMDC,119.25,119.3,119.15,119.15,10685,0
2016-11-15 12:44:00,NMDC,119.3,119.4,119.1,119.15,16363,0
2016-11-15 12:45:00,NMDC,119.15,119.3,119.1,119.2,17402,0
2016-11-15 12:46:00,NMDC,119.2,119.3,119.15,119.3,5197,0
2016-11-15 12:47:00,NMDC,119.2,119.35,119.15,119.2,7550,0
2016-11-15 12:48:00,NMDC,119.2,119.2,119.05,119.05,7900,0
2016-11-15 12:49:00,NMDC,119.05,119.15,119.05,119.1,8758,0
2016-11-15 12:50:00,NMDC,119.05,119.15,119.0,119.0,8894,0
2016-11-15 12:51:00,NMDC,119.05,119.2,119.0,119.0,12931,0
2016-11-15 12:52:00,NMDC,119.1,119.1,119.0,119.0,8917,0
2016-11-15 12:53:00,NMDC,119.0,119.0,118.25,118.25,38029,0
2016-11-15 12:54:00,NMDC,118.25,119.0,118.15,118.75,20772,0
2016-11-15 12:55:00,NMDC,118.55,118.6,118.35,118.35,4988,0
2016-11-15 12:56:00,NMDC,118.6,118.95,118.35,118.8,8631,0
2016-11-15 12:57:00,NMDC,118.8,118.8,118.55,118.8,22451,0
2016-11-15 12:58:00,NMDC,118.8,118.8,118.35,118.35,5199,0
2016-11-15 12:59:00,NMDC,118.4,118.9,118.4,118.85,15358,0
2016-11-15 13:00:00,NMDC,118.85,118.9,118.3,118.4,38660,0
2016-11-15 13:01:00,NMDC,118.3,119.2,118.3,119.15,23124,0
2016-11-15 13:02:00,NMDC,119.2,119.2,118.8,118.8,8843,0
2016-11-15 13:03:00,NMDC,118.95,119.2,118.85,119.1,10509,0
2016-11-15 13:04:00,NMDC,119.15,119.4,119.05,119.35,9726,0
2016-11-15 13:05:00,NMDC,119.4,119.65,119.2,119.6,8213,0
2016-11-15 13:06:00,NMDC,119.5,119.5,119.05,119.1,17255,0
2016-11-15 13:07:00,NMDC,119.05,119.45,119.05,119.3,4655,0
2016-11-15 13:08:00,NMDC,119.3,119.45,119.0,119.0,7186,0
2016-11-15 13:09:00,NMDC,119.0,119.35,119.0,119.1,5805,0
2016-11-15 13:10:00,NMDC,119.3,119.6,119.3,119.35,21149,0
2016-11-15 13:11:00,NMDC,119.6,119.6,118.8,119.05,27266,0
2016-11-15 13:12:00,NMDC,119.25,119.6,119.2,119.6,16996,0
2016-11-15 13:13:00,NMDC,119.5,119.5,119.15,119.5,11720,0
2016-11-15 13:14:00,NMDC,119.35,119.55,119.35,119.4,11878,0
2016-11-15 13:15:00,NMDC,119.4,119.45,119.25,119.25,9010,0
2016-11-15 13:16:00,NMDC,119.25,119.25,119.15,119.2,4935,0
2016-11-15 13:17:00,NMDC,119.25,119.25,118.75,118.85,5094,0
2016-11-15 13:18:00,NMDC,118.6,119.2,118.6,119.2,11464,0
2016-11-15 13:19:00,NMDC,118.95,119.0,118.75,118.95,9964,0
2016-11-15 13:20:00,NMDC,118.8,118.95,118.75,118.75,4335,0
2016-11-15 13:21:00,NMDC,118.95,119.15,118.7,119.15,16303,0
2016-11-15 13:22:00,NMDC,119.25,119.25,118.8,118.8,4603,0
2016-11-15 13:23:00,NMDC,118.8,118.8,118.6,118.6,7021,0
2016-11-15 13:24:00,NMDC,118.85,119.0,118.7,118.85,5207,0
2016-11-15 13:25:00,NMDC,118.8,118.8,118.55,118.75,9478,0
2016-11-15 13:26:00,NMDC,118.7,118.75,118.5,118.75,5075,0
2016-11-15 13:27:00,NMDC,118.75,118.75,118.4,118.7,6431,0
2016-11-15 13:28:00,NMDC,118.7,118.75,118.5,118.75,7058,0
2016-11-15 13:29:00,NMDC,118.65,118.7,118.55,118.65,8658,0
2016-11-15 13:30:00,NMDC,118.65,118.8,118.5,118.7,7347,0
2016-11-15 13:31:00,NMDC,119.0,119.3,118.75,119.3,10900,0
2016-11-15 13:32:00,NMDC,119.3,119.35,118.95,119.35,9819,0
2016-11-15 13:33:00,NMDC,119.3,119.6,119.3,119.6,30473,0
2016-11-15 13:34:00,NMDC,119.65,119.9,119.4,119.9,19590,0
2016-11-15 13:35:00,NMDC,120.15,120.2,119.55,119.6,31735,0
2016-11-15 13:36:00,NMDC,119.6,119.85,119.45,119.85,7761,0
2016-11-15 13:37:00,NMDC,119.7,119.85,119.7,119.7,12735,0
2016-11-15 13:38:00,NMDC,119.9,119.9,119.45,119.5,7914,0
2016-11-15 13:39:00,NMDC,119.65,119.9,119.6,119.9,26998,0
2016-11-15 13:40:00,NMDC,120.0,120.25,119.95,120.05,19179,0
2016-11-15 13:41:00,NMDC,120.0,120.25,119.8,120.1,12356,0
2016-11-15 13:42:00,NMDC,120.1,120.1,119.6,120.0,19538,0
2016-11-15 13:43:00,NMDC,120.05,120.1,119.85,120.1,6893,0
2016-11-15 13:44:00,NMDC,120.05,120.25,120.05,120.25,8394,0
2016-11-15 13:45:00,NMDC,120.05,120.05,119.8,119.8,8018,0
2016-11-15 13:46:00,NMDC,120.0,120.0,119.7,119.75,4704,0
2016-11-15 13:47:00,NMDC,119.75,119.75,119.4,119.6,17054,0
2016-11-15 13:48:00,NMDC,119.5,119.5,119.4,119.5,5801,0
2016-11-15 13:49:00,NMDC,119.35,119.5,119.25,119.4,9694,0
2016-11-15 13:50:00,NMDC,119.45,119.45,119.1,119.25,5875,0
2016-11-15 13:51:00,NMDC,119.4,119.5,119.3,119.45,10315,0
2016-11-15 13:52:00,NMDC,119.45,119.5,119.35,119.45,6417,0
2016-11-15 13:53:00,NMDC,119.4,119.45,119.25,119.3,7826,0
2016-11-15 13:54:00,NMDC,119.35,119.4,119.2,119.4,6158,0
2016-11-15 13:55:00,NMDC,119.25,119.5,119.25,119.35,11677,0
2016-11-15 13:56:00,NMDC,119.5,119.5,119.25,119.5,4506,0
2016-11-15 13:57:00,NMDC,119.45,119.45,119.25,119.45,4610,0
2016-11-15 13:58:00,NMDC,119.4,119.4,119.25,119.25,5457,0
2016-11-15 13:59:00,NMDC,119.3,119.35,119.1,119.1,5651,0
2016-11-15 14:00:00,NMDC,119.1,119.25,119.0,119.1,18072,0
2016-11-15 14:01:00,NMDC,119.2,119.2,119.05,119.05,4619,0
2016-11-15 14:02:00,NMDC,119.3,119.3,119.05,119.05,4529,0
2016-11-15 14:03:00,NMDC,119.05,119.45,119.05,119.45,11209,0
2016-11-15 14:04:00,NMDC,119.25,119.4,119.25,119.25,5520,0
2016-11-15 14:05:00,NMDC,119.4,119.7,119.4,119.7,14197,0
2016-11-15 14:06:00,NMDC,119.7,119.7,119.25,119.45,6167,0
2016-11-15 14:07:00,NMDC,119.45,119.45,119.25,119.25,4713,0
2016-11-15 14:08:00,NMDC,119.3,119.45,119.0,119.0,14125,0
2016-11-15 14:09:00,NMDC,119.15,119.3,119.05,119.05,11923,0
2016-11-15 14:10:00,NMDC,119.05,119.05,118.8,118.8,13283,0
2016-11-15 14:11:00,NMDC,118.95,119.5,118.95,119.35,16195,0
2016-11-15 14:12:00,NMDC,119.5,119.5,119.2,119.2,4665,0
2016-11-15 14:13:00,NMDC,119.25,119.6,119.25,119.4,8535,0
2016-11-15 14:14:00,NMDC,119.45,119.45,119.25,119.25,5640,0
2016-11-15 14:15:00,NMDC,119.5,119.6,119.4,119.45,6911,0
2016-11-15 14:16:00,NMDC,119.4,119.45,119.4,119.4,8301,0
2016-11-15 14:17:00,NMDC,119.45,119.5,119.2,119.2,5451,0
2016-11-15 14:18:00,NMDC,119.4,119.45,119.2,119.3,6115,0
2016-11-15 14:19:00,NMDC,119.3,119.45,119.25,119.3,10931,0
2016-11-15 14:20:00,NMDC,119.3,119.45,119.25,119.25,17466,0
2016-11-15 14:21:00,NMDC,119.4,119.5,119.25,119.5,11437,0
2016-11-15 14:22:00,NMDC,119.6,119.65,119.5,119.6,8370,0
2016-11-15 14:23:00,NMDC,119.7,119.85,119.55,119.6,13757,0
2016-11-15 14:24:00,NMDC,119.6,119.8,119.5,119.55,10944,0
2016-11-15 14:25:00,NMDC,119.45,119.75,119.45,119.75,7690,0
2016-11-15 14:26:00,NMDC,119.65,119.7,119.5,119.5,8261,0
2016-11-15 14:27:00,NMDC,119.65,119.65,119.5,119.6,4345,0
2016-11-15 14:28:00,NMDC,119.65,119.65,119.0,119.1,26166,0
2016-11-15 14:29:00,NMDC,118.95,119.2,118.85,119.1,13271,0
2016-11-15 14:30:00,NMDC,119.1,119.25,119.1,119.25,7021,0
2016-11-15 14:31:00,NMDC,119.25,119.35,119.05,119.15,26361,0
2016-11-15 14:32:00,NMDC,119.15,119.15,118.95,118.95,13305,0
2016-11-15 14:33:00,NMDC,119.0,119.2,119.0,119.15,12043,0
2016-11-15 14:34:00,NMDC,119.15,119.2,119.0,119.2,5638,0
2016-11-15 14:35:00,NMDC,119.1,119.35,119.1,119.3,16926,0
2016-11-15 14:36:00,NMDC,119.35,119.35,119.25,119.25,7466,0
2016-11-15 14:37:00,NMDC,119.3,119.45,119.0,119.45,13936,0
2016-11-15 14:38:00,NMDC,119.4,119.6,119.0,119.0,10566,0
2016-11-15 14:39:00,NMDC,119.55,119.65,119.35,119.5,12410,0
2016-11-15 14:40:00,NMDC,119.65,119.65,119.55,119.65,13254,0
2016-11-15 14:41:00,NMDC,119.65,119.7,119.55,119.55,10539,0
2016-11-15 14:42:00,NMDC,119.55,119.55,119.3,119.3,6564,0
2016-11-15 14:43:00,NMDC,119.3,119.4,119.15,119.35,9405,0
2016-11-15 14:44:00,NMDC,119.35,119.5,119.1,119.5,18273,0
2016-11-15 14:45:00,NMDC,119.3,119.65,119.2,119.65,22867,0
2016-11-15 14:46:00,NMDC,119.3,119.5,119.2,119.45,13937,0
2016-11-15 14:47:00,NMDC,119.45,119.45,119.2,119.2,8841,0
2016-11-15 14:48:00,NMDC,119.3,119.4,119.2,119.4,30863,0
2016-11-15 14:49:00,NMDC,119.4,119.45,119.2,119.25,6095,0
2016-11-15 14:50:00,NMDC,119.4,119.4,119.1,119.2,5713,0
2016-11-15 14:51:00,NMDC,119.2,119.25,119.0,119.1,13509,0
2016-11-15 14:52:00,NMDC,119.1,119.2,119.0,119.2,7685,0
2016-11-15 14:53:00,NMDC,119.2,119.2,118.95,118.95,12150,0
2016-11-15 14:54:00,NMDC,119.0,119.1,119.0,119.0,8142,0
2016-11-15 14:55:00,NMDC,119.0,119.0,118.85,118.9,5447,0
2016-11-15 14:56:00,NMDC,119.0,119.0,118.85,118.9,5585,0
2016-11-15 14:57:00,NMDC,119.0,119.0,118.7,118.85,12261,0
2016-11-15 14:58:00,NMDC,118.8,118.95,118.7,118.8,7900,0
2016-11-15 14:59:00,NMDC,118.95,118.95,118.6,118.6,7419,0
2016-11-15 15:00:00,NMDC,118.8,118.8,118.45,118.6,5576,0
2016-11-15 15:01:00,NMDC,118.45,118.45,118.15,118.15,15134,0
2016-11-15 15:02:00,NMDC,118.15,118.35,118.1,118.15,8369,0
2016-11-15 15:03:00,NMDC,118.3,118.55,118.05,118.55,16586,0
2016-11-15 15:04:00,NMDC,118.65,118.75,118.0,118.0,10237,0
2016-11-15 15:05:00,NMDC,118.0,118.15,118.0,118.05,13571,0
2016-11-15 15:06:00,NMDC,118.1,118.1,117.55,117.65,31806,0
2016-11-15 15:07:00,NMDC,117.7,117.9,117.6,117.6,11764,0
2016-11-15 15:08:00,NMDC,117.8,117.95,117.7,117.8,14687,0
2016-11-15 15:09:00,NMDC,117.8,118.2,117.65,117.8,40681,0
2016-11-15 15:10:00,NMDC,117.75,117.95,117.75,117.95,11070,0
2016-11-15 15:11:00,NMDC,117.8,117.9,117.65,117.75,12639,0
2016-11-15 15:12:00,NMDC,117.65,118.3,117.65,117.95,19851,0
2016-11-15 15:13:00,NMDC,118.0,118.15,117.85,118.05,24089,0
2016-11-15 15:14:00,NMDC,118.05,118.2,117.9,117.9,18240,0
2016-11-15 15:15:00,NMDC,117.9,118.15,117.75,117.8,16218,0
2016-11-15 15:16:00,NMDC,117.9,118.0,117.8,117.8,10697,0
2016-11-15 15:17:00,NMDC,117.85,117.85,117.5,117.65,42965,0
2016-11-15 15:18:00,NMDC,117.6,117.8,117.5,117.6,27614,0
2016-11-15 15:19:00,NMDC,117.75,117.75,117.55,117.75,14083,0
2016-11-15 15:20:00,NMDC,117.55,117.75,117.5,117.5,9521,0
2016-11-15 15:21:00,NMDC,117.55,117.7,117.4,117.5,21604,0
2016-11-15 15:22:00,NMDC,117.55,117.55,117.25,117.45,16462,0
2016-11-15 15:23:00,NMDC,117.35,117.45,117.25,117.25,9406,0
2016-11-15 15:24:00,NMDC,117.2,117.4,117.1,117.4,17692,0
2016-11-15 15:25:00,NMDC,117.3,117.3,117.1,117.15,7941,0
2016-11-15 15:26:00,NMDC,117.15,117.3,117.15,117.2,29949,0
2016-11-15 15:27:00,NMDC,117.2,117.5,117.15,117.4,14319,0
2016-11-15 15:28:00,NMDC,117.3,117.45,117.05,117.15,18165,0
2016-11-15 15:29:00,NMDC,117.15,117.2,117.0,117.05,10393,0
2016-11-15 15:30:00,NMDC,117.05,117.55,117.05,117.5,18134,0
2016-11-15 15:31:00,NMDC,117.2,117.2,117.2,117.2,500,0
2016-11-15 15:41:00,NMDC,117.7,117.7,117.7,117.7,140,0
2016-11-15 15:51:00,NMDC,117.2,117.2,117.2,117.2,100,0
2016-11-15 15:55:00,NMDC,117.7,117.7,117.7,117.7,200,0
2016-11-15 16:36:00,NMDC,117.7,117.7,117.7,117.7,1,0
2016-11-16 09:08:00,NMDC,120.0,120.0,120.0,120.0,5102,0
2016-11-16 09:16:00,NMDC,120.25,120.45,116.55,119.15,93736,0
2016-11-16 09:17:00,NMDC,119.3,120.2,119.15,120.2,39414,0
2016-11-16 09:18:00,NMDC,120.05,120.1,119.4,119.45,37100,0
2016-11-16 09:19:00,NMDC,119.5,119.55,119.15,119.15,30207,0
2016-11-16 09:20:00,NMDC,118.7,118.7,118.0,118.1,45944,0
2016-11-16 09:21:00,NMDC,118.05,118.05,117.6,117.7,44362,0
2016-11-16 09:22:00,NMDC,117.8,117.8,117.05,117.1,28647,0
2016-11-16 09:23:00,NMDC,117.1,117.1,115.75,116.05,59445,0
2016-11-16 09:24:00,NMDC,115.95,116.45,115.75,115.95,40197,0
2016-11-16 09:25:00,NMDC,115.95,116.0,115.15,115.15,41023,0
2016-11-16 09:26:00,NMDC,115.25,115.6,115.1,115.6,20696,0
2016-11-16 09:27:00,NMDC,115.6,116.0,115.5,115.8,21298,0
2016-11-16 09:28:00,NMDC,115.75,116.05,115.75,115.9,7835,0
2016-11-16 09:29:00,NMDC,116.0,116.0,115.55,115.7,20317,0
2016-11-16 09:30:00,NMDC,115.75,115.75,115.55,115.65,9719,0
2016-11-16 09:31:00,NMDC,115.6,116.1,115.45,116.1,27309,0
2016-11-16 09:32:00,NMDC,116.2,116.45,116.2,116.3,29068,0
2016-11-16 09:33:00,NMDC,116.3,116.35,115.85,116.0,14821,0
2016-11-16 09:34:00,NMDC,115.95,116.05,115.7,115.8,11242,0
2016-11-16 09:35:00,NMDC,115.8,116.1,115.7,115.85,22603,0
2016-11-16 09:36:00,NMDC,115.85,115.9,115.7,115.85,6328,0
2016-11-16 09:37:00,NMDC,115.75,116.0,115.65,115.8,23229,0
2016-11-16 09:38:00,NMDC,115.8,115.8,115.4,115.45,13211,0
2016-11-16 09:39:00,NMDC,115.3,115.35,115.05,115.35,25518,0
2016-11-16 09:40:00,NMDC,115.5,115.5,114.7,114.9,39188,0
2016-11-16 09:41:00,NMDC,114.9,115.05,114.5,114.5,43055,0
2016-11-16 09:42:00,NMDC,114.6,114.7,112.75,112.75,109144,0
2016-11-16 09:43:00,NMDC,112.7,112.85,110.5,111.6,215001,0
2016-11-16 09:44:00,NMDC,111.65,112.15,111.35,111.35,73583,0
2016-11-16 09:45:00,NMDC,111.25,111.75,111.1,111.75,61913,0
2016-11-16 09:46:00,NMDC,111.85,112.0,111.7,111.85,22883,0
2016-11-16 09:47:00,NMDC,111.95,111.95,111.6,111.65,33382,0
2016-11-16 09:48:00,NMDC,111.65,111.75,111.35,111.65,47864,0
2016-11-16 09:49:00,NMDC,111.6,112.15,111.55,112.15,26505,0
2016-11-16 09:50:00,NMDC,112.0,112.2,111.6,111.7,42771,0
2016-11-16 09:51:00,NMDC,111.7,112.25,111.7,112.05,48916,0
2016-11-16 09:52:00,NMDC,112.2,112.3,111.7,111.7,28820,0
2016-11-16 09:53:00,NMDC,111.7,111.95,111.6,111.85,36148,0
2016-11-16 09:54:00,NMDC,112.1,112.1,111.75,111.9,21809,0
2016-11-16 09:55:00,NMDC,112.05,112.1,111.9,112.0,16085,0
2016-11-16 09:56:00,NMDC,111.9,111.95,111.6,111.7,23076,0
2016-11-16 09:57:00,NMDC,111.7,111.8,111.4,111.45,18052,0
2016-11-16 09:58:00,NMDC,111.55,111.55,111.0,111.0,36463,0
2016-11-16 09:59:00,NMDC,111.1,111.25,109.55,109.55,120744,0
2016-11-16 10:00:00,NMDC,109.65,110.0,109.4,109.85,58413,0
2016-11-16 10:01:00,NMDC,110.0,110.2,109.7,109.75,54067,0
2016-11-16 10:02:00,NMDC,109.75,110.15,109.7,110.15,41177,0
2016-11-16 10:03:00,NMDC,110.15,110.75,109.9,110.55,52276,0
2016-11-16 10:04:00,NMDC,110.5,110.8,110.25,110.4,28705,0
2016-11-16 10:05:00,NMDC,110.4,111.05,110.25,110.6,41938,0
2016-11-16 10:06:00,NMDC,110.5,110.7,110.35,110.6,31960,0
2016-11-16 10:07:00,NMDC,110.65,110.65,110.35,110.35,28442,0
2016-11-16 10:08:00,NMDC,110.35,110.65,110.35,110.55,22874,0
2016-11-16 10:09:00,NMDC,110.55,111.3,110.3,111.3,28713,0
2016-11-16 10:10:00,NMDC,111.3,111.7,111.2,111.65,47015,0
2016-11-16 10:11:00,NMDC,111.5,111.65,111.4,111.6,35770,0
2016-11-16 10:12:00,NMDC,111.6,112.0,111.5,111.9,30668,0
2016-11-16 10:13:00,NMDC,111.8,112.2,111.8,112.15,26334,0
2016-11-16 10:14:00,NMDC,112.45,112.45,112.2,112.35,58758,0
2016-11-16 10:15:00,NMDC,112.3,112.3,111.85,111.9,57218,0
2016-11-16 10:16:00,NMDC,111.95,112.35,111.7,112.15,15934,0
2016-11-16 10:17:00,NMDC,112.3,112.55,112.15,112.55,18568,0
2016-11-16 10:18:00,NMDC,112.55,112.7,112.25,112.35,22105,0
2016-11-16 10:19:00,NMDC,112.35,112.8,112.35,112.5,15512,0
2016-11-16 10:20:00,NMDC,112.55,112.65,112.3,112.4,16664,0
2016-11-16 10:21:00,NMDC,112.35,112.7,112.35,112.5,16713,0
2016-11-16 10:22:00,NMDC,112.35,112.7,112.35,112.6,9614,0
2016-11-16 10:23:00,NMDC,112.7,112.7,112.4,112.6,21704,0
2016-11-16 10:24:00,NMDC,112.55,112.85,112.55,112.85,10447,0
2016-11-16 10:25:00,NMDC,112.9,113.5,112.8,113.25,51730,0
2016-11-16 10:26:00,NMDC,113.05,113.2,113.0,113.0,12759,0
2016-11-16 10:27:00,NMDC,113.1,113.35,112.75,113.3,30176,0
2016-11-16 10:28:00,NMDC,113.2,113.35,113.15,113.3,53455,0
2016-11-16 10:29:00,NMDC,113.3,113.65,113.2,113.6,21884,0
2016-11-16 10:30:00,NMDC,113.6,113.7,113.45,113.45,20930,0
2016-11-16 10:31:00,NMDC,113.55,113.55,113.1,113.2,30220,0
2016-11-16 10:32:00,NMDC,113.3,113.6,113.2,113.55,18113,0
2016-11-16 10:33:00,NMDC,113.55,113.7,113.45,113.45,9701,0
2016-11-16 10:34:00,NMDC,113.45,113.55,113.2,113.3,13092,0
2016-11-16 10:35:00,NMDC,113.2,113.45,113.2,113.4,11753,0
2016-11-16 10:36:00,NMDC,113.35,113.5,113.25,113.4,14546,0
2016-11-16 10:37:00,NMDC,113.35,113.7,113.3,113.3,9969,0
2016-11-16 10:38:00,NMDC,113.25,113.35,113.25,113.3,21475,0
2016-11-16 10:39:00,NMDC,113.3,113.5,113.25,113.5,14051,0
2016-11-16 10:40:00,NMDC,113.45,113.5,113.3,113.5,9508,0
2016-11-16 10:41:00,NMDC,113.45,113.5,113.4,113.5,3421,0
2016-11-16 10:42:00,NMDC,113.55,113.6,113.3,113.6,56381,0
2016-11-16 10:43:00,NMDC,113.6,113.65,113.25,113.35,13231,0
2016-11-16 10:44:00,NMDC,113.25,113.45,113.25,113.45,6575,0
2016-11-16 10:45:00,NMDC,113.45,113.65,113.45,113.55,4739,0
2016-11-16 10:46:00,NMDC,113.5,113.55,113.3,113.45,22539,0
2016-11-16 10:47:00,NMDC,113.5,113.65,113.4,113.45,12806,0
2016-11-16 10:48:00,NMDC,113.55,113.8,113.55,113.65,17386,0
2016-11-16 10:49:00,NMDC,113.55,113.75,113.5,113.75,4670,0
2016-11-16 10:50:00,NMDC,113.75,114.05,113.65,113.8,41168,0
2016-11-16 10:51:00,NMDC,113.8,114.0,113.75,113.75,8768,0
2016-11-16 10:52:00,NMDC,113.85,114.0,113.75,113.9,104789,0
2016-11-16 10:53:00,NMDC,113.8,114.3,113.8,114.1,22828,0
2016-11-16 10:54:00,NMDC,114.0,114.15,113.9,113.9,16397,0
2016-11-16 10:55:00,NMDC,113.9,113.95,113.8,113.9,5751,0
2016-11-16 10:56:00,NMDC,113.9,113.9,113.7,113.7,5320,0
2016-11-16 10:57:00,NMDC,113.7,114.0,113.65,114.0,6443,0
2016-11-16 10:58:00,NMDC,113.95,114.05,113.85,113.9,8709,0
2016-11-16 10:59:00,NMDC,113.8,114.3,113.8,114.2,10389,0
2016-11-16 11:00:00,NMDC,114.3,114.35,114.15,114.3,9429,0
2016-11-16 11:01:00,NMDC,114.2,114.25,114.1,114.2,13034,0
2016-11-16 11:02:00,NMDC,114.1,114.45,114.1,114.45,21799,0
2016-11-16 11:03:00,NMDC,114.45,114.7,114.45,114.6,62512,0
2016-11-16 11:04:00,NMDC,114.75,114.8,114.6,114.8,16712,0
2016-11-16 11:05:00,NMDC,114.7,115.25,114.7,115.0,50379,0
2016-11-16 11:06:00,NMDC,115.15,115.2,114.9,115.05,19642,0
2016-11-16 11:07:00,NMDC,115.1,115.2,115.0,115.05,21656,0
2016-11-16 11:08:00,NMDC,115.05,115.15,115.0,115.05,22076,0
2016-11-16 11:09:00,NMDC,115.1,115.3,115.0,115.1,96515,0
2016-11-16 11:10:00,NMDC,115.1,115.2,115.0,115.1,23469,0
2016-11-16 11:11:00,NMDC,115.1,115.2,115.1,115.2,8220,0
2016-11-16 11:12:00,NMDC,115.15,115.2,114.85,115.15,39630,0
2016-11-16 11:13:00,NMDC,115.1,115.3,115.1,115.15,10541,0
2016-11-16 11:14:00,NMDC,115.15,115.2,114.85,115.0,6355,0
2016-11-16 11:15:00,NMDC,115.0,115.0,114.8,114.95,6522,0
2016-11-16 11:16:00,NMDC,115.0,115.05,114.8,115.05,23565,0
2016-11-16 11:17:00,NMDC,115.05,115.15,115.0,115.0,1414,0
2016-11-16 11:18:00,NMDC,114.95,115.1,114.95,115.0,7556,0
2016-11-16 11:19:00,NMDC,115.0,115.1,115.0,115.0,7695,0
2016-11-16 11:20:00,NMDC,115.0,115.25,115.0,115.2,30143,0
2016-11-16 11:21:00,NMDC,115.2,115.35,115.15,115.25,8174,0
2016-11-16 11:22:00,NMDC,115.2,115.4,115.15,115.15,4743,0
2016-11-16 11:23:00,NMDC,115.05,115.45,115.05,115.4,25019,0
2016-11-16 11:24:00,NMDC,115.45,115.45,115.2,115.25,8201,0
2016-11-16 11:25:00,NMDC,115.3,115.3,115.1,115.15,8669,0
2016-11-16 11:26:00,NMDC,115.05,115.15,115.0,115.1,9225,0
2016-11-16 11:27:00,NMDC,115.0,115.05,115.0,115.0,5477,0
2016-11-16 11:28:00,NMDC,115.0,115.1,114.9,114.95,64012,0
2016-11-16 11:29:00,NMDC,114.95,114.95,114.95,114.95,4933,0
2016-11-16 11:30:00,NMDC,114.95,114.95,114.8,114.95,7790,0
2016-11-16 11:31:00,NMDC,114.9,115.1,114.9,115.05,1686,0
2016-11-16 11:32:00,NMDC,115.05,115.1,114.95,115.0,12931,0
2016-11-16 11:33:00,NMDC,115.05,115.1,115.0,115.05,5110,0
2016-11-16 11:34:00,NMDC,115.0,115.25,115.0,115.25,2521,0
2016-11-16 11:35:00,NMDC,115.25,115.25,115.0,115.0,1706,0
2016-11-16 11:36:00,NMDC,115.0,115.1,115.0,115.1,2131,0
2016-11-16 11:37:00,NMDC,115.0,115.1,115.0,115.0,1048,0
2016-11-16 11:38:00,NMDC,115.05,115.1,114.85,114.85,31349,0
2016-11-16 11:39:00,NMDC,114.85,114.9,114.6,114.6,30613,0
2016-11-16 11:40:00,NMDC,114.05,114.45,114.05,114.45,31451,0
2016-11-16 11:41:00,NMDC,114.4,114.6,114.35,114.6,16238,0
2016-11-16 11:42:00,NMDC,114.6,114.75,114.5,114.5,31011,0
2016-11-16 11:43:00,NMDC,114.6,114.8,114.4,114.5,72201,0
2016-11-16 11:44:00,NMDC,114.5,114.7,114.5,114.7,3593,0
2016-11-16 11:45:00,NMDC,114.75,114.8,114.5,114.6,2682,0
2016-11-16 11:46:00,NMDC,114.55,114.65,114.45,114.65,13580,0
2016-11-16 11:47:00,NMDC,114.55,114.7,114.5,114.7,1684,0
2016-11-16 11:48:00,NMDC,114.65,114.75,114.65,114.65,3946,0
2016-11-16 11:49:00,NMDC,114.6,114.75,114.6,114.7,2430,0
2016-11-16 11:50:00,NMDC,114.7,114.7,114.6,114.7,6049,0
2016-11-16 11:51:00,NMDC,114.6,114.7,114.55,114.55,1860,0
2016-11-16 11:52:00,NMDC,114.55,114.65,114.5,114.65,5064,0
2016-11-16 11:53:00,NMDC,114.55,114.65,114.55,114.6,480,0
2016-11-16 11:54:00,NMDC,114.65,114.65,114.6,114.6,806,0
2016-11-16 11:55:00,NMDC,114.6,114.65,114.55,114.6,545,0
2016-11-16 11:56:00,NMDC,114.65,114.7,114.55,114.6,6302,0
2016-11-16 11:57:00,NMDC,114.7,114.85,114.45,114.45,29729,0
2016-11-16 11:58:00,NMDC,114.45,114.65,114.25,114.55,56301,0
2016-11-16 11:59:00,NMDC,114.55,114.95,114.5,114.75,30177,0
2016-11-16 12:00:00,NMDC,114.75,114.85,114.7,114.8,6351,0
2016-11-16 12:01:00,NMDC,114.85,114.95,114.8,114.8,4219,0
2016-11-16 12:02:00,NMDC,114.8,115.0,114.8,115.0,1451,0
2016-11-16 12:03:00,NMDC,115.0,115.0,114.95,114.95,3158,0
2016-11-16 12:04:00,NMDC,114.95,115.05,114.95,115.05,1540,0
2016-11-16 12:05:00,NMDC,115.15,115.25,114.9,115.05,6467,0
2016-11-16 12:06:00,NMDC,115.05,115.3,115.05,115.1,13240,0
2016-11-16 12:07:00,NMDC,115.2,115.25,115.15,115.25,6997,0
2016-11-16 12:08:00,NMDC,115.25,115.55,115.25,115.5,28455,0
2016-11-16 12:09:00,NMDC,115.5,115.65,115.45,115.55,11099,0
2016-11-16 12:10:00,NMDC,115.6,115.6,115.35,115.35,6407,0
2016-11-16 12:11:00,NMDC,115.35,115.5,115.35,115.45,3334,0
2016-11-16 12:12:00,NMDC,115.35,115.35,115.1,115.25,60926,0
2016-11-16 12:13:00,NMDC,115.1,115.25,115.1,115.2,1177,0
2016-11-16 12:14:00,NMDC,115.2,115.3,115.2,115.3,2847,0
2016-11-16 12:15:00,NMDC,115.2,115.25,115.05,115.05,5800,0
2016-11-16 12:16:00,NMDC,115.05,115.2,115.05,115.05,449,0
2016-11-16 12:17:00,NMDC,115.15,115.2,115.0,115.0,3781,0
2016-11-16 12:18:00,NMDC,115.05,115.1,115.05,115.1,925,0
2016-11-16 12:19:00,NMDC,115.1,115.1,115.0,115.1,790,0
2016-11-16 12:20:00,NMDC,115.1,115.3,115.1,115.25,5933,0
2016-11-16 12:21:00,NMDC,115.15,115.35,115.15,115.3,37044,0
2016-11-16 12:22:00,NMDC,115.35,115.35,115.2,115.25,1203,0
2016-11-16 12:23:00,NMDC,115.1,115.2,115.05,115.2,1814,0
2016-11-16 12:24:00,NMDC,115.2,115.25,115.15,115.15,5999,0
2016-11-16 12:25:00,NMDC,115.2,115.4,115.2,115.35,15214,0
2016-11-16 12:26:00,NMDC,115.35,115.35,115.3,115.3,7766,0
2016-11-16 12:27:00,NMDC,115.3,115.45,115.3,115.45,1030,0
2016-11-16 12:28:00,NMDC,115.45,115.45,115.3,115.35,1635,0
2016-11-16 12:29:00,NMDC,115.45,115.65,115.35,115.65,7439,0
2016-11-16 12:30:00,NMDC,115.65,115.75,115.55,115.7,16934,0
2016-11-16 12:31:00,NMDC,115.75,116.5,115.7,116.45,48821,0
2016-11-16 12:32:00,NMDC,116.55,116.75,116.5,116.7,21759,0
2016-11-16 12:33:00,NMDC,116.7,117.4,116.6,117.35,54234,0
2016-11-16 12:34:00,NMDC,117.35,117.35,116.8,116.85,24574,0
2016-11-16 12:35:00,NMDC,116.95,116.95,116.75,116.9,39951,0
2016-11-16 12:36:00,NMDC,116.9,116.9,116.6,116.65,19298,0
2016-11-16 12:37:00,NMDC,116.7,116.7,116.5,116.6,8808,0
2016-11-16 12:38:00,NMDC,116.6,117.15,116.6,117.15,20561,0
2016-11-16 12:39:00,NMDC,117.0,117.2,116.9,117.05,8039,0
2016-11-16 12:40:00,NMDC,117.0,117.45,116.95,117.25,14375,0
2016-11-16 12:41:00,NMDC,117.35,117.45,117.2,117.4,16157,0
2016-11-16 12:42:00,NMDC,117.4,117.4,117.1,117.1,10005,0
2016-11-16 12:43:00,NMDC,117.25,117.5,117.2,117.3,17634,0
2016-11-16 12:44:00,NMDC,117.2,117.2,116.85,116.85,59171,0
2016-11-16 12:45:00,NMDC,116.8,117.0,116.55,116.55,42129,0
2016-11-16 12:46:00,NMDC,116.55,116.85,116.5,116.65,23603,0
2016-11-16 12:47:00,NMDC,116.6,116.65,116.2,116.2,11212,0
2016-11-16 12:48:00,NMDC,116.2,117.05,116.15,116.85,40290,0
2016-11-16 12:49:00,NMDC,116.8,116.8,116.5,116.5,6366,0
2016-11-16 12:50:00,NMDC,116.55,116.75,116.3,116.3,14299,0
2016-11-16 12:51:00,NMDC,116.25,116.35,116.05,116.2,9500,0
2016-11-16 12:52:00,NMDC,116.2,116.75,116.2,116.4,10720,0
2016-11-16 12:53:00,NMDC,116.4,116.4,116.15,116.3,46530,0
2016-11-16 12:54:00,NMDC,116.3,116.35,116.0,116.15,25427,0
2016-11-16 12:55:00,NMDC,116.15,116.35,116.1,116.1,15113,0
2016-11-16 12:56:00,NMDC,116.1,116.35,116.1,116.35,5310,0
2016-11-16 12:57:00,NMDC,116.35,116.4,116.2,116.25,9428,0
2016-11-16 12:58:00,NMDC,116.25,116.25,115.65,115.65,34333,0
2016-11-16 12:59:00,NMDC,115.8,115.8,115.5,115.5,39137,0
2016-11-16 13:00:00,NMDC,115.55,116.0,115.5,115.5,38066,0
2016-11-16 13:01:00,NMDC,115.55,115.6,115.15,115.6,21176,0
2016-11-16 13:02:00,NMDC,115.55,115.7,115.5,115.7,370,0
2016-11-16 13:03:00,NMDC,115.7,115.95,115.55,115.75,8191,0
2016-11-16 13:04:00,NMDC,115.75,116.1,115.7,116.1,2805,0
2016-11-16 13:05:00,NMDC,116.05,116.2,116.05,116.15,3898,0
2016-11-16 13:06:00,NMDC,116.05,116.05,115.9,115.9,4434,0
2016-11-16 13:07:00,NMDC,115.85,115.85,115.55,115.65,12384,0
2016-11-16 13:08:00,NMDC,115.65,115.85,115.6,115.65,9378,0
2016-11-16 13:09:00,NMDC,115.7,115.85,115.65,115.8,3878,0
2016-11-16 13:10:00,NMDC,115.85,116.0,115.85,116.0,1140,0
2016-11-16 13:11:00,NMDC,116.0,116.1,115.95,116.0,1404,0
2016-11-16 13:12:00,NMDC,116.05,116.05,115.95,115.95,2867,0
2016-11-16 13:13:00,NMDC,115.9,115.9,115.8,115.8,427,0
2016-11-16 13:14:00,NMDC,115.75,115.75,115.7,115.75,423,0
2016-11-16 13:15:00,NMDC,115.75,115.8,115.75,115.75,899,0
2016-11-16 13:16:00,NMDC,115.75,115.9,115.75,115.9,3065,0
2016-11-16 13:17:00,NMDC,115.85,115.9,115.85,115.9,1265,0
2016-11-16 13:18:00,NMDC,115.8,115.9,115.8,115.9,1011,0
2016-11-16 13:19:00,NMDC,115.75,115.95,115.75,115.9,2501,0
2016-11-16 13:20:00,NMDC,115.9,115.9,115.85,115.85,3444,0
2016-11-16 13:21:00,NMDC,115.85,115.85,115.85,115.85,103,0
2016-11-16 13:22:00,NMDC,115.85,115.9,115.85,115.9,1318,0
2016-11-16 13:23:00,NMDC,115.9,116.0,115.9,115.95,7248,0
2016-11-16 13:24:00,NMDC,115.9,116.05,115.9,116.05,1962,0
2016-11-16 13:25:00,NMDC,116.1,116.35,116.1,116.35,16852,0
2016-11-16 13:26:00,NMDC,116.4,116.5,116.3,116.3,12370,0
2016-11-16 13:27:00,NMDC,116.25,116.25,116.05,116.15,12820,0
2016-11-16 13:28:00,NMDC,116.0,116.15,116.0,116.15,3125,0
2016-11-16 13:29:00,NMDC,116.0,116.15,116.0,116.15,724,0
2016-11-16 13:30:00,NMDC,116.2,116.4,116.2,116.35,1052,0
2016-11-16 13:31:00,NMDC,116.35,116.35,116.2,116.35,1105,0
2016-11-16 13:32:00,NMDC,116.35,116.35,116.1,116.1,8766,0
2016-11-16 13:33:00,NMDC,116.25,116.25,115.9,115.95,16253,0
2016-11-16 13:34:00,NMDC,116.0,116.1,115.95,116.0,4823,0
2016-11-16 13:35:00,NMDC,116.0,116.05,115.95,116.05,8242,0
2016-11-16 13:36:00,NMDC,116.1,116.1,115.6,115.6,18838,0
2016-11-16 13:37:00,NMDC,115.7,116.45,115.65,115.9,27922,0
2016-11-16 13:38:00,NMDC,115.8,115.8,115.35,115.45,17229,0
2016-11-16 13:39:00,NMDC,115.45,115.6,115.45,115.45,3604,0
2016-11-16 13:40:00,NMDC,115.4,115.4,115.25,115.3,2341,0
2016-11-16 13:41:00,NMDC,115.3,115.5,115.3,115.5,3516,0
2016-11-16 13:42:00,NMDC,115.5,115.5,115.3,115.3,1485,0
2016-11-16 13:43:00,NMDC,115.35,115.5,115.25,115.25,4881,0
2016-11-16 13:44:00,NMDC,115.35,115.5,115.3,115.5,2892,0
2016-11-16 13:45:00,NMDC,115.5,115.5,115.1,115.1,5031,0
2016-11-16 13:46:00,NMDC,115.05,115.1,114.75,115.1,28944,0
2016-11-16 13:47:00,NMDC,115.1,115.1,114.75,114.75,10761,0
2016-11-16 13:48:00,NMDC,114.8,114.95,114.6,114.65,17938,0
2016-11-16 13:49:00,NMDC,114.6,114.7,114.35,114.7,24508,0
2016-11-16 13:50:00,NMDC,114.7,114.7,114.35,114.55,6445,0
2016-11-16 13:51:00,NMDC,114.55,114.7,114.5,114.7,4094,0
2016-11-16 13:52:00,NMDC,114.7,114.95,114.7,114.9,4135,0
2016-11-16 13:53:00,NMDC,114.95,114.95,114.75,114.85,9909,0
2016-11-16 13:54:00,NMDC,114.85,114.9,114.7,114.75,16784,0
2016-11-16 13:55:00,NMDC,114.7,114.7,114.3,114.4,36395,0
2016-11-16 13:56:00,NMDC,114.45,114.75,114.4,114.75,5068,0
2016-11-16 13:57:00,NMDC,114.75,114.85,114.65,114.75,5067,0
2016-11-16 13:58:00,NMDC,114.85,114.85,114.65,114.75,3682,0
2016-11-16 13:59:00,NMDC,114.7,114.85,114.55,114.65,17070,0
2016-11-16 14:00:00,NMDC,114.75,114.95,114.75,114.85,845,0
2016-11-16 14:01:00,NMDC,114.95,115.05,114.85,114.85,13401,0
2016-11-16 14:02:00,NMDC,114.95,115.05,114.95,115.05,13858,0
2016-11-16 14:03:00,NMDC,115.05,115.15,115.0,115.0,3732,0
2016-11-16 14:04:00,NMDC,115.0,115.1,115.0,115.1,120,0
2016-11-16 14:05:00,NMDC,115.1,115.1,114.9,114.9,6973,0
2016-11-16 14:06:00,NMDC,114.95,115.15,114.95,115.15,62505,0
2016-11-16 14:07:00,NMDC,115.15,115.2,115.05,115.05,4139,0
2016-11-16 14:08:00,NMDC,115.05,115.15,115.0,115.0,3244,0
2016-11-16 14:09:00,NMDC,115.15,115.15,115.05,115.15,634,0
2016-11-16 14:10:00,NMDC,115.15,115.15,115.0,115.0,3683,0
2016-11-16 14:11:00,NMDC,115.1,115.2,115.05,115.2,470,0
2016-11-16 14:12:00,NMDC,115.2,116.3,115.2,116.1,31894,0
2016-11-16 14:13:00,NMDC,116.1,116.15,115.8,115.8,3466,0
2016-11-16 14:14:00,NMDC,115.6,115.75,115.2,115.2,11802,0
2016-11-16 14:15:00,NMDC,115.3,115.5,115.3,115.45,5341,0
2016-11-16 14:16:00,NMDC,115.4,115.5,115.25,115.3,4051,0
2016-11-16 14:17:00,NMDC,115.5,115.6,115.4,115.6,2077,0
2016-11-16 14:18:00,NMDC,115.55,115.6,115.55,115.6,2504,0
2016-11-16 14:19:00,NMDC,115.65,115.7,115.65,115.65,5827,0
2016-11-16 14:20:00,NMDC,115.65,115.8,115.65,115.8,745,0
2016-11-16 14:21:00,NMDC,115.85,116.5,115.85,116.3,16506,0
2016-11-16 14:22:00,NMDC,116.45,116.5,116.25,116.35,3853,0
2016-11-16 14:23:00,NMDC,116.2,116.25,116.1,116.15,10220,0
2016-11-16 14:24:00,NMDC,116.15,116.2,115.9,116.0,10675,0
2016-11-16 14:25:00,NMDC,115.9,116.35,115.85,116.15,18512,0
2016-11-16 14:26:00,NMDC,116.1,116.1,115.95,116.0,8257,0
2016-11-16 14:27:00,NMDC,115.9,116.0,115.65,115.65,3713,0
2016-11-16 14:28:00,NMDC,115.65,115.75,115.65,115.75,6218,0
2016-11-16 14:29:00,NMDC,115.7,115.8,115.65,115.75,7900,0
2016-11-16 14:30:00,NMDC,115.65,116.05,115.65,116.0,11386,0
2016-11-16 14:31:00,NMDC,115.95,116.1,115.9,116.0,4502,0
2016-11-16 14:32:00,NMDC,116.0,116.05,115.95,116.0,3014,0
2016-11-16 14:33:00,NMDC,116.05,116.05,115.75,115.75,12418,0
2016-11-16 14:34:00,NMDC,115.8,115.85,115.65,115.75,17031,0
2016-11-16 14:35:00,NMDC,115.7,115.85,115.6,115.7,8683,0
2016-11-16 14:36:00,NMDC,115.7,115.7,115.3,115.4,6051,0
2016-11-16 14:37:00,NMDC,115.25,115.25,115.05,115.15,11849,0
2016-11-16 14:38:00,NMDC,115.25,115.25,115.05,115.2,5341,0
2016-11-16 14:39:00,NMDC,115.15,115.4,115.15,115.4,9564,0
2016-11-16 14:40:00,NMDC,115.4,115.45,115.2,115.2,7172,0
2016-11-16 14:41:00,NMDC,115.3,115.3,115.1,115.1,6571,0
2016-11-16 14:42:00,NMDC,115.25,115.3,115.15,115.25,9613,0
2016-11-16 14:43:00,NMDC,115.3,115.45,115.25,115.3,3472,0
2016-11-16 14:44:00,NMDC,115.45,115.45,115.3,115.45,1263,0
2016-11-16 14:45:00,NMDC,115.45,115.45,115.1,115.25,5736,0
2016-11-16 14:46:00,NMDC,115.1,115.25,115.1,115.2,1783,0
2016-11-16 14:47:00,NMDC,115.15,115.45,115.05,115.4,412836,0
2016-11-16 14:48:00,NMDC,115.5,115.6,115.3,115.35,18378,0
2016-11-16 14:49:00,NMDC,115.2,115.3,115.1,115.1,11271,0
2016-11-16 14:50:00,NMDC,115.3,115.3,115.15,115.15,4223,0
2016-11-16 14:51:00,NMDC,115.15,115.15,114.85,114.85,12421,0
2016-11-16 14:52:00,NMDC,115.0,115.05,114.85,115.0,4313,0
2016-11-16 14:53:00,NMDC,115.15,115.15,114.95,115.0,13937,0
2016-11-16 14:54:00,NMDC,115.0,115.05,114.5,114.6,5189,0
2016-11-16 14:55:00,NMDC,114.6,114.85,114.6,114.65,1083,0
2016-11-16 14:56:00,NMDC,114.7,114.9,114.65,114.8,5268,0
2016-11-16 14:57:00,NMDC,114.85,115.1,114.85,115.1,4985,0
2016-11-16 14:58:00,NMDC,115.05,115.05,114.7,114.7,513320,0
2016-11-16 14:59:00,NMDC,114.75,114.8,114.6,114.7,2840,0
2016-11-16 15:00:00,NMDC,114.6,114.6,114.5,114.6,6208,0
2016-11-16 15:01:00,NMDC,114.55,114.6,114.35,114.6,23352,0
2016-11-16 15:02:00,NMDC,114.6,114.6,114.25,114.25,7863,0
2016-11-16 15:03:00,NMDC,114.35,114.4,114.0,114.3,26759,0
2016-11-16 15:04:00,NMDC,114.45,114.8,114.3,114.65,63839,0
2016-11-16 15:05:00,NMDC,114.75,115.1,114.55,114.8,57020,0
2016-11-16 15:06:00,NMDC,114.85,114.9,114.65,114.75,17183,0
2016-11-16 15:07:00,NMDC,114.85,115.0,114.75,114.75,14235,0
2016-11-16 15:08:00,NMDC,114.65,114.75,114.55,114.55,8246,0
2016-11-16 15:09:00,NMDC,114.45,114.9,114.45,114.85,18948,0
2016-11-16 15:10:00,NMDC,114.85,115.1,114.85,115.0,45131,0
2016-11-16 15:11:00,NMDC,115.0,115.75,115.0,115.7,37700,0
2016-11-16 15:12:00,NMDC,115.7,115.75,115.25,115.35,21056,0
2016-11-16 15:13:00,NMDC,115.35,115.45,115.15,115.2,12612,0
2016-11-16 15:14:00,NMDC,115.0,115.15,115.0,115.0,49237,0
2016-11-16 15:15:00,NMDC,115.0,115.2,115.0,115.15,57012,0
2016-11-16 15:16:00,NMDC,115.0,115.45,115.0,115.3,19172,0
2016-11-16 15:17:00,NMDC,115.25,115.5,115.2,115.4,61363,0
2016-11-16 15:18:00,NMDC,115.25,115.3,115.05,115.15,6373,0
2016-11-16 15:19:00,NMDC,115.05,115.15,114.65,114.65,25974,0
2016-11-16 15:20:00,NMDC,114.85,115.05,114.8,114.95,18876,0
2016-11-16 15:21:00,NMDC,114.9,114.9,114.75,114.8,9323,0
2016-11-16 15:22:00,NMDC,114.85,115.0,114.85,115.0,8995,0
2016-11-16 15:23:00,NMDC,115.0,115.25,114.95,115.25,26775,0
2016-11-16 15:24:00,NMDC,115.2,115.2,115.0,115.05,14475,0
2016-11-16 15:25:00,NMDC,115.0,115.05,114.95,115.0,7281,0
2016-11-16 15:26:00,NMDC,115.0,115.05,114.9,115.05,7987,0
2016-11-16 15:27:00,NMDC,115.0,115.0,114.9,115.0,8926,0
2016-11-16 15:28:00,NMDC,114.9,115.0,114.9,114.95,8346,0
2016-11-16 15:29:00,NMDC,114.9,114.95,114.8,114.9,17635,0
2016-11-16 15:30:00,NMDC,114.95,115.05,114.7,115.0,24186,0
2016-11-16 15:31:00,NMDC,115.0,115.0,115.0,115.0,225,0
2016-11-16 15:41:00,NMDC,114.9,114.9,114.9,114.9,470,0
2016-11-16 15:42:00,NMDC,114.9,114.9,114.9,114.9,622,0
2016-11-16 15:48:00,NMDC,114.9,114.9,114.9,114.9,179,0
2016-11-16 15:54:00,NMDC,114.9,114.9,114.9,114.9,29,0
2016-11-16 16:36:00,NMDC,114.9,114.9,114.9,114.9,1,0
2016-11-17 09:08:00,NMDC,114.85,114.85,114.85,114.85,903,0
2016-11-17 09:16:00,NMDC,114.25,115.0,114.25,114.95,8696,0
2016-11-17 09:17:00,NMDC,114.8,114.9,114.35,114.35,11105,0
2016-11-17 09:18:00,NMDC,114.3,115.3,114.2,114.65,36186,0
2016-11-17 09:19:00,NMDC,114.7,114.9,114.5,114.55,18805,0
2016-11-17 09:20:00,NMDC,114.7,114.8,114.55,114.65,14176,0
2016-11-17 09:21:00,NMDC,114.65,114.9,114.65,114.9,11586,0
2016-11-17 09:22:00,NMDC,115.0,115.35,114.9,115.05,22431,0
2016-11-17 09:23:00,NMDC,115.05,115.45,114.9,115.25,14838,0
2016-11-17 09:24:00,NMDC,115.3,115.4,114.65,115.05,17990,0
2016-11-17 09:25:00,NMDC,115.0,115.1,114.55,114.55,13128,0
2016-11-17 09:26:00,NMDC,114.55,115.0,114.55,114.75,14290,0
2016-11-17 09:27:00,NMDC,114.8,115.25,114.75,115.1,24625,0
2016-11-17 09:28:00,NMDC,115.1,115.3,115.0,115.25,6123,0
2016-11-17 09:29:00,NMDC,115.25,115.3,115.05,115.3,10266,0
2016-11-17 09:30:00,NMDC,115.3,115.75,115.2,115.6,19596,0
2016-11-17 09:31:00,NMDC,115.55,115.75,115.45,115.6,21892,0
2016-11-17 09:32:00,NMDC,115.55,115.6,115.4,115.45,8634,0
2016-11-17 09:33:00,NMDC,115.45,115.55,115.35,115.35,11656,0
2016-11-17 09:34:00,NMDC,115.4,115.4,114.9,115.1,13892,0
2016-11-17 09:35:00,NMDC,115.1,115.4,115.1,115.25,9799,0
2016-11-17 09:36:00,NMDC,115.2,115.4,115.1,115.1,5973,0
2016-11-17 09:37:00,NMDC,115.15,115.4,115.15,115.2,7821,0
2016-11-17 09:38:00,NMDC,115.15,115.3,115.05,115.25,2139,0
2016-11-17 09:39:00,NMDC,115.15,115.4,115.1,115.3,8731,0
2016-11-17 09:40:00,NMDC,115.1,116.2,115.1,116.2,74581,0
2016-11-17 09:41:00,NMDC,116.25,116.6,115.95,116.2,76235,0
2016-11-17 09:42:00,NMDC,116.1,116.2,116.0,116.05,23964,0
2016-11-17 09:43:00,NMDC,116.05,116.45,116.0,116.25,26624,0
2016-11-17 09:44:00,NMDC,116.25,116.4,116.1,116.1,20332,0
2016-11-17 09:45:00,NMDC,116.1,116.25,116.1,116.15,6073,0
2016-11-17 09:46:00,NMDC,116.15,116.35,116.15,116.35,9045,0
2016-11-17 09:47:00,NMDC,116.35,116.35,116.1,116.25,2252,0
2016-11-17 09:48:00,NMDC,116.15,116.25,116.15,116.25,6675,0
2016-11-17 09:49:00,NMDC,116.2,116.3,115.85,115.85,9402,0
2016-11-17 09:50:00,NMDC,115.85,116.15,115.85,116.15,7630,0
2016-11-17 09:51:00,NMDC,116.1,116.2,115.95,115.95,12213,0
2016-11-17 09:52:00,NMDC,115.95,116.0,115.65,115.7,7110,0
2016-11-17 09:53:00,NMDC,115.75,115.85,115.5,115.85,9714,0
2016-11-17 09:54:00,NMDC,115.85,115.85,115.5,115.75,8678,0
2016-11-17 09:55:00,NMDC,115.75,115.9,115.7,115.8,4212,0
2016-11-17 09:56:00,NMDC,115.85,116.0,115.25,115.25,9541,0
2016-11-17 09:57:00,NMDC,115.25,115.4,115.15,115.3,13547,0
2016-11-17 09:58:00,NMDC,115.5,115.5,115.15,115.35,13458,0
2016-11-17 09:59:00,NMDC,115.45,115.65,115.4,115.6,6091,0
2016-11-17 10:00:00,NMDC,115.6,115.7,115.5,115.5,3447,0
2016-11-17 10:01:00,NMDC,115.6,115.8,115.5,115.7,12881,0
2016-11-17 10:02:00,NMDC,115.85,116.1,115.2,115.2,38920,0
2016-11-17 10:03:00,NMDC,115.15,115.4,114.85,115.4,46900,0
2016-11-17 10:04:00,NMDC,115.5,115.7,115.35,115.45,3281,0
2016-11-17 10:05:00,NMDC,115.45,115.5,115.2,115.45,10416,0
2016-11-17 10:06:00,NMDC,115.45,115.45,115.2,115.2,2827,0
2016-11-17 10:07:00,NMDC,115.2,115.2,114.75,115.0,26281,0
2016-11-17 10:08:00,NMDC,115.05,115.3,114.9,115.1,13540,0
2016-11-17 10:09:00,NMDC,115.15,115.25,114.9,115.0,11438,0
2016-11-17 10:10:00,NMDC,115.0,115.3,115.0,115.3,4104,0
2016-11-17 10:11:00,NMDC,115.3,115.4,115.3,115.3,2444,0
2016-11-17 10:12:00,NMDC,115.4,115.4,115.3,115.3,4303,0
2016-11-17 10:13:00,NMDC,115.3,115.3,114.95,115.0,8953,0
2016-11-17 10:14:00,NMDC,114.8,114.8,114.6,114.6,10807,0
2016-11-17 10:15:00,NMDC,114.55,114.9,114.55,114.65,19600,0
2016-11-17 10:16:00,NMDC,114.6,114.7,114.5,114.7,6147,0
2016-11-17 10:17:00,NMDC,114.7,114.9,114.7,114.8,15979,0
2016-11-17 10:18:00,NMDC,114.9,115.1,114.85,115.1,4344,0
2016-11-17 10:19:00,NMDC,115.1,115.1,115.0,115.0,5242,0
2016-11-17 10:20:00,NMDC,115.05,115.25,115.05,115.15,5024,0
2016-11-17 10:21:00,NMDC,115.15,115.25,115.1,115.15,1824,0
2016-11-17 10:22:00,NMDC,115.15,115.15,115.15,115.15,281,0
2016-11-17 10:23:00,NMDC,115.2,115.2,115.0,115.1,5573,0
2016-11-17 10:24:00,NMDC,115.15,115.15,114.8,114.8,11542,0
2016-11-17 10:25:00,NMDC,114.9,114.9,114.6,114.8,2624,0
2016-11-17 10:27:00,NMDC,114.95,115.1,114.7,115.1,4194,0
2016-11-17 10:28:00,NMDC,115.0,115.2,115.0,115.2,3754,0
2016-11-17 10:29:00,NMDC,115.2,115.35,115.15,115.25,6463,0
2016-11-17 10:30:00,NMDC,115.35,115.35,115.05,115.1,5618,0
2016-11-17 10:31:00,NMDC,115.1,115.4,115.1,115.4,1071,0
2016-11-17 10:32:00,NMDC,115.45,115.55,115.35,115.5,5618,0
2016-11-17 10:33:00,NMDC,115.5,115.65,115.5,115.6,3434,0
2016-11-17 10:34:00,NMDC,115.6,115.6,115.4,115.4,7619,0
2016-11-17 10:35:00,NMDC,115.5,115.55,115.4,115.45,2755,0
2016-11-17 10:36:00,NMDC,115.45,115.6,115.45,115.5,728,0
2016-11-17 10:37:00,NMDC,115.55,115.75,115.55,115.65,2507,0
2016-11-17 10:38:00,NMDC,115.65,115.7,115.5,115.6,2079,0
2016-11-17 10:39:00,NMDC,115.6,115.75,115.6,115.75,1734,0
2016-11-17 10:40:00,NMDC,115.75,115.75,115.35,115.35,2507,0
2016-11-17 10:41:00,NMDC,115.45,115.65,115.4,115.6,3597,0
2016-11-17 10:42:00,NMDC,115.6,115.7,115.5,115.5,4077,0
2016-11-17 10:43:00,NMDC,115.5,115.6,115.4,115.4,2459,0
2016-11-17 10:44:00,NMDC,115.35,115.35,115.2,115.2,7559,0
2016-11-17 10:45:00,NMDC,115.2,115.4,115.2,115.4,819,0
2016-11-17 10:46:00,NMDC,115.35,115.4,115.2,115.2,6038,0
2016-11-17 10:47:00,NMDC,115.15,115.3,115.15,115.2,375,0
2016-11-17 10:48:00,NMDC,115.3,115.4,115.05,115.05,5393,0
2016-11-17 10:49:00,NMDC,115.05,115.05,114.9,114.9,10981,0
2016-11-17 10:50:00,NMDC,115.0,115.05,114.9,114.9,5022,0
2016-11-17 10:51:00,NMDC,114.9,115.0,114.9,115.0,1016,0
2016-11-17 10:52:00,NMDC,114.95,115.05,114.9,114.9,1109,0
2016-11-17 10:53:00,NMDC,114.95,115.0,114.95,115.0,1358,0
2016-11-17 10:54:00,NMDC,115.0,115.1,115.0,115.0,281,0
2016-11-17 10:55:00,NMDC,115.1,115.15,115.0,115.15,2647,0
2016-11-17 10:56:00,NMDC,115.2,115.25,115.15,115.25,288,0
2016-11-17 10:57:00,NMDC,115.25,115.35,115.25,115.35,1026,0
2016-11-17 10:58:00,NMDC,115.35,115.35,115.25,115.25,3128,0
2016-11-17 10:59:00,NMDC,115.25,115.35,115.15,115.35,1568,0
2016-11-17 11:00:00,NMDC,115.2,115.35,115.2,115.25,1240,0
2016-11-17 11:01:00,NMDC,115.2,115.2,115.15,115.2,1703,0
2016-11-17 11:02:00,NMDC,115.15,115.3,115.15,115.15,17221,0
2016-11-17 11:03:00,NMDC,115.2,115.35,115.2,115.25,2506,0
2016-11-17 11:04:00,NMDC,115.25,115.35,115.15,115.15,2814,0
2016-11-17 11:05:00,NMDC,115.15,115.5,115.15,115.45,4695,0
2016-11-17 11:06:00,NMDC,115.45,115.45,115.2,115.3,1905,0
2016-11-17 11:07:00,NMDC,115.2,115.4,115.2,115.3,1901,0
2016-11-17 11:08:00,NMDC,115.4,115.4,115.3,115.4,4124,0
2016-11-17 11:09:00,NMDC,115.45,115.85,115.35,115.85,5721,0
2016-11-17 11:10:00,NMDC,115.7,116.3,115.7,116.3,47596,0
2016-11-17 11:11:00,NMDC,116.35,116.75,116.3,116.7,36978,0
2016-11-17 11:12:00,NMDC,116.5,116.5,116.25,116.25,3592,0
2016-11-17 11:13:00,NMDC,116.25,116.4,116.15,116.25,9059,0
2016-11-17 11:14:00,NMDC,116.25,116.75,116.25,116.6,23903,0
2016-11-17 11:15:00,NMDC,116.55,116.6,116.4,116.5,15595,0
2016-11-17 11:16:00,NMDC,116.5,116.65,116.4,116.5,10734,0
2016-11-17 11:17:00,NMDC,116.75,117.1,116.55,117.1,65922,0
2016-11-17 11:18:00,NMDC,117.1,117.25,117.0,117.2,18609,0
2016-11-17 11:19:00,NMDC,117.05,117.5,117.05,117.15,16520,0
2016-11-17 11:20:00,NMDC,117.3,117.35,117.15,117.25,11728,0
2016-11-17 11:21:00,NMDC,117.25,117.25,117.0,117.0,16176,0
2016-11-17 11:22:00,NMDC,117.0,117.05,116.75,116.85,12219,0
2016-11-17 11:23:00,NMDC,116.75,116.85,116.7,116.7,9814,0
2016-11-17 11:24:00,NMDC,116.7,116.8,116.65,116.7,10331,0
2016-11-17 11:25:00,NMDC,116.7,116.75,116.5,116.6,12970,0
2016-11-17 11:26:00,NMDC,116.6,116.65,116.6,116.6,5913,0
2016-11-17 11:27:00,NMDC,116.6,116.85,116.6,116.85,33644,0
2016-11-17 11:28:00,NMDC,116.95,117.0,116.85,116.85,2217,0
2016-11-17 11:29:00,NMDC,116.85,116.9,116.65,116.65,9352,0
2016-11-17 11:30:00,NMDC,116.8,116.8,116.6,116.6,3395,0
2016-11-17 11:31:00,NMDC,116.65,116.8,116.6,116.6,3413,0
2016-11-17 11:32:00,NMDC,116.55,116.6,116.3,116.5,24733,0
2016-11-17 11:33:00,NMDC,116.6,116.6,116.3,116.35,8094,0
2016-11-17 11:34:00,NMDC,116.5,116.9,116.5,116.85,11824,0
2016-11-17 11:35:00,NMDC,116.8,116.95,116.75,116.9,4908,0
2016-11-17 11:36:00,NMDC,116.85,116.95,116.75,116.8,4128,0
2016-11-17 11:37:00,NMDC,116.75,116.95,116.7,116.85,6211,0
2016-11-17 11:38:00,NMDC,116.85,117.0,116.85,116.9,11194,0
2016-11-17 11:39:00,NMDC,117.0,117.1,116.85,116.85,14665,0
2016-11-17 11:40:00,NMDC,116.85,117.0,116.85,117.0,1506,0
2016-11-17 11:41:00,NMDC,116.9,117.1,116.9,117.1,2933,0
2016-11-17 11:42:00,NMDC,117.1,117.4,117.1,117.4,19386,0
2016-11-17 11:43:00,NMDC,117.4,117.5,117.3,117.5,20447,0
2016-11-17 11:44:00,NMDC,117.45,117.85,117.45,117.7,32573,0
2016-11-17 11:45:00,NMDC,117.7,117.7,117.35,117.35,14677,0
2016-11-17 11:46:00,NMDC,117.35,117.5,117.25,117.35,23288,0
2016-11-17 11:47:00,NMDC,117.35,117.55,117.35,117.45,4966,0
2016-11-17 11:48:00,NMDC,117.45,117.6,117.45,117.55,2665,0
2016-11-17 11:49:00,NMDC,117.6,117.8,117.6,117.75,17933,0
2016-11-17 11:50:00,NMDC,117.75,117.8,117.5,117.7,12328,0
2016-11-17 11:51:00,NMDC,117.7,117.8,117.7,117.8,10684,0
2016-11-17 11:52:00,NMDC,117.8,118.1,117.8,118.05,53049,0
2016-11-17 11:53:00,NMDC,118.05,118.3,118.05,118.2,32418,0
2016-11-17 11:54:00,NMDC,118.2,118.3,118.1,118.3,27021,0
2016-11-17 11:55:00,NMDC,118.25,118.4,118.1,118.2,32125,0
2016-11-17 11:56:00,NMDC,118.2,118.55,118.2,118.4,36152,0
2016-11-17 11:57:00,NMDC,118.5,118.8,118.45,118.75,25058,0
2016-11-17 11:58:00,NMDC,118.75,118.85,118.6,118.65,22323,0
2016-11-17 11:59:00,NMDC,118.65,118.7,118.3,118.4,38498,0
2016-11-17 12:00:00,NMDC,118.4,118.65,118.4,118.5,27395,0
2016-11-17 12:01:00,NMDC,118.45,118.5,118.3,118.5,11069,0
2016-11-17 12:02:00,NMDC,118.4,118.75,118.4,118.7,12369,0
2016-11-17 12:03:00,NMDC,118.7,118.8,118.4,118.5,30875,0
2016-11-17 12:04:00,NMDC,118.6,118.7,118.5,118.6,9543,0
2016-11-17 12:05:00,NMDC,118.6,118.8,118.6,118.75,13348,0
2016-11-17 12:06:00,NMDC,118.8,118.8,118.6,118.7,10530,0
2016-11-17 12:07:00,NMDC,118.7,118.8,118.7,118.75,12534,0
2016-11-17 12:08:00,NMDC,118.75,119.2,118.75,118.9,38119,0
2016-11-17 12:09:00,NMDC,118.95,118.95,118.75,118.8,23832,0
2016-11-17 12:10:00,NMDC,118.65,118.8,118.65,118.65,9482,0
2016-11-17 12:11:00,NMDC,118.7,118.8,118.65,118.65,14270,0
2016-11-17 12:12:00,NMDC,118.65,118.65,118.6,118.6,8281,0
2016-11-17 12:13:00,NMDC,118.6,118.65,118.55,118.65,16274,0
2016-11-17 12:14:00,NMDC,118.6,118.7,118.6,118.7,2267,0
2016-11-17 12:15:00,NMDC,118.7,118.7,118.6,118.6,16482,0
2016-11-17 12:16:00,NMDC,118.7,118.7,118.45,118.65,12955,0
2016-11-17 12:17:00,NMDC,118.5,118.65,118.5,118.55,11849,0
2016-11-17 12:18:00,NMDC,118.55,118.6,118.5,118.55,12282,0
2016-11-17 12:19:00,NMDC,118.55,118.6,118.55,118.55,5393,0
2016-11-17 12:20:00,NMDC,118.55,118.75,118.55,118.75,10642,0
2016-11-17 12:21:00,NMDC,118.75,118.75,118.65,118.75,3989,0
2016-11-17 12:22:00,NMDC,118.65,118.8,118.6,118.7,3372,0
2016-11-17 12:23:00,NMDC,118.7,118.8,118.6,118.75,5516,0
2016-11-17 12:24:00,NMDC,118.75,118.8,118.6,118.7,2906,0
2016-11-17 12:25:00,NMDC,118.65,118.7,118.45,118.55,11794,0
2016-11-17 12:26:00,NMDC,118.55,118.7,118.45,118.7,13853,0
2016-11-17 12:27:00,NMDC,118.7,118.7,118.55,118.6,6625,0
2016-11-17 12:28:00,NMDC,118.6,118.7,118.55,118.6,5728,0
2016-11-17 12:29:00,NMDC,118.6,118.8,118.55,118.8,19998,0
2016-11-17 12:30:00,NMDC,118.75,118.8,118.7,118.7,6422,0
2016-11-17 12:31:00,NMDC,118.7,118.7,118.5,118.7,6925,0
2016-11-17 12:32:00,NMDC,118.55,118.7,118.55,118.6,2422,0
2016-11-17 12:33:00,NMDC,118.7,118.7,118.6,118.6,3012,0
2016-11-17 12:34:00,NMDC,118.6,118.65,118.6,118.6,2951,0
2016-11-17 12:35:00,NMDC,118.65,118.7,118.6,118.7,3353,0
2016-11-17 12:36:00,NMDC,118.65,118.65,118.6,118.6,4789,0
2016-11-17 12:37:00,NMDC,118.6,118.7,118.3,118.3,18545,0
2016-11-17 12:38:00,NMDC,118.3,118.6,118.3,118.4,17958,0
2016-11-17 12:39:00,NMDC,118.3,118.3,118.1,118.1,20473,0
2016-11-17 12:40:00,NMDC,118.1,118.2,118.0,118.15,14517,0
2016-11-17 12:41:00,NMDC,118.15,118.2,118.0,118.0,9448,0
2016-11-17 12:42:00,NMDC,117.95,118.1,117.95,118.0,6950,0
2016-11-17 12:43:00,NMDC,118.15,118.15,118.1,118.15,3445,0
2016-11-17 12:44:00,NMDC,118.2,118.65,118.1,118.65,16114,0
2016-11-17 12:45:00,NMDC,118.5,118.7,118.4,118.5,11932,0
2016-11-17 12:46:00,NMDC,118.5,118.5,118.15,118.35,17314,0
2016-11-17 12:47:00,NMDC,118.45,118.5,118.2,118.25,11161,0
2016-11-17 12:48:00,NMDC,118.35,118.45,118.25,118.3,12385,0
2016-11-17 12:49:00,NMDC,118.3,118.5,118.3,118.35,3636,0
2016-11-17 12:50:00,NMDC,118.35,118.5,118.15,118.15,9217,0
2016-11-17 12:51:00,NMDC,118.15,118.3,118.15,118.2,2089,0
2016-11-17 12:52:00,NMDC,118.15,118.2,118.05,118.05,5228,0
2016-11-17 12:53:00,NMDC,118.05,118.2,118.05,118.05,7831,0
2016-11-17 12:54:00,NMDC,118.0,118.1,117.9,117.95,5951,0
2016-11-17 12:55:00,NMDC,117.95,118.0,117.9,117.95,3738,0
2016-11-17 12:56:00,NMDC,117.95,118.1,117.95,118.1,4862,0
2016-11-17 12:57:00,NMDC,118.0,118.2,118.0,118.05,6193,0
2016-11-17 12:58:00,NMDC,118.05,118.05,118.0,118.05,2775,0
2016-11-17 12:59:00,NMDC,118.0,118.0,117.8,117.9,11705,0
2016-11-17 13:00:00,NMDC,117.9,118.15,117.9,118.1,3286,0
2016-11-17 13:01:00,NMDC,118.1,118.1,117.8,117.8,3197,0
2016-11-17 13:02:00,NMDC,117.75,117.9,117.3,117.5,27228,0
2016-11-17 13:03:00,NMDC,117.5,117.6,117.25,117.6,29259,0
2016-11-17 13:04:00,NMDC,117.6,117.9,117.5,117.9,17488,0
2016-11-17 13:05:00,NMDC,117.7,118.0,117.7,117.95,4943,0
2016-11-17 13:06:00,NMDC,117.95,118.0,117.85,117.9,8330,0
2016-11-17 13:07:00,NMDC,117.95,118.0,117.9,117.95,6891,0
2016-11-17 13:08:00,NMDC,118.0,118.05,117.95,118.0,4159,0
2016-11-17 13:09:00,NMDC,118.05,118.1,118.0,118.05,2993,0
2016-11-17 13:10:00,NMDC,118.05,118.1,118.05,118.05,857,0
2016-11-17 13:11:00,NMDC,118.1,118.15,118.1,118.1,1379,0
2016-11-17 13:12:00,NMDC,118.15,118.4,118.1,118.25,31994,0
2016-11-17 13:13:00,NMDC,118.25,118.25,118.1,118.1,2038,0
2016-11-17 13:14:00,NMDC,118.1,118.2,118.1,118.2,2371,0
2016-11-17 13:15:00,NMDC,118.2,118.6,118.2,118.5,8490,0
2016-11-17 13:16:00,NMDC,118.5,118.55,118.4,118.4,1961,0
2016-11-17 13:17:00,NMDC,118.4,118.4,118.15,118.15,6868,0
2016-11-17 13:18:00,NMDC,118.25,118.35,118.0,118.05,11430,0
2016-11-17 13:19:00,NMDC,118.15,118.25,118.0,118.1,8601,0
2016-11-17 13:20:00,NMDC,118.1,118.15,118.05,118.1,1749,0
2016-11-17 13:21:00,NMDC,118.1,118.1,118.0,118.05,6458,0
2016-11-17 13:22:00,NMDC,118.15,118.2,118.1,118.1,1827,0
2016-11-17 13:23:00,NMDC,118.1,118.1,117.85,117.85,17113,0
2016-11-17 13:24:00,NMDC,117.85,118.1,117.75,117.75,20880,0
2016-11-17 13:25:00,NMDC,117.7,117.8,117.7,117.8,2531,0
2016-11-17 13:26:00,NMDC,117.9,117.9,117.55,117.6,14084,0
2016-11-17 13:27:00,NMDC,117.6,117.7,117.55,117.7,2570,0
2016-11-17 13:28:00,NMDC,117.65,117.75,117.65,117.75,2393,0
2016-11-17 13:29:00,NMDC,117.8,117.8,117.55,117.55,13724,0
2016-11-17 13:30:00,NMDC,117.6,117.6,117.55,117.55,4114,0
2016-11-17 13:31:00,NMDC,117.6,117.6,117.35,117.45,6512,0
2016-11-17 13:32:00,NMDC,117.45,117.5,117.4,117.45,892,0
2016-11-17 13:33:00,NMDC,117.45,117.6,117.45,117.6,7321,0
2016-11-17 13:34:00,NMDC,117.6,117.75,117.6,117.7,2091,0
2016-11-17 13:35:00,NMDC,117.7,117.7,117.5,117.6,10713,0
2016-11-17 13:36:00,NMDC,117.6,117.6,117.5,117.5,8074,0
2016-11-17 13:37:00,NMDC,117.5,117.55,117.4,117.45,4428,0
2016-11-17 13:38:00,NMDC,117.45,117.55,117.4,117.45,1717,0
2016-11-17 13:39:00,NMDC,117.4,117.5,117.4,117.45,2323,0
2016-11-17 13:40:00,NMDC,117.45,117.55,117.45,117.45,1330,0
2016-11-17 13:41:00,NMDC,117.45,117.5,117.45,117.45,847,0
2016-11-17 13:42:00,NMDC,117.45,117.45,117.2,117.2,17926,0
2016-11-17 13:43:00,NMDC,117.1,117.1,116.5,116.6,34137,0
2016-11-17 13:44:00,NMDC,116.6,116.85,116.55,116.75,12424,0
2016-11-17 13:45:00,NMDC,116.85,116.85,116.6,116.6,15380,0
2016-11-17 13:46:00,NMDC,116.55,116.55,115.3,115.5,67989,0
2016-11-17 13:47:00,NMDC,115.55,116.35,115.55,116.3,19127,0
2016-11-17 13:48:00,NMDC,116.3,116.9,116.3,116.9,11181,0
2016-11-17 13:49:00,NMDC,116.9,116.9,116.65,116.8,20815,0
2016-11-17 13:50:00,NMDC,116.8,116.8,116.4,116.45,10936,0
2016-11-17 13:51:00,NMDC,116.5,116.5,116.0,116.1,19050,0
2016-11-17 13:52:00,NMDC,116.1,116.1,115.65,115.75,25623,0
2016-11-17 13:53:00,NMDC,115.75,116.4,115.75,116.3,23020,0
2016-11-17 13:54:00,NMDC,116.3,116.65,116.3,116.65,15573,0
2016-11-17 13:55:00,NMDC,116.75,116.95,116.6,116.75,19876,0
2016-11-17 13:56:00,NMDC,116.65,116.85,116.65,116.85,8022,0
2016-11-17 13:57:00,NMDC,116.85,116.95,116.8,116.95,4055,0
2016-11-17 13:58:00,NMDC,117.0,117.1,116.85,117.05,66113,0
2016-11-17 13:59:00,NMDC,117.0,117.1,117.0,117.1,9323,0
2016-11-17 14:00:00,NMDC,117.15,117.2,117.05,117.1,15293,0
2016-11-17 14:01:00,NMDC,117.1,117.15,116.75,116.85,9908,0
2016-11-17 14:02:00,NMDC,116.85,116.85,116.6,116.65,14469,0
2016-11-17 14:03:00,NMDC,116.65,116.9,116.65,116.8,15539,0
2016-11-17 14:04:00,NMDC,116.65,116.7,116.6,116.6,11521,0
2016-11-17 14:05:00,NMDC,116.65,116.7,116.5,116.55,8128,0
2016-11-17 14:06:00,NMDC,116.7,116.85,116.6,116.7,4805,0
2016-11-17 14:07:00,NMDC,116.7,116.95,116.7,116.85,5395,0
2016-11-17 14:08:00,NMDC,116.95,116.95,116.5,116.5,18319,0
2016-11-17 14:09:00,NMDC,116.55,116.55,116.1,116.15,13339,0
2016-11-17 14:10:00,NMDC,116.25,116.35,116.15,116.2,3312,0
2016-11-17 14:11:00,NMDC,116.2,116.35,116.2,116.25,224,0
2016-11-17 14:12:00,NMDC,116.35,116.45,116.35,116.4,3394,0
2016-11-17 14:13:00,NMDC,116.4,116.45,116.35,116.35,1785,0
2016-11-17 14:14:00,NMDC,116.35,116.8,116.35,116.75,3897,0
2016-11-17 14:15:00,NMDC,116.75,116.75,116.6,116.6,9452,0
2016-11-17 14:16:00,NMDC,116.6,116.9,116.6,116.9,7676,0
2016-11-17 14:17:00,NMDC,116.9,117.3,116.9,117.2,13372,0
2016-11-17 14:18:00,NMDC,117.25,117.25,116.6,116.65,34825,0
2016-11-17 14:19:00,NMDC,116.65,116.75,116.35,116.75,13683,0
2016-11-17 14:20:00,NMDC,116.75,116.75,116.6,116.65,4540,0
2016-11-17 14:21:00,NMDC,116.65,116.7,116.45,116.45,17669,0
2016-11-17 14:22:00,NMDC,116.45,116.6,116.45,116.5,4846,0
2016-11-17 14:23:00,NMDC,116.6,116.7,116.5,116.5,8889,0
2016-11-17 14:24:00,NMDC,116.5,116.7,116.5,116.6,2255,0
2016-11-17 14:25:00,NMDC,116.45,116.75,116.45,116.75,5055,0
2016-11-17 14:26:00,NMDC,116.75,116.8,116.55,116.8,4581,0
2016-11-17 14:27:00,NMDC,116.7,116.85,116.7,116.75,3267,0
2016-11-17 14:28:00,NMDC,116.75,116.85,116.75,116.85,29957,0
2016-11-17 14:29:00,NMDC,116.85,117.0,116.8,117.0,5386,0
2016-11-17 14:30:00,NMDC,116.9,117.0,116.9,116.95,12755,0
2016-11-17 14:31:00,NMDC,116.95,117.0,116.95,116.95,26480,0
2016-11-17 14:32:00,NMDC,116.9,116.95,116.65,116.8,13061,0
2016-11-17 14:33:00,NMDC,116.7,116.8,116.7,116.8,1180,0
2016-11-17 14:34:00,NMDC,116.8,117.0,116.75,116.8,23158,0
2016-11-17 14:35:00,NMDC,116.7,116.9,116.7,116.8,17752,0
2016-11-17 14:36:00,NMDC,116.8,116.9,116.8,116.8,3252,0
2016-11-17 14:37:00,NMDC,116.8,117.0,116.7,116.75,64923,0
2016-11-17 14:38:00,NMDC,116.75,116.8,116.7,116.75,5341,0
2016-11-17 14:39:00,NMDC,116.75,116.9,116.75,116.85,14742,0
2016-11-17 14:40:00,NMDC,116.8,116.85,116.6,116.75,27748,0
2016-11-17 14:41:00,NMDC,116.75,116.8,116.7,116.75,7800,0
2016-11-17 14:42:00,NMDC,116.75,116.95,116.7,116.85,15486,0
2016-11-17 14:43:00,NMDC,116.85,117.0,116.85,116.85,35033,0
2016-11-17 14:44:00,NMDC,116.9,116.9,116.85,116.85,5311,0
2016-11-17 14:45:00,NMDC,116.85,117.0,116.85,117.0,16338,0
2016-11-17 14:46:00,NMDC,116.95,117.0,116.85,116.85,13920,0
2016-11-17 14:47:00,NMDC,116.95,117.0,116.85,116.9,5961,0
2016-11-17 14:48:00,NMDC,116.95,116.95,116.8,116.8,4315,0
2016-11-17 14:49:00,NMDC,116.85,116.85,116.75,116.8,9557,0
2016-11-17 14:50:00,NMDC,116.8,116.95,116.65,116.65,7228,0
2016-11-17 14:51:00,NMDC,116.65,116.8,116.6,116.8,8462,0
2016-11-17 14:52:00,NMDC,116.75,116.9,116.7,116.8,20916,0
2016-11-17 14:53:00,NMDC,116.8,116.9,116.8,116.8,2181,0
2016-11-17 14:54:00,NMDC,116.75,116.85,116.7,116.8,6893,0
2016-11-17 14:55:00,NMDC,116.95,116.95,116.8,116.85,7919,0
2016-11-17 14:56:00,NMDC,116.85,116.95,116.85,116.9,2446,0
2016-11-17 14:57:00,NMDC,116.95,117.0,116.85,117.0,6799,0
2016-11-17 14:58:00,NMDC,117.0,117.0,116.9,116.95,3258,0
2016-11-17 14:59:00,NMDC,117.0,117.0,116.9,116.9,55559,0
2016-11-17 15:00:00,NMDC,116.9,116.9,116.75,116.75,8425,0
2016-11-17 15:01:00,NMDC,116.85,116.85,116.55,116.6,21167,0
2016-11-17 15:02:00,NMDC,116.55,116.7,116.55,116.55,13803,0
2016-11-17 15:03:00,NMDC,116.55,116.55,116.35,116.35,17744,0
2016-11-17 15:04:00,NMDC,116.3,116.4,116.25,116.35,7866,0
2016-11-17 15:05:00,NMDC,116.35,116.35,115.9,116.0,38094,0
2016-11-17 15:06:00,NMDC,116.05,116.4,116.05,116.35,26715,0
2016-11-17 15:07:00,NMDC,116.35,116.5,116.35,116.5,16947,0
2016-11-17 15:08:00,NMDC,116.5,116.6,116.35,116.4,23039,0
2016-11-17 15:09:00,NMDC,116.4,116.95,116.4,116.85,21391,0
2016-11-17 15:10:00,NMDC,116.8,116.8,116.7,116.75,15658,0
2016-11-17 15:11:00,NMDC,116.7,116.9,116.7,116.9,8938,0
2016-11-17 15:12:00,NMDC,116.85,117.0,116.85,117.0,9104,0
2016-11-17 15:13:00,NMDC,117.0,117.2,116.95,117.2,44645,0
2016-11-17 15:14:00,NMDC,117.15,117.3,117.1,117.2,35272,0
2016-11-17 15:15:00,NMDC,117.2,117.2,117.1,117.2,30746,0
2016-11-17 15:16:00,NMDC,117.25,117.25,116.9,117.0,30443,0
2016-11-17 15:17:00,NMDC,117.0,117.35,117.0,117.15,19514,0
2016-11-17 15:18:00,NMDC,117.15,117.2,117.05,117.15,8586,0
2016-11-17 15:19:00,NMDC,117.15,117.15,116.9,117.1,11043,0
2016-11-17 15:20:00,NMDC,117.1,117.2,117.1,117.15,10357,0
2016-11-17 15:21:00,NMDC,117.15,117.25,117.05,117.1,63572,0
2016-11-17 15:22:00,NMDC,117.15,117.3,117.15,117.2,24809,0
2016-11-17 15:23:00,NMDC,117.25,117.3,117.05,117.05,24805,0
2016-11-17 15:24:00,NMDC,117.1,117.2,117.05,117.1,25914,0
2016-11-17 15:25:00,NMDC,117.15,117.3,117.0,117.05,36110,0
2016-11-17 15:26:00,NMDC,117.05,117.05,116.7,116.75,22036,0
2016-11-17 15:27:00,NMDC,116.85,117.0,116.85,116.95,9676,0
2016-11-17 15:28:00,NMDC,117.0,117.2,116.9,117.05,23957,0
2016-11-17 15:29:00,NMDC,117.1,117.3,117.05,117.15,14133,0
2016-11-17 15:30:00,NMDC,117.05,117.2,117.0,117.2,18735,0
2016-11-17 15:41:00,NMDC,116.9,116.9,116.9,116.9,240,0
2016-11-17 15:43:00,NMDC,116.9,116.9,116.9,116.9,22,0
2016-11-17 15:44:00,NMDC,116.9,116.9,116.9,116.9,300,0
2016-11-17 15:50:00,NMDC,116.9,116.9,116.9,116.9,741,0
2016-11-17 15:51:00,NMDC,116.9,116.9,116.9,116.9,1800,0
2016-11-17 15:56:00,NMDC,116.9,116.9,116.9,116.9,5,0
2016-11-17 16:36:00,NMDC,116.9,116.9,116.9,116.9,1,0
2016-11-18 09:08:00,NMDC,117.7,117.7,117.7,117.7,650,0
2016-11-18 09:16:00,NMDC,117.7,118.3,117.7,118.2,10737,0
2016-11-18 09:17:00,NMDC,118.05,118.05,117.2,117.2,17205,0
2016-11-18 09:18:00,NMDC,117.15,117.25,117.0,117.15,9748,0
2016-11-18 09:19:00,NMDC,117.1,117.15,117.0,117.1,24758,0
2016-11-18 09:20:00,NMDC,117.1,117.1,116.65,117.05,17377,0
2016-11-18 09:21:00,NMDC,117.0,117.0,116.55,116.65,14219,0
2016-11-18 09:22:00,NMDC,116.6,117.0,116.6,116.9,14908,0
2016-11-18 09:23:00,NMDC,116.85,117.1,116.85,117.0,10707,0
2016-11-18 09:24:00,NMDC,117.15,117.45,117.15,117.45,5983,0
2016-11-18 09:25:00,NMDC,117.35,117.7,117.35,117.65,7402,0
2016-11-18 09:26:00,NMDC,117.65,117.65,117.2,117.2,12055,0
2016-11-18 09:27:00,NMDC,117.45,117.45,116.95,116.95,19201,0
2016-11-18 09:28:00,NMDC,117.05,117.15,116.95,117.05,18746,0
2016-11-18 09:29:00,NMDC,117.1,117.1,116.6,116.9,8154,0
2016-11-18 09:30:00,NMDC,116.95,117.05,116.75,117.0,3020,0
2016-11-18 09:31:00,NMDC,116.9,116.9,116.7,116.7,3206,0
2016-11-18 09:32:00,NMDC,116.75,116.95,116.7,116.95,7617,0
2016-11-18 09:33:00,NMDC,116.95,116.95,116.45,116.65,14362,0
2016-11-18 09:34:00,NMDC,116.8,117.1,116.8,117.0,33007,0
2016-11-18 09:35:00,NMDC,117.0,117.2,117.0,117.1,6325,0
2016-11-18 09:36:00,NMDC,117.1,117.1,117.0,117.1,7862,0
2016-11-18 09:37:00,NMDC,117.05,117.1,117.0,117.0,2695,0
2016-11-18 09:38:00,NMDC,116.8,117.0,116.6,116.65,9087,0
2016-11-18 09:39:00,NMDC,116.65,116.7,116.55,116.7,3700,0
2016-11-18 09:40:00,NMDC,116.8,117.0,116.75,117.0,6655,0
2016-11-18 09:41:00,NMDC,116.9,117.1,116.9,117.1,17127,0
2016-11-18 09:42:00,NMDC,117.1,117.1,116.85,116.95,23536,0
2016-11-18 09:43:00,NMDC,116.95,116.95,116.7,116.75,18042,0
2016-11-18 09:44:00,NMDC,116.75,116.95,116.75,116.9,13896,0
2016-11-18 09:45:00,NMDC,117.0,117.0,116.85,116.85,4411,0
2016-11-18 09:46:00,NMDC,116.85,116.95,116.25,116.45,13861,0
2016-11-18 09:47:00,NMDC,116.4,116.6,116.25,116.5,11442,0
2016-11-18 09:48:00,NMDC,116.4,116.6,116.3,116.55,2526,0
2016-11-18 09:49:00,NMDC,116.55,116.75,116.55,116.75,8563,0
2016-11-18 09:50:00,NMDC,116.75,116.85,116.6,116.6,19691,0
2016-11-18 09:51:00,NMDC,116.6,116.9,116.6,116.9,2683,0
2016-11-18 09:52:00,NMDC,116.8,117.0,116.8,117.0,18836,0
2016-11-18 09:53:00,NMDC,117.05,117.15,117.0,117.15,12868,0
2016-11-18 09:54:00,NMDC,117.1,117.2,116.85,116.95,23830,0
2016-11-18 09:55:00,NMDC,116.95,117.0,116.95,117.0,12345,0
2016-11-18 09:56:00,NMDC,117.0,117.0,116.85,117.0,4511,0
2016-11-18 09:57:00,NMDC,117.0,117.0,116.8,116.8,2693,0
2016-11-18 09:58:00,NMDC,116.8,116.85,116.7,116.75,2934,0
2016-11-18 09:59:00,NMDC,116.85,116.85,116.85,116.85,3492,0
2016-11-18 10:00:00,NMDC,116.9,116.95,116.85,116.85,4556,0
2016-11-18 10:01:00,NMDC,116.75,116.75,116.5,116.5,5578,0
2016-11-18 10:02:00,NMDC,116.5,116.55,116.25,116.45,10624,0
2016-11-18 10:03:00,NMDC,116.5,116.55,116.3,116.45,8919,0
2016-11-18 10:04:00,NMDC,116.5,116.55,116.5,116.55,1305,0
2016-11-18 10:05:00,NMDC,116.55,116.6,116.5,116.6,3763,0
2016-11-18 10:06:00,NMDC,116.6,116.65,116.55,116.55,1881,0
2016-11-18 10:07:00,NMDC,116.5,116.65,116.5,116.55,1576,0
2016-11-18 10:08:00,NMDC,116.55,116.55,116.55,116.55,2030,0
2016-11-18 10:09:00,NMDC,116.6,116.75,116.6,116.7,4722,0
2016-11-18 10:10:00,NMDC,116.7,116.7,116.6,116.65,4778,0
2016-11-18 10:11:00,NMDC,116.6,116.6,116.45,116.45,6865,0
2016-11-18 10:12:00,NMDC,116.55,116.75,116.55,116.75,4938,0
2016-11-18 10:13:00,NMDC,116.8,116.8,116.7,116.7,3246,0
2016-11-18 10:14:00,NMDC,116.75,116.85,116.7,116.75,3027,0
2016-11-18 10:15:00,NMDC,116.65,116.65,116.6,116.65,4856,0
2016-11-18 10:16:00,NMDC,116.6,116.65,116.55,116.6,4584,0
2016-11-18 10:17:00,NMDC,116.6,116.6,116.45,116.45,1865,0
2016-11-18 10:18:00,NMDC,116.45,116.5,116.45,116.45,1996,0
2016-11-18 10:19:00,NMDC,116.5,116.55,116.45,116.55,2988,0
2016-11-18 10:20:00,NMDC,116.55,116.7,116.45,116.65,2570,0
2016-11-18 10:21:00,NMDC,116.65,116.7,116.65,116.65,2156,0
2016-11-18 10:22:00,NMDC,116.7,116.7,116.4,116.4,8103,0
2016-11-18 10:23:00,NMDC,116.3,116.45,116.3,116.4,3505,0
2016-11-18 10:24:00,NMDC,116.45,116.45,116.45,116.45,5144,0
2016-11-18 10:25:00,NMDC,116.5,116.55,116.45,116.45,227,0
2016-11-18 10:26:00,NMDC,116.4,116.4,116.25,116.25,8266,0
2016-11-18 10:27:00,NMDC,116.25,116.8,116.25,116.55,29280,0
2016-11-18 10:28:00,NMDC,116.55,116.6,116.55,116.55,14320,0
2016-11-18 10:29:00,NMDC,116.5,116.5,116.3,116.35,1796,0
2016-11-18 10:30:00,NMDC,116.4,116.4,116.3,116.3,13788,0
2016-11-18 10:31:00,NMDC,116.35,116.55,116.3,116.5,4072,0
2016-11-18 10:32:00,NMDC,116.5,116.65,116.3,116.4,19957,0
2016-11-18 10:33:00,NMDC,116.35,116.35,116.05,116.2,16234,0
2016-11-18 10:34:00,NMDC,116.2,116.2,116.05,116.05,23151,0
2016-11-18 10:35:00,NMDC,116.05,116.1,115.6,115.85,65930,0
2016-11-18 10:36:00,NMDC,115.85,116.2,115.85,116.2,16716,0
2016-11-18 10:37:00,NMDC,116.2,116.25,116.1,116.2,25275,0
2016-11-18 10:38:00,NMDC,116.2,116.2,115.95,115.95,10796,0
2016-11-18 10:39:00,NMDC,115.95,116.2,115.95,116.05,5023,0
2016-11-18 10:40:00,NMDC,116.1,116.15,116.05,116.1,11854,0
2016-11-18 10:41:00,NMDC,116.1,116.2,116.05,116.15,8514,0
2016-11-18 10:42:00,NMDC,116.2,116.2,115.55,115.65,20195,0
2016-11-18 10:43:00,NMDC,115.6,115.75,115.35,115.75,66407,0
2016-11-18 10:44:00,NMDC,115.7,115.8,115.4,115.7,25974,0
2016-11-18 10:45:00,NMDC,115.75,115.75,115.6,115.65,16889,0
2016-11-18 10:46:00,NMDC,115.6,115.75,115.4,115.75,41492,0
2016-11-18 10:47:00,NMDC,115.85,115.85,115.5,115.5,30993,0
2016-11-18 10:48:00,NMDC,115.5,115.6,114.8,114.8,70965,0
2016-11-18 10:49:00,NMDC,114.85,114.95,114.55,114.65,36236,0
2016-11-18 10:50:00,NMDC,114.65,114.75,114.6,114.65,13879,0
2016-11-18 10:51:00,NMDC,114.65,114.9,114.55,114.9,26245,0
2016-11-18 10:52:00,NMDC,114.95,114.95,114.8,114.85,4016,0
2016-11-18 10:53:00,NMDC,114.85,114.95,114.8,114.9,4310,0
2016-11-18 10:54:00,NMDC,114.95,115.1,114.9,115.1,15596,0
2016-11-18 10:55:00,NMDC,115.1,115.1,115.05,115.1,6079,0
2016-11-18 10:56:00,NMDC,115.1,115.25,115.05,115.25,14517,0
2016-11-18 10:57:00,NMDC,115.25,115.5,115.25,115.4,33816,0
2016-11-18 10:58:00,NMDC,115.4,115.4,115.25,115.25,30489,0
2016-11-18 10:59:00,NMDC,115.3,115.6,115.3,115.5,37755,0
2016-11-18 11:00:00,NMDC,115.5,115.5,114.9,115.0,34800,0
2016-11-18 11:01:00,NMDC,115.0,115.15,114.95,115.15,21251,0
2016-11-18 11:02:00,NMDC,115.1,115.15,114.85,114.85,12672,0
2016-11-18 11:03:00,NMDC,114.9,115.0,114.9,115.0,10919,0
2016-11-18 11:04:00,NMDC,115.0,115.05,114.95,115.0,10080,0
2016-11-18 11:05:00,NMDC,115.0,115.0,114.85,114.9,2599,0
2016-11-18 11:06:00,NMDC,114.85,114.85,114.55,114.65,8080,0
2016-11-18 11:07:00,NMDC,114.65,114.95,114.65,114.95,7135,0
2016-11-18 11:08:00,NMDC,114.95,115.0,114.85,114.95,7633,0
2016-11-18 11:09:00,NMDC,114.95,115.15,114.95,114.95,13031,0
2016-11-18 11:10:00,NMDC,114.8,114.95,114.8,114.95,6364,0
2016-11-18 11:11:00,NMDC,115.0,115.05,115.0,115.05,3708,0
2016-11-18 11:12:00,NMDC,115.05,115.05,115.0,115.05,13369,0
2016-11-18 11:13:00,NMDC,115.0,115.1,115.0,115.05,9276,0
2016-11-18 11:14:00,NMDC,115.05,115.25,114.95,114.95,18368,0
2016-11-18 11:15:00,NMDC,115.0,115.0,114.85,114.95,3104,0
2016-11-18 11:16:00,NMDC,114.95,114.95,114.9,114.9,4203,0
2016-11-18 11:17:00,NMDC,114.9,114.9,114.8,114.85,2544,0
2016-11-18 11:18:00,NMDC,114.9,115.0,114.85,115.0,4779,0
2016-11-18 11:19:00,NMDC,114.95,115.0,114.9,114.9,8484,0
2016-11-18 11:20:00,NMDC,115.0,115.15,114.95,115.15,20688,0
2016-11-18 11:21:00,NMDC,115.15,115.15,114.9,114.95,11717,0
2016-11-18 11:22:00,NMDC,114.95,115.1,114.9,114.95,13734,0
2016-11-18 11:23:00,NMDC,115.0,115.05,114.95,115.05,20634,0
2016-11-18 11:24:00,NMDC,114.95,115.25,114.95,115.2,13485,0
2016-11-18 11:25:00,NMDC,115.25,115.25,115.0,115.15,11276,0
2016-11-18 11:26:00,NMDC,115.05,115.2,115.0,115.15,7083,0
2016-11-18 11:27:00,NMDC,115.15,115.15,114.9,115.0,9965,0
2016-11-18 11:28:00,NMDC,115.0,115.0,115.0,115.0,1915,0
2016-11-18 11:29:00,NMDC,115.0,115.0,114.95,115.0,2804,0
2016-11-18 11:30:00,NMDC,115.0,115.0,114.95,115.0,2652,0
2016-11-18 11:31:00,NMDC,115.0,115.0,114.9,115.0,6779,0
2016-11-18 11:32:00,NMDC,115.1,115.1,114.95,115.0,14193,0
2016-11-18 11:33:00,NMDC,114.95,115.05,114.95,114.95,12352,0
2016-11-18 11:34:00,NMDC,115.0,115.0,114.9,114.9,14546,0
2016-11-18 11:35:00,NMDC,114.95,115.0,114.8,114.95,34458,0
2016-11-18 11:36:00,NMDC,114.9,115.0,114.8,114.95,3249,0
2016-11-18 11:37:00,NMDC,114.95,114.95,114.85,114.85,3321,0
2016-11-18 11:38:00,NMDC,114.85,114.85,114.75,114.75,10558,0
2016-11-18 11:39:00,NMDC,114.85,114.85,114.8,114.85,1489,0
2016-11-18 11:40:00,NMDC,114.8,114.8,114.65,114.75,5563,0
2016-11-18 11:41:00,NMDC,114.75,114.75,114.6,114.6,12172,0
2016-11-18 11:42:00,NMDC,114.65,114.7,114.65,114.7,3172,0
2016-11-18 11:43:00,NMDC,114.7,114.75,114.4,114.4,14381,0
2016-11-18 11:44:00,NMDC,114.4,114.55,114.4,114.5,3380,0
2016-11-18 11:45:00,NMDC,114.5,114.6,114.5,114.6,2114,0
2016-11-18 11:46:00,NMDC,114.6,114.6,114.55,114.6,1284,0
2016-11-18 11:47:00,NMDC,114.6,114.7,114.6,114.6,6672,0
2016-11-18 11:48:00,NMDC,114.6,114.7,114.5,114.55,7162,0
2016-11-18 11:49:00,NMDC,114.55,114.55,114.3,114.45,6676,0
2016-11-18 11:50:00,NMDC,114.45,114.5,114.4,114.5,1950,0
2016-11-18 11:51:00,NMDC,114.5,114.7,114.5,114.55,5338,0
2016-11-18 11:52:00,NMDC,114.65,114.7,114.6,114.65,7887,0
2016-11-18 11:53:00,NMDC,114.6,114.7,114.6,114.6,6154,0
2016-11-18 11:54:00,NMDC,114.6,114.9,114.6,114.8,19024,0
2016-11-18 11:55:00,NMDC,114.8,114.85,114.7,114.7,2345,0
2016-11-18 11:56:00,NMDC,114.8,114.9,114.8,114.9,1449,0
2016-11-18 11:57:00,NMDC,114.9,114.9,114.75,114.85,1913,0
2016-11-18 11:58:00,NMDC,114.85,114.9,114.85,114.9,214,0
2016-11-18 11:59:00,NMDC,114.9,114.95,114.8,114.95,7569,0
2016-11-18 12:00:00,NMDC,114.9,115.0,114.8,114.85,2558,0
2016-11-18 12:01:00,NMDC,115.0,115.0,114.95,114.95,839,0
2016-11-18 12:02:00,NMDC,114.95,114.95,114.9,114.95,2610,0
2016-11-18 12:03:00,NMDC,114.95,114.95,114.9,114.95,2367,0
2016-11-18 12:04:00,NMDC,115.0,115.05,114.95,115.05,8234,0
2016-11-18 12:05:00,NMDC,115.05,115.1,115.0,115.1,2484,0
2016-11-18 12:06:00,NMDC,115.05,115.1,114.95,114.95,7264,0
2016-11-18 12:07:00,NMDC,114.95,115.0,114.9,114.9,3737,0
2016-11-18 12:08:00,NMDC,114.95,115.0,114.95,115.0,970,0
2016-11-18 12:09:00,NMDC,115.0,115.0,114.95,114.95,1357,0
2016-11-18 12:10:00,NMDC,115.0,115.0,114.95,115.0,2634,0
2016-11-18 12:11:00,NMDC,115.0,115.05,114.95,115.05,2558,0
2016-11-18 12:12:00,NMDC,115.0,115.25,115.0,115.25,10977,0
2016-11-18 12:13:00,NMDC,115.2,115.25,115.2,115.2,1937,0
2016-11-18 12:14:00,NMDC,115.15,115.25,115.15,115.25,1841,0
2016-11-18 12:15:00,NMDC,115.2,115.2,115.15,115.15,3396,0
2016-11-18 12:16:00,NMDC,115.15,115.15,115.1,115.15,1367,0
2016-11-18 12:17:00,NMDC,115.1,115.2,115.1,115.1,1374,0
2016-11-18 12:18:00,NMDC,115.15,115.2,115.15,115.15,2507,0
2016-11-18 12:19:00,NMDC,115.2,115.2,115.1,115.2,3025,0
2016-11-18 12:20:00,NMDC,115.2,115.25,115.2,115.25,2657,0
2016-11-18 12:21:00,NMDC,115.2,115.2,115.1,115.1,3401,0
2016-11-18 12:22:00,NMDC,115.1,115.2,115.05,115.1,1501,0
2016-11-18 12:23:00,NMDC,115.1,115.2,115.1,115.2,5380,0
2016-11-18 12:24:00,NMDC,115.2,115.2,115.0,115.0,7065,0
2016-11-18 12:25:00,NMDC,115.0,115.1,114.95,115.0,6213,0
2016-11-18 12:26:00,NMDC,115.0,115.0,114.8,114.8,7343,0
2016-11-18 12:27:00,NMDC,114.8,114.8,114.7,114.75,2697,0
2016-11-18 12:28:00,NMDC,114.8,114.85,114.55,114.75,8556,0
2016-11-18 12:29:00,NMDC,114.8,114.8,114.75,114.75,2174,0
2016-11-18 12:30:00,NMDC,114.75,114.9,114.75,114.9,7107,0
2016-11-18 12:31:00,NMDC,114.9,115.0,114.9,114.9,3773,0
2016-11-18 12:32:00,NMDC,115.0,115.1,114.95,115.1,13520,0
2016-11-18 12:33:00,NMDC,115.0,115.1,114.95,115.1,4128,0
2016-11-18 12:34:00,NMDC,115.0,115.0,114.95,115.0,2629,0
2016-11-18 12:35:00,NMDC,115.0,115.0,114.95,115.0,4903,0
2016-11-18 12:36:00,NMDC,115.0,115.1,115.0,115.0,4108,0
2016-11-18 12:37:00,NMDC,115.0,115.0,114.95,114.95,1407,0
2016-11-18 12:38:00,NMDC,115.05,115.15,115.0,115.05,29106,0
2016-11-18 12:39:00,NMDC,115.1,115.2,115.05,115.2,18895,0
2016-11-18 12:40:00,NMDC,115.15,115.45,115.15,115.3,44931,0
2016-11-18 12:41:00,NMDC,115.3,115.35,115.15,115.15,17485,0
2016-11-18 12:42:00,NMDC,115.15,115.25,115.05,115.2,21178,0
2016-11-18 12:43:00,NMDC,115.2,115.25,115.1,115.1,7147,0
2016-11-18 12:44:00,NMDC,115.2,115.25,115.1,115.1,1556,0
2016-11-18 12:45:00,NMDC,115.1,115.15,115.05,115.1,18135,0
2016-11-18 12:46:00,NMDC,115.05,115.2,115.05,115.1,487,0
2016-11-18 12:47:00,NMDC,115.2,115.25,115.1,115.25,6289,0
2016-11-18 12:48:00,NMDC,115.25,115.4,115.25,115.25,7496,0
2016-11-18 12:49:00,NMDC,115.2,115.4,115.2,115.35,12122,0
2016-11-18 12:50:00,NMDC,115.35,115.4,115.3,115.35,2432,0
2016-11-18 12:51:00,NMDC,115.3,115.4,115.25,115.35,12080,0
2016-11-18 12:52:00,NMDC,115.3,115.35,115.2,115.2,9218,0
2016-11-18 12:53:00,NMDC,115.2,115.2,115.1,115.1,6232,0
2016-11-18 12:54:00,NMDC,115.15,115.15,115.05,115.1,4586,0
2016-11-18 12:55:00,NMDC,115.0,115.0,114.85,114.85,8096,0
2016-11-18 12:56:00,NMDC,114.95,115.1,114.9,115.05,7805,0
2016-11-18 12:57:00,NMDC,115.05,115.05,114.95,114.95,731,0
2016-11-18 12:58:00,NMDC,115.0,115.0,114.95,115.0,1646,0
2016-11-18 12:59:00,NMDC,115.0,115.05,115.0,115.05,5784,0
2016-11-18 13:00:00,NMDC,114.95,115.0,114.95,114.95,8153,0
2016-11-18 13:01:00,NMDC,115.0,115.0,114.9,114.95,3819,0
2016-11-18 13:02:00,NMDC,115.0,115.0,114.95,114.95,1356,0
2016-11-18 13:03:00,NMDC,115.0,115.0,114.75,114.75,10020,0
2016-11-18 13:04:00,NMDC,114.85,114.85,114.75,114.75,1163,0
2016-11-18 13:05:00,NMDC,114.6,114.75,114.6,114.6,20429,0
2016-11-18 13:06:00,NMDC,114.65,114.65,114.35,114.6,24410,0
2016-11-18 13:07:00,NMDC,114.65,114.65,114.6,114.6,7041,0
2016-11-18 13:08:00,NMDC,114.65,114.8,114.65,114.8,16117,0
2016-11-18 13:09:00,NMDC,114.8,114.8,114.75,114.75,3203,0
2016-11-18 13:10:00,NMDC,114.75,114.75,114.75,114.75,6855,0
2016-11-18 13:11:00,NMDC,114.75,114.8,114.75,114.75,3519,0
2016-11-18 13:12:00,NMDC,114.8,114.9,114.75,114.9,3359,0
2016-11-18 13:13:00,NMDC,114.8,114.9,114.8,114.85,1962,0
2016-11-18 13:14:00,NMDC,114.9,115.0,114.9,115.0,4628,0
2016-11-18 13:15:00,NMDC,114.95,115.0,114.9,114.95,11399,0
2016-11-18 13:16:00,NMDC,115.0,115.0,114.95,114.95,3790,0
2016-11-18 13:17:00,NMDC,115.0,115.0,114.95,114.95,8018,0
2016-11-18 13:18:00,NMDC,115.0,115.0,114.95,114.95,5097,0
2016-11-18 13:19:00,NMDC,115.0,115.0,114.9,115.0,6349,0
2016-11-18 13:20:00,NMDC,115.0,115.0,114.95,115.0,67,0
2016-11-18 13:21:00,NMDC,115.0,115.0,114.95,115.0,7702,0
2016-11-18 13:22:00,NMDC,115.0,115.15,115.0,115.15,9936,0
2016-11-18 13:23:00,NMDC,115.15,115.15,115.0,115.0,5653,0
2016-11-18 13:24:00,NMDC,115.0,115.0,114.95,114.95,6510,0
2016-11-18 13:25:00,NMDC,114.95,115.0,114.8,115.0,24920,0
2016-11-18 13:26:00,NMDC,115.0,115.2,115.0,115.2,8085,0
2016-11-18 13:27:00,NMDC,115.15,115.25,115.1,115.1,12761,0
2016-11-18 13:28:00,NMDC,115.0,115.25,115.0,115.25,17292,0
2016-11-18 13:29:00,NMDC,115.25,115.3,115.25,115.25,2525,0
2016-11-18 13:30:00,NMDC,115.25,115.3,115.1,115.1,8708,0
2016-11-18 13:31:00,NMDC,115.1,115.25,115.05,115.25,2961,0
2016-11-18 13:32:00,NMDC,115.15,115.25,115.1,115.2,2555,0
2016-11-18 13:33:00,NMDC,115.1,115.15,114.9,115.0,14801,0
2016-11-18 13:34:00,NMDC,115.0,115.05,114.75,114.75,5192,0
2016-11-18 13:35:00,NMDC,114.9,114.9,114.7,114.9,3365,0
2016-11-18 13:36:00,NMDC,114.8,115.0,114.8,115.0,9463,0
2016-11-18 13:37:00,NMDC,114.85,114.85,114.8,114.8,3161,0
2016-11-18 13:38:00,NMDC,114.9,114.95,114.8,114.85,557,0
2016-11-18 13:39:00,NMDC,114.8,114.95,114.8,114.85,1460,0
2016-11-18 13:40:00,NMDC,114.85,114.95,114.85,114.9,1939,0
2016-11-18 13:41:00,NMDC,114.95,115.05,114.95,115.05,11268,0
2016-11-18 13:42:00,NMDC,115.0,115.1,115.0,115.05,4465,0
2016-11-18 13:43:00,NMDC,115.1,115.1,114.9,114.95,6382,0
2016-11-18 13:44:00,NMDC,114.95,114.95,114.95,114.95,101,0
2016-11-18 13:45:00,NMDC,115.0,115.0,114.85,114.9,4408,0
2016-11-18 13:46:00,NMDC,114.9,115.0,114.85,114.85,11218,0
2016-11-18 13:47:00,NMDC,114.95,115.0,114.85,114.95,2215,0
2016-11-18 13:48:00,NMDC,114.95,115.05,114.95,115.0,8222,0
2016-11-18 13:49:00,NMDC,115.05,115.1,115.0,115.0,11508,0
2016-11-18 13:50:00,NMDC,115.05,115.2,115.0,115.0,18153,0
2016-11-18 13:51:00,NMDC,115.0,115.1,115.0,115.1,2077,0
2016-11-18 13:52:00,NMDC,115.2,115.2,115.05,115.15,2298,0
2016-11-18 13:53:00,NMDC,115.15,115.15,115.05,115.05,3916,0
2016-11-18 13:54:00,NMDC,115.05,115.1,115.05,115.1,23807,0
2016-11-18 13:55:00,NMDC,115.1,115.1,114.8,115.0,19948,0
2016-11-18 13:56:00,NMDC,115.0,115.0,114.85,114.95,3465,0
2016-11-18 13:57:00,NMDC,115.0,115.0,114.85,114.85,5670,0
2016-11-18 13:58:00,NMDC,114.9,115.05,114.85,114.85,33386,0
2016-11-18 13:59:00,NMDC,114.9,115.0,114.85,114.95,1785,0
2016-11-18 14:00:00,NMDC,114.85,115.0,114.85,115.0,5108,0
2016-11-18 14:01:00,NMDC,114.9,114.95,114.75,114.8,10044,0
2016-11-18 14:02:00,NMDC,114.7,114.8,114.7,114.75,10367,0
2016-11-18 14:03:00,NMDC,114.8,114.8,114.75,114.75,5446,0
2016-11-18 14:04:00,NMDC,114.75,114.9,114.75,114.8,6551,0
2016-11-18 14:05:00,NMDC,114.9,114.9,114.9,114.9,718,0
2016-11-18 14:06:00,NMDC,114.9,114.9,114.9,114.9,1315,0
2016-11-18 14:07:00,NMDC,114.9,114.9,114.8,114.9,1609,0
2016-11-18 14:08:00,NMDC,114.9,114.9,114.8,114.85,2578,0
2016-11-18 14:09:00,NMDC,114.85,114.9,114.8,114.85,6712,0
2016-11-18 14:10:00,NMDC,114.9,115.1,114.85,115.0,30334,0
2016-11-18 14:11:00,NMDC,114.95,115.0,114.95,115.0,2566,0
2016-11-18 14:12:00,NMDC,115.0,115.0,114.8,114.9,9761,0
2016-11-18 14:13:00,NMDC,114.8,115.0,114.8,115.0,915,0
2016-11-18 14:14:00,NMDC,114.95,114.95,114.9,114.9,2942,0
2016-11-18 14:15:00,NMDC,114.85,114.85,114.7,114.8,3219,0
2016-11-18 14:16:00,NMDC,114.75,114.8,114.7,114.75,5671,0
2016-11-18 14:17:00,NMDC,114.65,114.85,114.65,114.8,3260,0
2016-11-18 14:18:00,NMDC,114.7,114.75,114.55,114.6,8860,0
2016-11-18 14:19:00,NMDC,114.6,114.65,114.35,114.45,7775,0
2016-11-18 14:20:00,NMDC,114.55,114.55,114.35,114.35,9027,0
2016-11-18 14:21:00,NMDC,114.35,114.45,114.35,114.45,6306,0
2016-11-18 14:22:00,NMDC,114.4,114.5,114.4,114.45,8065,0
2016-11-18 14:23:00,NMDC,114.45,114.6,114.45,114.6,4185,0
2016-11-18 14:24:00,NMDC,114.55,114.7,114.45,114.6,6774,0
2016-11-18 14:25:00,NMDC,114.4,114.6,114.4,114.5,3536,0
2016-11-18 14:26:00,NMDC,114.55,114.6,114.45,114.45,2933,0
2016-11-18 14:27:00,NMDC,114.5,114.6,114.35,114.4,5278,0
2016-11-18 14:28:00,NMDC,114.4,114.5,114.4,114.45,1464,0
2016-11-18 14:29:00,NMDC,114.5,114.5,114.45,114.45,597,0
2016-11-18 14:30:00,NMDC,114.5,114.5,114.35,114.35,6479,0
2016-11-18 14:31:00,NMDC,114.4,114.5,114.4,114.5,1416,0
2016-11-18 14:32:00,NMDC,114.4,114.45,114.35,114.35,3941,0
2016-11-18 14:33:00,NMDC,114.4,114.5,114.35,114.45,2589,0
2016-11-18 14:34:00,NMDC,114.45,114.45,114.0,114.05,25325,0
2016-11-18 14:35:00,NMDC,114.05,114.25,114.05,114.25,8610,0
2016-11-18 14:36:00,NMDC,114.15,114.2,113.6,113.65,37793,0
2016-11-18 14:37:00,NMDC,113.65,113.75,113.15,113.35,37808,0
2016-11-18 14:38:00,NMDC,113.45,113.5,113.0,113.0,19169,0
2016-11-18 14:39:00,NMDC,113.0,113.35,113.0,113.25,11791,0
2016-11-18 14:40:00,NMDC,113.35,113.35,113.1,113.2,3347,0
2016-11-18 14:41:00,NMDC,113.2,113.35,113.2,113.35,8641,0
2016-11-18 14:42:00,NMDC,113.35,113.35,113.2,113.2,7110,0
2016-11-18 14:43:00,NMDC,113.35,113.4,113.3,113.4,1548,0
2016-11-18 14:44:00,NMDC,113.45,113.6,113.35,113.55,5380,0
2016-11-18 14:45:00,NMDC,113.55,113.7,113.55,113.7,3127,0
2016-11-18 14:46:00,NMDC,113.7,113.75,113.65,113.75,3330,0
2016-11-18 14:47:00,NMDC,113.7,113.95,113.7,113.95,11889,0
2016-11-18 14:48:00,NMDC,113.85,114.0,113.85,114.0,10387,0
2016-11-18 14:49:00,NMDC,113.9,114.05,113.85,113.95,5300,0
2016-11-18 14:50:00,NMDC,114.0,114.35,114.0,114.35,2214,0
2016-11-18 14:51:00,NMDC,114.4,114.4,114.05,114.2,12135,0
2016-11-18 14:52:00,NMDC,114.2,114.3,114.15,114.3,5726,0
2016-11-18 14:53:00,NMDC,114.35,114.45,114.35,114.45,1820,0
2016-11-18 14:54:00,NMDC,114.5,114.5,114.1,114.1,9231,0
2016-11-18 14:55:00,NMDC,114.15,114.25,114.1,114.25,10155,0
2016-11-18 14:56:00,NMDC,114.3,114.3,114.15,114.15,2982,0
2016-11-18 14:57:00,NMDC,114.15,114.25,114.15,114.2,4593,0
2016-11-18 14:58:00,NMDC,114.15,114.2,114.1,114.2,4153,0
2016-11-18 14:59:00,NMDC,114.1,114.2,114.05,114.2,18328,0
2016-11-18 15:00:00,NMDC,114.05,114.15,114.0,114.0,5019,0
2016-11-18 15:01:00,NMDC,114.0,114.05,113.8,114.0,7543,0
2016-11-18 15:02:00,NMDC,113.95,113.95,113.8,113.8,6810,0
2016-11-18 15:03:00,NMDC,113.8,113.9,113.7,113.9,8705,0
2016-11-18 15:04:00,NMDC,113.9,114.05,113.7,113.7,34083,0
2016-11-18 15:05:00,NMDC,113.55,113.7,113.55,113.7,5585,0
2016-11-18 15:06:00,NMDC,113.75,113.8,113.6,113.6,12762,0
2016-11-18 15:07:00,NMDC,113.7,113.7,113.6,113.6,7276,0
2016-11-18 15:08:00,NMDC,113.6,113.7,113.4,113.4,24851,0
2016-11-18 15:09:00,NMDC,113.45,113.6,113.4,113.4,8542,0
2016-11-18 15:10:00,NMDC,113.4,113.85,113.4,113.85,15644,0
2016-11-18 15:11:00,NMDC,113.85,113.85,113.65,113.85,17455,0
2016-11-18 15:12:00,NMDC,113.9,114.2,113.9,114.2,6723,0
2016-11-18 15:13:00,NMDC,114.15,114.2,113.95,114.05,9646,0
2016-11-18 15:14:00,NMDC,114.0,114.15,114.0,114.05,7772,0
2016-11-18 15:15:00,NMDC,114.15,114.2,114.0,114.05,13460,0
2016-11-18 15:16:00,NMDC,114.05,114.15,114.0,114.15,12952,0
2016-11-18 15:17:00,NMDC,114.05,114.15,114.0,114.0,10076,0
2016-11-18 15:18:00,NMDC,114.05,114.1,113.95,113.95,26916,0
2016-11-18 15:19:00,NMDC,114.0,114.0,113.7,113.75,52000,0
2016-11-18 15:20:00,NMDC,113.85,114.0,113.75,114.0,16505,0
2016-11-18 15:21:00,NMDC,113.9,114.0,113.75,113.8,13579,0
2016-11-18 15:22:00,NMDC,113.9,113.9,113.75,113.8,5419,0
2016-11-18 15:23:00,NMDC,113.8,113.95,113.8,113.9,6201,0
2016-11-18 15:24:00,NMDC,113.9,113.9,113.85,113.9,4453,0
2016-11-18 15:25:00,NMDC,113.9,114.0,113.85,113.95,25821,0
2016-11-18 15:26:00,NMDC,113.95,114.0,113.9,113.9,4410,0
2016-11-18 15:27:00,NMDC,113.95,114.0,113.85,113.95,11036,0
2016-11-18 15:28:00,NMDC,114.0,114.0,113.85,113.9,6384,0
2016-11-18 15:29:00,NMDC,113.9,113.95,113.8,113.85,5562,0
2016-11-18 15:30:00,NMDC,113.9,113.9,113.75,113.85,16591,0
2016-11-18 15:41:00,NMDC,113.85,113.85,113.8,113.85,1100,0
2016-11-18 15:42:00,NMDC,113.85,113.85,113.85,113.85,2105,0
2016-11-18 15:43:00,NMDC,113.85,113.85,113.8,113.85,1845,0
2016-11-18 15:44:00,NMDC,113.85,113.85,113.85,113.85,50,0
2016-11-18 15:49:00,NMDC,113.85,113.85,113.85,113.85,1450,0
2016-11-18 15:52:00,NMDC,113.85,113.85,113.85,113.85,4,0
2016-11-18 16:36:00,NMDC,113.85,113.85,113.85,113.85,1,0
2016-11-21 09:08:00,NMDC,115.0,115.0,115.0,115.0,2716,0
2016-11-21 09:16:00,NMDC,115.3,115.35,114.7,114.8,19707,0
2016-11-21 09:17:00,NMDC,114.75,114.95,114.75,114.8,12575,0
2016-11-21 09:18:00,NMDC,114.75,114.85,114.4,114.5,16431,0
2016-11-21 09:19:00,NMDC,114.45,114.45,114.3,114.45,12649,0
2016-11-21 09:20:00,NMDC,114.6,114.7,114.5,114.55,18760,0
2016-11-21 09:21:00,NMDC,114.55,114.55,114.25,114.3,10382,0
2016-11-21 09:22:00,NMDC,114.1,114.2,113.7,113.85,24918,0
2016-11-21 09:23:00,NMDC,113.8,114.2,113.5,114.0,22920,0
2016-11-21 09:24:00,NMDC,113.75,114.05,113.45,113.9,16850,0
2016-11-21 09:25:00,NMDC,113.95,114.1,113.55,114.1,17092,0
2016-11-21 09:26:00,NMDC,114.15,114.25,113.9,114.2,11243,0
2016-11-21 09:27:00,NMDC,114.3,114.35,114.05,114.2,9253,0
2016-11-21 09:28:00,NMDC,114.1,114.1,113.9,113.9,12197,0
2016-11-21 09:29:00,NMDC,113.95,114.15,113.9,114.05,6012,0
2016-11-21 09:30:00,NMDC,114.05,114.1,114.05,114.1,4823,0
2016-11-21 09:31:00,NMDC,114.1,114.7,114.1,114.7,32287,0
2016-11-21 09:32:00,NMDC,114.65,114.8,114.55,114.8,9440,0
2016-11-21 09:33:00,NMDC,114.75,115.3,114.75,115.15,48641,0
2016-11-21 09:34:00,NMDC,115.3,115.3,114.8,114.8,99508,0
2016-11-21 09:35:00,NMDC,114.9,115.0,114.75,114.75,11922,0
2016-11-21 09:36:00,NMDC,114.8,115.0,114.7,114.7,16155,0
2016-11-21 09:37:00,NMDC,114.95,115.0,114.85,114.9,6303,0
2016-11-21 09:38:00,NMDC,115.0,115.1,114.8,114.8,19225,0
2016-11-21 09:39:00,NMDC,114.9,114.9,114.8,114.8,3281,0
2016-11-21 09:40:00,NMDC,114.7,114.8,114.4,114.5,6622,0
2016-11-21 09:41:00,NMDC,114.5,114.5,114.0,114.0,9862,0
2016-11-21 09:42:00,NMDC,114.0,114.2,114.0,114.15,8669,0
2016-11-21 09:43:00,NMDC,114.1,114.2,114.1,114.1,5040,0
2016-11-21 09:44:00,NMDC,114.1,114.2,114.0,114.0,18461,0
2016-11-21 09:45:00,NMDC,114.1,114.15,114.0,114.15,6561,0
2016-11-21 09:46:00,NMDC,114.15,114.45,114.15,114.4,12941,0
2016-11-21 09:47:00,NMDC,114.4,114.4,114.25,114.3,10811,0
2016-11-21 09:48:00,NMDC,114.4,114.4,114.3,114.3,4413,0
2016-11-21 09:49:00,NMDC,114.3,114.4,114.2,114.4,8360,0
2016-11-21 09:50:00,NMDC,114.4,114.45,113.8,113.8,5532,0
2016-11-21 09:51:00,NMDC,113.75,113.85,113.55,113.7,13199,0
2016-11-21 09:52:00,NMDC,113.75,113.75,113.5,113.5,20084,0
2016-11-21 09:53:00,NMDC,113.55,113.7,113.3,113.45,25710,0
2016-11-21 09:54:00,NMDC,113.3,113.5,113.3,113.3,20914,0
2016-11-21 09:55:00,NMDC,113.5,113.6,113.4,113.5,10915,0
2016-11-21 09:56:00,NMDC,113.5,113.6,113.5,113.5,9840,0
2016-11-21 09:57:00,NMDC,113.6,113.7,113.4,113.4,11902,0
2016-11-21 09:58:00,NMDC,113.6,113.6,113.35,113.4,5813,0
2016-11-21 09:59:00,NMDC,113.35,113.35,113.15,113.25,12019,0
2016-11-21 10:00:00,NMDC,113.0,113.1,112.75,112.95,35772,0
2016-11-21 10:01:00,NMDC,112.95,112.95,112.65,112.75,20535,0
2016-11-21 10:02:00,NMDC,112.85,112.95,112.7,112.95,5729,0
2016-11-21 10:03:00,NMDC,113.0,113.0,112.9,112.95,31805,0
2016-11-21 10:04:00,NMDC,113.0,113.0,112.9,112.95,11443,0
2016-11-21 10:05:00,NMDC,112.9,112.95,112.9,112.9,10606,0
2016-11-21 10:06:00,NMDC,112.9,113.0,112.9,113.0,12218,0
2016-11-21 10:07:00,NMDC,112.95,113.05,112.95,112.95,6594,0
2016-11-21 10:08:00,NMDC,112.95,113.0,112.9,112.95,3932,0
2016-11-21 10:09:00,NMDC,112.95,113.0,112.9,112.9,12341,0
2016-11-21 10:10:00,NMDC,113.0,113.05,112.85,113.05,6927,0
2016-11-21 10:11:00,NMDC,113.0,113.0,112.85,112.95,9482,0
2016-11-21 10:12:00,NMDC,112.9,112.9,112.7,112.7,8156,0
2016-11-21 10:13:00,NMDC,112.65,112.7,112.45,112.65,22684,0
2016-11-21 10:14:00,NMDC,112.55,112.6,111.8,111.8,51527,0
2016-11-21 10:15:00,NMDC,111.8,112.35,111.8,112.35,28534,0
2016-11-21 10:16:00,NMDC,112.25,112.3,112.2,112.25,22177,0
2016-11-21 10:17:00,NMDC,112.2,112.55,112.2,112.3,44992,0
2016-11-21 10:18:00,NMDC,112.3,112.55,112.3,112.4,8347,0
2016-11-21 10:19:00,NMDC,112.3,112.35,112.2,112.3,8607,0
2016-11-21 10:20:00,NMDC,112.4,112.4,112.3,112.35,9676,0
2016-11-21 10:21:00,NMDC,112.45,112.5,112.3,112.5,4734,0
2016-11-21 10:22:00,NMDC,112.5,112.5,112.3,112.45,4763,0
2016-11-21 10:23:00,NMDC,112.4,112.45,112.3,112.35,4084,0
2016-11-21 10:24:00,NMDC,112.3,112.35,112.2,112.35,15305,0
2016-11-21 10:25:00,NMDC,112.4,112.5,112.05,112.05,11294,0
2016-11-21 10:26:00,NMDC,112.05,112.15,111.95,112.0,28196,0
2016-11-21 10:27:00,NMDC,111.9,112.35,111.9,112.35,41232,0
2016-11-21 10:28:00,NMDC,112.2,112.3,112.05,112.1,12803,0
2016-11-21 10:29:00,NMDC,112.1,112.25,112.1,112.25,10322,0
2016-11-21 10:30:00,NMDC,112.25,112.3,112.2,112.2,2912,0
2016-11-21 10:31:00,NMDC,112.15,112.25,112.0,112.0,9969,0
2016-11-21 10:32:00,NMDC,112.0,112.25,111.95,112.0,12077,0
2016-11-21 10:33:00,NMDC,112.0,112.0,111.9,112.0,42180,0
2016-11-21 10:34:00,NMDC,112.1,112.1,111.9,111.9,14727,0
2016-11-21 10:35:00,NMDC,111.9,111.95,111.75,111.8,22278,0
2016-11-21 10:36:00,NMDC,111.75,111.85,111.55,111.75,82567,0
2016-11-21 10:37:00,NMDC,111.75,111.75,111.55,111.6,7128,0
2016-11-21 10:38:00,NMDC,111.6,111.6,111.4,111.5,11197,0
2016-11-21 10:39:00,NMDC,111.45,111.7,111.35,111.55,21362,0
2016-11-21 10:40:00,NMDC,111.5,111.6,111.25,111.4,20185,0
2016-11-21 10:41:00,NMDC,111.4,111.4,111.25,111.35,11677,0
2016-11-21 10:42:00,NMDC,111.3,111.4,111.25,111.25,13259,0
2016-11-21 10:43:00,NMDC,111.4,111.4,111.25,111.3,7353,0
2016-11-21 10:44:00,NMDC,111.4,111.4,111.1,111.2,16421,0
2016-11-21 10:45:00,NMDC,111.25,111.25,111.1,111.15,3986,0
2016-11-21 10:46:00,NMDC,111.15,111.25,111.05,111.2,9742,0
2016-11-21 10:47:00,NMDC,111.2,111.3,111.15,111.3,8553,0
2016-11-21 10:48:00,NMDC,111.4,111.55,111.2,111.4,16130,0
2016-11-21 10:49:00,NMDC,111.4,111.6,111.35,111.6,8768,0
2016-11-21 10:50:00,NMDC,111.6,111.85,111.6,111.8,4552,0
2016-11-21 10:51:00,NMDC,111.85,112.0,111.7,111.7,9533,0
2016-11-21 10:52:00,NMDC,111.7,111.9,111.7,111.9,9572,0
2016-11-21 10:53:00,NMDC,111.8,111.85,111.6,111.65,5616,0
2016-11-21 10:54:00,NMDC,111.7,111.7,111.45,111.45,12057,0
2016-11-21 10:55:00,NMDC,111.45,111.45,111.1,111.2,4690,0
2016-11-21 10:56:00,NMDC,111.1,111.3,111.05,111.15,8251,0
2016-11-21 10:57:00,NMDC,111.15,111.15,110.5,110.75,28308,0
2016-11-21 10:58:00,NMDC,110.7,110.75,110.35,110.55,23189,0
2016-11-21 10:59:00,NMDC,110.35,110.7,110.25,110.5,17581,0
2016-11-21 11:00:00,NMDC,110.5,110.7,110.4,110.55,14896,0
2016-11-21 11:01:00,NMDC,110.5,110.6,110.45,110.6,6290,0
2016-11-21 11:02:00,NMDC,110.6,110.9,110.6,110.8,12427,0
2016-11-21 11:03:00,NMDC,110.75,110.9,110.75,110.75,3044,0
2016-11-21 11:04:00,NMDC,110.85,111.5,110.85,111.4,12803,0
2016-11-21 11:05:00,NMDC,111.4,111.5,111.25,111.45,14312,0
2016-11-21 11:06:00,NMDC,111.45,111.45,111.05,111.15,12779,0
2016-11-21 11:07:00,NMDC,111.15,111.15,110.8,111.0,7484,0
2016-11-21 11:08:00,NMDC,111.0,111.15,110.9,111.1,4708,0
2016-11-21 11:09:00,NMDC,111.1,111.25,111.0,111.2,10586,0
2016-11-21 11:10:00,NMDC,111.2,111.2,111.0,111.05,14500,0
2016-11-21 11:11:00,NMDC,111.1,111.1,110.6,110.6,7699,0
2016-11-21 11:12:00,NMDC,110.75,110.75,110.2,110.35,18636,0
2016-11-21 11:13:00,NMDC,110.25,110.45,110.25,110.35,15156,0
2016-11-21 11:14:00,NMDC,110.4,110.75,110.4,110.7,12107,0
2016-11-21 11:15:00,NMDC,110.7,111.0,110.6,110.95,22220,0
2016-11-21 11:16:00,NMDC,110.8,110.85,110.45,110.65,7819,0
2016-11-21 11:17:00,NMDC,110.45,110.65,110.45,110.5,3648,0
2016-11-21 11:18:00,NMDC,110.6,110.6,110.55,110.6,2631,0
2016-11-21 11:19:00,NMDC,110.65,110.75,110.6,110.7,10297,0
2016-11-21 11:20:00,NMDC,110.75,111.0,110.75,110.85,6793,0
2016-11-21 11:21:00,NMDC,111.0,111.05,110.85,111.0,4754,0
2016-11-21 11:22:00,NMDC,111.0,111.1,111.0,111.1,4859,0
2016-11-21 11:23:00,NMDC,111.05,111.05,110.9,110.9,6937,0
2016-11-21 11:24:00,NMDC,110.9,111.0,110.85,110.9,6938,0
2016-11-21 11:25:00,NMDC,110.95,111.05,110.85,111.05,1695,0
2016-11-21 11:26:00,NMDC,111.05,111.05,110.9,111.05,2585,0
2016-11-21 11:27:00,NMDC,110.9,111.15,110.9,111.15,17109,0
2016-11-21 11:28:00,NMDC,111.2,111.25,111.15,111.15,1185,0
2016-11-21 11:29:00,NMDC,111.25,111.25,111.2,111.2,5772,0
2016-11-21 11:30:00,NMDC,111.2,111.4,111.2,111.3,2439,0
2016-11-21 11:31:00,NMDC,111.35,111.35,111.3,111.3,6168,0
2016-11-21 11:32:00,NMDC,111.3,111.35,111.25,111.3,2957,0
2016-11-21 11:33:00,NMDC,111.25,111.25,111.15,111.2,5081,0
2016-11-21 11:34:00,NMDC,111.25,111.25,111.2,111.25,2180,0
2016-11-21 11:35:00,NMDC,111.15,111.35,111.15,111.25,7737,0
2016-11-21 11:36:00,NMDC,111.25,111.25,111.25,111.25,5545,0
2016-11-21 11:37:00,NMDC,111.35,111.35,111.2,111.2,2410,0
2016-11-21 11:38:00,NMDC,111.25,111.3,111.05,111.05,11741,0
2016-11-21 11:39:00,NMDC,111.1,111.1,110.9,110.9,10676,0
2016-11-21 11:40:00,NMDC,111.0,111.05,110.9,110.9,11481,0
2016-11-21 11:41:00,NMDC,110.95,111.15,110.9,110.9,5559,0
2016-11-21 11:42:00,NMDC,110.8,110.85,110.7,110.85,6277,0
2016-11-21 11:43:00,NMDC,110.8,111.0,110.8,110.95,4580,0
2016-11-21 11:44:00,NMDC,110.85,110.95,110.85,110.95,9007,0
2016-11-21 11:45:00,NMDC,110.95,111.2,110.95,111.2,4351,0
2016-11-21 11:46:00,NMDC,111.05,111.55,111.05,111.5,16364,0
2016-11-21 11:47:00,NMDC,111.5,111.55,111.15,111.5,5623,0
2016-11-21 11:48:00,NMDC,111.5,111.55,111.45,111.5,5561,0
2016-11-21 11:49:00,NMDC,111.55,111.6,111.2,111.2,8353,0
2016-11-21 11:50:00,NMDC,111.3,111.4,111.15,111.15,3442,0
2016-11-21 11:51:00,NMDC,111.15,111.15,111.0,111.15,4797,0
2016-11-21 11:52:00,NMDC,110.9,111.05,110.65,110.65,9584,0
2016-11-21 11:53:00,NMDC,110.7,110.75,110.6,110.6,4872,0
2016-11-21 11:54:00,NMDC,110.6,110.8,110.6,110.8,6756,0
2016-11-21 11:55:00,NMDC,110.85,111.0,110.8,110.9,2029,0
2016-11-21 11:56:00,NMDC,111.0,111.15,110.85,111.0,10188,0
2016-11-21 11:57:00,NMDC,111.0,111.35,111.0,111.35,5258,0
2016-11-21 11:58:00,NMDC,111.35,111.6,111.1,111.1,9284,0
2016-11-21 11:59:00,NMDC,111.1,111.1,110.7,110.9,11821,0
2016-11-21 12:00:00,NMDC,110.95,111.2,110.8,111.2,19093,0
2016-11-21 12:01:00,NMDC,111.25,111.5,111.25,111.45,15735,0
2016-11-21 12:02:00,NMDC,111.45,111.5,110.85,110.9,28337,0
2016-11-21 12:03:00,NMDC,110.85,111.3,110.8,111.25,22429,0
2016-11-21 12:04:00,NMDC,111.25,111.25,111.15,111.2,8268,0
2016-11-21 12:05:00,NMDC,111.25,111.55,111.2,111.5,11251,0
2016-11-21 12:06:00,NMDC,111.55,111.55,111.45,111.5,3872,0
2016-11-21 12:07:00,NMDC,111.6,111.7,111.5,111.7,11221,0
2016-11-21 12:08:00,NMDC,111.75,112.3,111.7,112.15,26676,0
2016-11-21 12:09:00,NMDC,111.95,112.15,111.7,111.7,12063,0
2016-11-21 12:10:00,NMDC,111.75,112.0,111.75,111.85,6127,0
2016-11-21 12:11:00,NMDC,111.75,111.75,111.65,111.7,4153,0
2016-11-21 12:12:00,NMDC,111.7,111.7,111.6,111.6,2053,0
2016-11-21 12:13:00,NMDC,111.5,111.6,111.45,111.6,6210,0
2016-11-21 12:14:00,NMDC,111.6,111.75,111.35,111.35,7715,0
2016-11-21 12:15:00,NMDC,111.55,111.55,111.55,111.55,3374,0
2016-11-21 12:16:00,NMDC,111.3,111.4,111.2,111.4,8413,0
2016-11-21 12:17:00,NMDC,111.35,111.5,111.25,111.4,4352,0
2016-11-21 12:18:00,NMDC,111.45,111.5,111.3,111.3,2879,0
2016-11-21 12:19:00,NMDC,111.3,111.45,111.3,111.4,5614,0
2016-11-21 12:20:00,NMDC,111.4,111.4,111.25,111.25,7574,0
2016-11-21 12:21:00,NMDC,111.15,111.2,111.1,111.1,3800,0
2016-11-21 12:22:00,NMDC,111.15,111.3,111.15,111.25,3895,0
2016-11-21 12:23:00,NMDC,111.2,111.3,111.15,111.15,5503,0
2016-11-21 12:24:00,NMDC,111.15,111.45,111.15,111.45,7414,0
2016-11-21 12:25:00,NMDC,111.55,111.55,111.25,111.35,4635,0
2016-11-21 12:26:00,NMDC,111.35,111.6,111.35,111.5,7496,0
2016-11-21 12:27:00,NMDC,111.5,111.65,111.5,111.6,4612,0
2016-11-21 12:28:00,NMDC,111.6,111.65,111.4,111.4,5837,0
2016-11-21 12:29:00,NMDC,111.55,111.7,111.4,111.4,4452,0
2016-11-21 12:30:00,NMDC,111.35,111.55,111.35,111.5,5106,0
2016-11-21 12:31:00,NMDC,111.45,111.45,111.35,111.35,2838,0
2016-11-21 12:32:00,NMDC,111.45,111.45,111.35,111.35,2287,0
2016-11-21 12:33:00,NMDC,111.4,111.4,111.35,111.35,1050,0
2016-11-21 12:34:00,NMDC,111.3,111.35,111.3,111.3,3443,0
2016-11-21 12:35:00,NMDC,111.3,111.35,111.2,111.3,3650,0
2016-11-21 12:36:00,NMDC,111.25,111.25,111.0,111.1,6600,0
2016-11-21 12:37:00,NMDC,111.05,111.15,111.0,111.05,3967,0
2016-11-21 12:38:00,NMDC,111.15,111.15,110.95,110.95,8721,0
2016-11-21 12:39:00,NMDC,110.95,111.0,110.8,111.0,13013,0
2016-11-21 12:40:00,NMDC,110.9,110.95,110.85,110.85,5131,0
2016-11-21 12:41:00,NMDC,110.9,110.95,110.85,110.9,847,0
2016-11-21 12:42:00,NMDC,110.85,110.9,110.8,110.9,4983,0
2016-11-21 12:43:00,NMDC,110.85,110.85,110.7,110.85,7801,0
2016-11-21 12:44:00,NMDC,110.7,110.8,110.6,110.65,10549,0
2016-11-21 12:45:00,NMDC,110.65,110.85,110.65,110.75,5772,0
2016-11-21 12:46:00,NMDC,110.75,110.75,110.65,110.7,2076,0
2016-11-21 12:47:00,NMDC,110.65,110.7,110.6,110.7,3558,0
2016-11-21 12:48:00,NMDC,110.7,110.7,110.65,110.7,2269,0
2016-11-21 12:49:00,NMDC,110.7,110.75,110.6,110.6,17119,0
2016-11-21 12:50:00,NMDC,110.7,110.7,110.55,110.55,4982,0
2016-11-21 12:51:00,NMDC,110.6,110.6,110.6,110.6,2619,0
2016-11-21 12:52:00,NMDC,110.65,110.65,110.6,110.65,2413,0
2016-11-21 12:53:00,NMDC,110.7,110.8,110.65,110.8,4018,0
2016-11-21 12:54:00,NMDC,110.65,110.75,110.65,110.65,3250,0
2016-11-21 12:55:00,NMDC,110.6,110.75,110.6,110.75,6612,0
2016-11-21 12:56:00,NMDC,110.75,110.8,110.7,110.8,3400,0
2016-11-21 12:57:00,NMDC,110.75,110.9,110.7,110.9,14794,0
2016-11-21 12:58:00,NMDC,110.9,110.9,110.75,110.9,5348,0
2016-11-21 12:59:00,NMDC,110.9,110.9,110.75,110.75,2233,0
2016-11-21 13:00:00,NMDC,110.85,110.85,110.7,110.7,3573,0
2016-11-21 13:01:00,NMDC,110.85,110.85,110.55,110.55,11040,0
2016-11-21 13:02:00,NMDC,110.55,110.7,110.55,110.6,2236,0
2016-11-21 13:03:00,NMDC,110.6,110.7,110.5,110.6,7483,0
2016-11-21 13:04:00,NMDC,110.7,110.7,110.55,110.55,3078,0
2016-11-21 13:05:00,NMDC,110.65,110.8,110.5,110.8,24444,0
2016-11-21 13:06:00,NMDC,110.95,110.95,110.8,110.8,3079,0
2016-11-21 13:07:00,NMDC,110.8,110.95,110.8,110.95,7833,0
2016-11-21 13:08:00,NMDC,111.0,111.05,110.95,111.0,2855,0
2016-11-21 13:09:00,NMDC,111.1,111.2,111.0,111.1,3461,0
2016-11-21 13:10:00,NMDC,111.2,111.25,111.05,111.2,3535,0
2016-11-21 13:11:00,NMDC,111.15,111.25,111.05,111.25,2661,0
2016-11-21 13:12:00,NMDC,111.2,111.2,111.05,111.1,7286,0
2016-11-21 13:13:00,NMDC,111.15,111.3,111.1,111.1,4498,0
2016-11-21 13:14:00,NMDC,111.2,111.2,111.15,111.15,902,0
2016-11-21 13:15:00,NMDC,111.15,111.3,111.15,111.3,4724,0
2016-11-21 13:16:00,NMDC,111.25,111.35,111.25,111.35,3638,0
2016-11-21 13:17:00,NMDC,111.35,111.35,111.15,111.15,9062,0
2016-11-21 13:18:00,NMDC,111.1,111.15,111.05,111.05,7242,0
2016-11-21 13:19:00,NMDC,111.1,111.1,111.0,111.05,5033,0
2016-11-21 13:20:00,NMDC,111.1,111.1,111.0,111.0,2009,0
2016-11-21 13:21:00,NMDC,111.0,111.0,110.8,110.8,9959,0
2016-11-21 13:22:00,NMDC,110.8,110.9,110.7,110.7,2453,0
2016-11-21 13:23:00,NMDC,110.8,110.8,110.65,110.65,788,0
2016-11-21 13:24:00,NMDC,110.65,110.8,110.55,110.8,6267,0
2016-11-21 13:25:00,NMDC,110.8,110.9,110.8,110.9,3064,0
2016-11-21 13:26:00,NMDC,110.85,110.85,110.75,110.75,4628,0
2016-11-21 13:27:00,NMDC,110.85,110.85,110.75,110.75,2492,0
2016-11-21 13:28:00,NMDC,110.9,110.95,110.85,110.95,4897,0
2016-11-21 13:29:00,NMDC,110.95,110.95,110.8,110.8,7811,0
2016-11-21 13:30:00,NMDC,110.9,110.9,110.8,110.9,3428,0
2016-11-21 13:31:00,NMDC,110.9,110.95,110.9,110.95,1347,0
2016-11-21 13:32:00,NMDC,110.9,110.95,110.8,110.95,4600,0
2016-11-21 13:33:00,NMDC,110.95,110.95,110.7,110.7,10896,0
2016-11-21 13:34:00,NMDC,110.75,110.85,110.7,110.85,5363,0
2016-11-21 13:35:00,NMDC,110.75,110.8,110.75,110.75,4460,0
2016-11-21 13:36:00,NMDC,110.7,110.75,110.65,110.65,4322,0
2016-11-21 13:37:00,NMDC,110.65,110.8,110.65,110.8,5310,0
2016-11-21 13:38:00,NMDC,110.8,110.85,110.75,110.75,2548,0
2016-11-21 13:39:00,NMDC,110.85,110.85,110.7,110.7,2947,0
2016-11-21 13:40:00,NMDC,110.7,110.8,110.65,110.65,3717,0
2016-11-21 13:41:00,NMDC,110.75,110.75,110.6,110.6,7843,0
2016-11-21 13:42:00,NMDC,110.7,110.7,110.6,110.65,1150,0
2016-11-21 13:43:00,NMDC,110.6,110.75,110.6,110.75,5843,0
2016-11-21 13:44:00,NMDC,110.75,110.75,110.55,110.6,8083,0
2016-11-21 13:45:00,NMDC,110.6,110.65,110.6,110.65,1701,0
2016-11-21 13:46:00,NMDC,110.6,110.65,110.55,110.55,5905,0
2016-11-21 13:47:00,NMDC,110.65,110.7,110.35,110.35,26926,0
2016-11-21 13:48:00,NMDC,110.4,110.6,110.4,110.5,2631,0
2016-11-21 13:49:00,NMDC,110.4,110.5,110.2,110.4,17869,0
2016-11-21 13:50:00,NMDC,110.4,110.5,110.3,110.3,7346,0
2016-11-21 13:51:00,NMDC,110.35,110.4,110.3,110.3,3487,0
2016-11-21 13:52:00,NMDC,110.45,110.45,110.2,110.25,10095,0
2016-11-21 13:53:00,NMDC,110.2,110.2,109.9,109.9,55412,0
2016-11-21 13:54:00,NMDC,109.9,110.1,109.8,110.0,18180,0
2016-11-21 13:55:00,NMDC,109.9,110.15,109.8,109.9,16804,0
2016-11-21 13:56:00,NMDC,109.85,110.0,109.75,109.8,6634,0
2016-11-21 13:57:00,NMDC,110.0,110.15,109.9,110.15,10427,0
2016-11-21 13:58:00,NMDC,110.2,110.55,110.15,110.3,28729,0
2016-11-21 13:59:00,NMDC,110.3,110.5,110.3,110.3,1794,0
2016-11-21 14:00:00,NMDC,110.35,110.45,110.35,110.4,2603,0
2016-11-21 14:01:00,NMDC,110.4,110.4,109.9,110.1,13111,0
2016-11-21 14:02:00,NMDC,110.1,110.15,110.0,110.1,11871,0
2016-11-21 14:03:00,NMDC,110.1,110.1,109.95,109.95,8514,0
2016-11-21 14:04:00,NMDC,110.0,110.05,109.9,109.9,8091,0
2016-11-21 14:05:00,NMDC,109.9,110.0,109.75,109.85,34281,0
2016-11-21 14:06:00,NMDC,109.95,110.0,109.85,109.85,4258,0
2016-11-21 14:07:00,NMDC,109.85,109.85,109.0,109.0,57317,0
2016-11-21 14:08:00,NMDC,109.0,109.5,109.0,109.5,36773,0
2016-11-21 14:09:00,NMDC,109.65,109.7,109.45,109.55,8002,0
2016-11-21 14:10:00,NMDC,109.65,109.65,109.25,109.35,5383,0
2016-11-21 14:11:00,NMDC,109.35,109.75,109.35,109.75,18524,0
2016-11-21 14:12:00,NMDC,109.75,109.75,109.55,109.7,5133,0
2016-11-21 14:13:00,NMDC,109.7,109.7,109.4,109.6,25966,0
2016-11-21 14:14:00,NMDC,109.7,109.85,109.65,109.75,6311,0
2016-11-21 14:15:00,NMDC,109.75,109.75,109.55,109.65,3441,0
2016-11-21 14:16:00,NMDC,109.5,109.8,109.5,109.65,10101,0
2016-11-21 14:17:00,NMDC,109.7,109.9,109.7,109.75,9879,0
2016-11-21 14:18:00,NMDC,109.85,109.85,109.85,109.85,2362,0
2016-11-21 14:19:00,NMDC,109.85,110.35,109.85,110.35,11967,0
2016-11-21 14:20:00,NMDC,110.35,110.5,110.15,110.5,14371,0
2016-11-21 14:21:00,NMDC,110.6,110.65,110.25,110.4,16374,0
2016-11-21 14:22:00,NMDC,110.4,110.7,110.3,110.65,14086,0
2016-11-21 14:23:00,NMDC,110.6,110.8,110.6,110.8,24554,0
2016-11-21 14:24:00,NMDC,110.8,110.9,110.5,110.55,15486,0
2016-11-21 14:25:00,NMDC,110.5,110.65,110.3,110.6,9368,0
2016-11-21 14:26:00,NMDC,110.55,110.75,110.55,110.75,4889,0
2016-11-21 14:27:00,NMDC,110.75,110.75,110.65,110.75,4494,0
2016-11-21 14:28:00,NMDC,110.65,110.75,110.55,110.75,5423,0
2016-11-21 14:29:00,NMDC,110.75,110.75,110.6,110.65,2822,0
2016-11-21 14:30:00,NMDC,110.6,110.75,110.6,110.75,8775,0
2016-11-21 14:31:00,NMDC,110.65,110.8,110.65,110.75,3452,0
2016-11-21 14:32:00,NMDC,110.75,110.75,110.5,110.5,6933,0
2016-11-21 14:33:00,NMDC,110.45,110.45,109.9,110.0,20672,0
2016-11-21 14:34:00,NMDC,109.95,110.1,109.95,110.0,6982,0
2016-11-21 14:35:00,NMDC,110.0,110.0,109.75,109.8,4369,0
2016-11-21 14:36:00,NMDC,109.7,110.2,109.7,110.0,8216,0
2016-11-21 14:37:00,NMDC,109.85,109.85,109.65,109.7,6823,0
2016-11-21 14:38:00,NMDC,109.75,110.0,109.75,109.85,4669,0
2016-11-21 14:39:00,NMDC,109.9,109.9,109.65,109.9,9826,0
2016-11-21 14:40:00,NMDC,109.9,109.9,109.7,109.75,4214,0
2016-11-21 14:41:00,NMDC,109.75,109.8,109.7,109.8,4489,0
2016-11-21 14:42:00,NMDC,109.8,109.8,109.55,109.6,10980,0
2016-11-21 14:43:00,NMDC,109.6,109.75,109.5,109.75,28184,0
2016-11-21 14:44:00,NMDC,109.7,109.85,109.65,109.85,4191,0
2016-11-21 14:45:00,NMDC,109.9,109.95,109.7,109.7,4453,0
2016-11-21 14:46:00,NMDC,109.75,109.75,109.65,109.65,5397,0
2016-11-21 14:47:00,NMDC,109.7,109.85,109.7,109.8,7015,0
2016-11-21 14:48:00,NMDC,109.9,109.9,109.7,109.75,3450,0
2016-11-21 14:49:00,NMDC,109.75,109.8,109.5,109.6,16416,0
2016-11-21 14:50:00,NMDC,109.6,109.7,109.5,109.65,9081,0
2016-11-21 14:51:00,NMDC,109.65,109.7,109.55,109.65,8736,0
2016-11-21 14:52:00,NMDC,109.55,109.7,109.55,109.55,3766,0
2016-11-21 14:53:00,NMDC,109.5,109.5,109.25,109.4,42136,0
2016-11-21 14:54:00,NMDC,109.45,109.5,109.25,109.4,24367,0
2016-11-21 14:55:00,NMDC,109.55,109.95,109.5,109.7,26597,0
2016-11-21 14:56:00,NMDC,109.7,109.8,109.45,109.5,12003,0
2016-11-21 14:57:00,NMDC,109.6,109.8,109.6,109.8,19875,0
2016-11-21 14:58:00,NMDC,109.8,109.8,109.65,109.65,4466,0
2016-11-21 14:59:00,NMDC,109.6,109.7,109.45,109.55,7581,0
2016-11-21 15:00:00,NMDC,109.45,109.7,109.45,109.45,7422,0
2016-11-21 15:01:00,NMDC,109.6,109.65,109.4,109.4,15170,0
2016-11-21 15:02:00,NMDC,109.4,109.6,109.4,109.6,9431,0
2016-11-21 15:03:00,NMDC,109.55,109.55,109.15,109.2,15595,0
2016-11-21 15:04:00,NMDC,109.3,109.4,109.15,109.15,18677,0
2016-11-21 15:05:00,NMDC,109.1,109.15,108.85,109.0,36577,0
2016-11-21 15:06:00,NMDC,108.95,109.1,108.95,109.1,6780,0
2016-11-21 15:07:00,NMDC,109.0,109.1,109.0,109.1,5740,0
2016-11-21 15:08:00,NMDC,109.05,109.05,109.0,109.05,17876,0
2016-11-21 15:09:00,NMDC,109.0,109.2,109.0,109.15,19934,0
2016-11-21 15:10:00,NMDC,109.05,109.3,109.0,109.2,9639,0
2016-11-21 15:11:00,NMDC,109.05,109.2,109.05,109.1,22212,0
2016-11-21 15:12:00,NMDC,109.2,109.3,109.1,109.3,14722,0
2016-11-21 15:13:00,NMDC,109.25,109.25,108.8,108.9,19986,0
2016-11-21 15:14:00,NMDC,108.75,108.8,108.65,108.8,15029,0
2016-11-21 15:15:00,NMDC,108.55,108.6,108.0,108.15,68207,0
2016-11-21 15:16:00,NMDC,108.1,108.25,108.0,108.05,42480,0
2016-11-21 15:17:00,NMDC,108.25,108.6,108.2,108.6,11795,0
2016-11-21 15:18:00,NMDC,108.5,108.75,108.5,108.7,6998,0
2016-11-21 15:19:00,NMDC,108.7,108.75,108.55,108.55,13948,0
2016-11-21 15:20:00,NMDC,108.55,108.75,108.05,108.5,30552,0
2016-11-21 15:21:00,NMDC,108.5,108.55,108.2,108.2,12272,0
2016-11-21 15:22:00,NMDC,108.2,108.3,108.0,108.05,44725,0
2016-11-21 15:23:00,NMDC,108.05,108.3,108.05,108.2,12650,0
2016-11-21 15:24:00,NMDC,108.05,108.3,108.0,108.15,26144,0
2016-11-21 15:25:00,NMDC,108.15,108.4,108.1,108.4,16242,0
2016-11-21 15:26:00,NMDC,108.4,108.5,108.3,108.45,16119,0
2016-11-21 15:27:00,NMDC,108.5,108.5,108.2,108.2,9413,0
2016-11-21 15:28:00,NMDC,108.25,108.35,108.2,108.2,12089,0
2016-11-21 15:29:00,NMDC,108.2,108.35,108.15,108.15,8313,0
2016-11-21 15:30:00,NMDC,108.2,108.35,108.0,108.1,12323,0
2016-11-21 15:31:00,NMDC,108.1,108.1,108.1,108.1,1100,0
2016-11-21 15:41:00,NMDC,108.6,108.6,108.6,108.6,394,0
2016-11-21 15:48:00,NMDC,108.6,108.6,108.1,108.1,200,0
2016-11-21 15:49:00,NMDC,108.6,108.6,108.6,108.6,10,0
2016-11-21 15:50:00,NMDC,108.6,108.6,108.6,108.6,500,0
2016-11-21 15:52:00,NMDC,108.6,108.6,108.6,108.6,100,0
2016-11-21 15:54:00,NMDC,108.6,108.6,108.6,108.6,387,0
2016-11-21 15:59:00,NMDC,108.6,108.6,108.6,108.6,175,0
2016-11-21 16:36:00,NMDC,108.6,108.6,108.6,108.6,1,0
2016-11-22 09:09:00,NMDC,108.75,108.75,108.75,108.75,1961,0
2016-11-22 09:16:00,NMDC,109.1,110.6,109.1,110.5,63614,0
2016-11-22 09:17:00,NMDC,110.5,110.8,110.3,110.4,48653,0
2016-11-22 09:18:00,NMDC,110.35,110.65,110.35,110.6,18671,0
2016-11-22 09:19:00,NMDC,110.5,110.65,110.4,110.5,24147,0
2016-11-22 09:20:00,NMDC,110.5,110.65,110.2,110.3,22983,0
2016-11-22 09:21:00,NMDC,110.3,110.3,109.8,109.8,34926,0
2016-11-22 09:22:00,NMDC,109.9,110.05,109.7,109.9,19553,0
2016-11-22 09:23:00,NMDC,109.85,110.35,109.8,110.3,13146,0
2016-11-22 09:24:00,NMDC,110.3,110.6,110.2,110.6,24339,0
2016-11-22 09:25:00,NMDC,110.7,110.7,110.55,110.6,11129,0
2016-11-22 09:26:00,NMDC,110.7,110.95,110.55,110.7,35420,0
2016-11-22 09:27:00,NMDC,110.75,110.8,110.6,110.8,6171,0
2016-11-22 09:28:00,NMDC,110.8,111.0,110.7,110.8,18558,0
2016-11-22 09:29:00,NMDC,110.85,111.0,110.8,110.95,12213,0
2016-11-22 09:30:00,NMDC,110.95,111.4,110.95,111.4,33051,0
2016-11-22 09:31:00,NMDC,111.35,112.35,111.35,111.9,90762,0
2016-11-22 09:32:00,NMDC,111.75,111.75,111.35,111.5,27842,0
2016-11-22 09:33:00,NMDC,111.5,111.5,111.4,111.5,8445,0
2016-11-22 09:34:00,NMDC,111.4,111.4,111.2,111.2,12673,0
2016-11-22 09:35:00,NMDC,111.2,111.4,111.2,111.35,4598,0
2016-11-22 09:36:00,NMDC,111.45,111.55,111.4,111.55,13864,0
2016-11-22 09:37:00,NMDC,111.6,111.6,111.1,111.15,11740,0
2016-11-22 09:38:00,NMDC,111.15,111.25,111.05,111.1,5455,0
2016-11-22 09:39:00,NMDC,111.05,111.3,111.0,111.0,5947,0
2016-11-22 09:40:00,NMDC,111.05,111.05,110.8,111.0,13821,0
2016-11-22 09:41:00,NMDC,110.85,111.0,110.6,110.6,12894,0
2016-11-22 09:42:00,NMDC,110.6,110.85,110.55,110.85,6884,0
2016-11-22 09:43:00,NMDC,110.85,110.85,110.55,110.65,10388,0
2016-11-22 09:44:00,NMDC,110.55,110.65,110.45,110.65,9737,0
2016-11-22 09:45:00,NMDC,110.6,110.7,110.4,110.55,8062,0
2016-11-22 09:46:00,NMDC,110.55,110.8,110.5,110.5,11211,0
2016-11-22 09:47:00,NMDC,110.45,110.5,110.35,110.35,5130,0
2016-11-22 09:48:00,NMDC,110.45,110.5,110.15,110.45,19865,0
2016-11-22 09:49:00,NMDC,110.5,110.65,110.25,110.25,14709,0
2016-11-22 09:50:00,NMDC,110.35,110.35,110.15,110.15,9602,0
2016-11-22 09:51:00,NMDC,110.2,110.2,109.85,109.9,29553,0
2016-11-22 09:52:00,NMDC,109.85,109.95,108.85,109.5,52254,0
2016-11-22 09:53:00,NMDC,109.55,109.8,109.5,109.55,15704,0
2016-11-22 09:54:00,NMDC,109.7,109.95,109.65,109.95,11803,0
2016-11-22 09:55:00,NMDC,110.0,110.35,109.85,110.35,18081,0
2016-11-22 09:56:00,NMDC,110.25,110.4,110.1,110.1,9328,0
2016-11-22 09:57:00,NMDC,110.15,110.3,110.0,110.3,3841,0
2016-11-22 09:58:00,NMDC,110.15,110.2,109.9,109.9,10036,0
2016-11-22 09:59:00,NMDC,109.9,110.05,109.9,109.95,6301,0
2016-11-22 10:00:00,NMDC,109.9,109.95,109.75,109.95,8963,0
2016-11-22 10:01:00,NMDC,109.95,109.95,109.65,109.7,10146,0
2016-11-22 10:02:00,NMDC,109.7,110.0,109.7,109.75,19225,0
2016-11-22 10:03:00,NMDC,109.8,109.9,109.65,109.9,8339,0
2016-11-22 10:04:00,NMDC,109.9,109.95,109.8,109.95,3823,0
2016-11-22 10:05:00,NMDC,110.0,110.15,110.0,110.15,2260,0
2016-11-22 10:06:00,NMDC,110.1,110.4,110.1,110.3,9339,0
2016-11-22 10:07:00,NMDC,110.4,110.45,110.3,110.35,6320,0
2016-11-22 10:08:00,NMDC,110.35,110.35,110.3,110.35,5191,0
2016-11-22 10:09:00,NMDC,110.3,110.5,110.3,110.5,9207,0
2016-11-22 10:10:00,NMDC,110.5,110.65,110.5,110.6,10795,0
2016-11-22 10:11:00,NMDC,110.6,110.8,110.5,110.8,11813,0
2016-11-22 10:12:00,NMDC,110.8,111.05,110.8,110.9,27193,0
2016-11-22 10:13:00,NMDC,110.95,110.95,110.85,110.9,4290,0
2016-11-22 10:14:00,NMDC,110.9,110.9,110.75,110.8,5147,0
2016-11-22 10:15:00,NMDC,110.75,110.9,110.75,110.8,9587,0
2016-11-22 10:16:00,NMDC,110.8,110.85,110.75,110.8,8262,0
2016-11-22 10:17:00,NMDC,110.8,110.8,110.75,110.8,2773,0
2016-11-22 10:18:00,NMDC,110.75,110.9,110.75,110.9,4638,0
2016-11-22 10:19:00,NMDC,110.9,111.2,110.8,110.95,22511,0
2016-11-22 10:20:00,NMDC,111.0,111.15,111.0,111.0,4439,0
2016-11-22 10:21:00,NMDC,111.0,111.1,110.75,110.95,12009,0
2016-11-22 10:22:00,NMDC,110.9,110.9,110.8,110.8,4285,0
2016-11-22 10:23:00,NMDC,110.8,110.85,110.8,110.8,603,0
2016-11-22 10:24:00,NMDC,110.85,110.85,110.75,110.75,979,0
2016-11-22 10:25:00,NMDC,110.75,110.85,110.75,110.75,647,0
2016-11-22 10:26:00,NMDC,110.75,110.9,110.75,110.85,7493,0
2016-11-22 10:27:00,NMDC,110.85,110.9,110.85,110.9,4701,0
2016-11-22 10:28:00,NMDC,110.85,111.05,110.85,111.0,9390,0
2016-11-22 10:29:00,NMDC,111.0,111.25,111.0,111.2,6606,0
2016-11-22 10:30:00,NMDC,111.35,111.4,111.2,111.35,15524,0
2016-11-22 10:31:00,NMDC,111.25,111.4,111.15,111.3,11360,0
2016-11-22 10:32:00,NMDC,111.3,111.3,111.15,111.2,1860,0
2016-11-22 10:33:00,NMDC,111.3,111.4,111.25,111.35,7304,0
2016-11-22 10:34:00,NMDC,111.35,111.7,111.35,111.65,29501,0
2016-11-22 10:35:00,NMDC,111.7,111.7,111.55,111.6,10234,0
2016-11-22 10:36:00,NMDC,111.6,111.75,111.55,111.7,14198,0
2016-11-22 10:37:00,NMDC,111.75,111.85,111.7,111.7,23125,0
2016-11-22 10:38:00,NMDC,111.7,111.75,111.55,111.7,9563,0
2016-11-22 10:39:00,NMDC,111.55,111.7,111.4,111.5,6360,0
2016-11-22 10:40:00,NMDC,111.5,111.6,111.45,111.5,4335,0
2016-11-22 10:41:00,NMDC,111.5,111.6,111.45,111.5,2425,0
2016-11-22 10:42:00,NMDC,111.65,111.65,111.5,111.5,4018,0
2016-11-22 10:43:00,NMDC,111.6,111.6,111.45,111.45,2993,0
2016-11-22 10:44:00,NMDC,111.45,111.45,111.35,111.35,3530,0
2016-11-22 10:45:00,NMDC,111.4,111.5,111.4,111.4,3402,0
2016-11-22 10:46:00,NMDC,111.5,111.5,111.25,111.25,3967,0
2016-11-22 10:47:00,NMDC,111.25,111.45,111.25,111.35,3495,0
2016-11-22 10:48:00,NMDC,111.35,111.4,111.3,111.35,2275,0
2016-11-22 10:49:00,NMDC,111.45,111.75,111.45,111.75,15588,0
2016-11-22 10:50:00,NMDC,111.55,111.55,111.2,111.25,12049,0
2016-11-22 10:51:00,NMDC,111.15,111.3,111.15,111.2,6155,0
2016-11-22 10:52:00,NMDC,111.15,111.5,111.15,111.35,4358,0
2016-11-22 10:53:00,NMDC,111.35,111.5,111.35,111.4,6320,0
2016-11-22 10:54:00,NMDC,111.45,111.45,111.35,111.35,2019,0
2016-11-22 10:55:00,NMDC,111.45,111.45,111.35,111.35,3273,0
2016-11-22 10:56:00,NMDC,111.3,111.4,111.3,111.4,957,0
2016-11-22 10:57:00,NMDC,111.35,111.5,111.35,111.35,881,0
2016-11-22 10:58:00,NMDC,111.4,111.4,111.25,111.3,8921,0
2016-11-22 10:59:00,NMDC,111.25,111.3,111.2,111.25,8544,0
2016-11-22 11:00:00,NMDC,111.25,111.3,111.2,111.25,6036,0
2016-11-22 11:01:00,NMDC,111.25,111.25,111.0,111.0,4905,0
2016-11-22 11:02:00,NMDC,111.0,111.15,110.8,111.1,9655,0
2016-11-22 11:03:00,NMDC,111.05,111.15,110.95,111.0,8619,0
2016-11-22 11:04:00,NMDC,111.05,111.2,111.05,111.15,3588,0
2016-11-22 11:05:00,NMDC,111.15,111.15,111.1,111.15,2139,0
2016-11-22 11:06:00,NMDC,111.15,111.2,111.1,111.2,5026,0
2016-11-22 11:07:00,NMDC,111.2,111.3,111.15,111.3,5329,0
2016-11-22 11:08:00,NMDC,111.3,111.4,111.3,111.4,9518,0
2016-11-22 11:09:00,NMDC,111.3,111.45,111.2,111.4,5596,0
2016-11-22 11:10:00,NMDC,111.2,111.35,111.2,111.35,1925,0
2016-11-22 11:11:00,NMDC,111.25,111.3,111.1,111.1,10965,0
2016-11-22 11:12:00,NMDC,111.1,111.1,111.0,111.05,12012,0
2016-11-22 11:13:00,NMDC,111.15,111.4,111.15,111.25,9476,0
2016-11-22 11:14:00,NMDC,111.25,111.4,111.25,111.4,1806,0
2016-11-22 11:15:00,NMDC,111.4,111.45,111.3,111.45,7689,0
2016-11-22 11:16:00,NMDC,111.5,111.5,111.4,111.5,1533,0
2016-11-22 11:17:00,NMDC,111.5,111.6,111.45,111.6,15386,0
2016-11-22 11:18:00,NMDC,111.6,111.8,111.5,111.7,12841,0
2016-11-22 11:19:00,NMDC,111.65,111.9,111.65,111.9,14322,0
2016-11-22 11:20:00,NMDC,111.8,111.9,111.6,111.6,12577,0
2016-11-22 11:21:00,NMDC,111.55,111.65,111.55,111.6,1608,0
2016-11-22 11:22:00,NMDC,111.6,111.7,111.6,111.6,2752,0
2016-11-22 11:23:00,NMDC,111.7,111.8,111.7,111.8,3855,0
2016-11-22 11:24:00,NMDC,111.7,111.7,111.5,111.5,4999,0
2016-11-22 11:25:00,NMDC,111.5,111.5,111.4,111.4,3353,0
2016-11-22 11:26:00,NMDC,111.4,111.5,111.35,111.4,8952,0
2016-11-22 11:27:00,NMDC,111.4,111.45,111.35,111.4,4008,0
2016-11-22 11:28:00,NMDC,111.35,111.35,111.2,111.3,8510,0
2016-11-22 11:29:00,NMDC,111.2,111.3,111.0,111.2,9227,0
2016-11-22 11:30:00,NMDC,111.05,111.25,111.05,111.2,4525,0
2016-11-22 11:31:00,NMDC,111.15,111.3,111.05,111.3,5476,0
2016-11-22 11:32:00,NMDC,111.25,111.3,111.25,111.3,1667,0
2016-11-22 11:33:00,NMDC,111.3,111.4,111.25,111.4,9351,0
2016-11-22 11:34:00,NMDC,111.4,111.4,111.3,111.4,2321,0
2016-11-22 11:35:00,NMDC,111.4,111.4,111.35,111.35,2300,0
2016-11-22 11:36:00,NMDC,111.35,111.45,111.3,111.45,5607,0
2016-11-22 11:37:00,NMDC,111.45,111.45,111.35,111.35,1815,0
2016-11-22 11:38:00,NMDC,111.4,111.4,111.25,111.3,5223,0
2016-11-22 11:39:00,NMDC,111.25,111.4,111.15,111.15,10149,0
2016-11-22 11:40:00,NMDC,111.1,111.2,111.0,111.1,13270,0
2016-11-22 11:41:00,NMDC,111.1,111.2,111.0,111.15,7176,0
2016-11-22 11:42:00,NMDC,111.1,111.2,111.0,111.15,5848,0
2016-11-22 11:43:00,NMDC,111.15,111.2,111.0,111.05,3271,0
2016-11-22 11:44:00,NMDC,111.15,111.2,111.05,111.15,1352,0
2016-11-22 11:45:00,NMDC,111.05,111.2,111.05,111.2,10620,0
2016-11-22 11:46:00,NMDC,111.15,111.35,111.1,111.3,8337,0
2016-11-22 11:47:00,NMDC,111.4,111.4,111.3,111.4,3102,0
2016-11-22 11:48:00,NMDC,111.35,111.4,111.25,111.4,5287,0
2016-11-22 11:49:00,NMDC,111.25,111.4,111.2,111.35,2094,0
2016-11-22 11:50:00,NMDC,111.25,111.35,111.2,111.2,12299,0
2016-11-22 11:51:00,NMDC,111.15,111.35,111.1,111.25,6908,0
2016-11-22 11:52:00,NMDC,111.35,111.5,111.2,111.5,10295,0
2016-11-22 11:53:00,NMDC,111.5,111.5,111.4,111.45,4373,0
2016-11-22 11:54:00,NMDC,111.5,111.5,111.4,111.5,10905,0
2016-11-22 11:55:00,NMDC,111.45,111.5,111.35,111.4,11046,0
2016-11-22 11:56:00,NMDC,111.35,111.45,111.25,111.25,26511,0
2016-11-22 11:57:00,NMDC,111.3,111.45,111.25,111.4,12640,0
2016-11-22 11:58:00,NMDC,111.45,111.45,111.45,111.45,1149,0
2016-11-22 11:59:00,NMDC,111.4,111.45,111.3,111.4,2726,0
2016-11-22 12:00:00,NMDC,111.35,111.5,111.3,111.45,11479,0
2016-11-22 12:01:00,NMDC,111.5,111.5,111.4,111.45,4782,0
2016-11-22 12:02:00,NMDC,111.45,111.5,111.35,111.5,11083,0
2016-11-22 12:03:00,NMDC,111.4,111.5,111.4,111.45,4481,0
2016-11-22 12:04:00,NMDC,111.5,111.5,111.45,111.5,2812,0
2016-11-22 12:05:00,NMDC,111.45,111.5,111.45,111.5,2951,0
2016-11-22 12:06:00,NMDC,111.5,111.6,111.45,111.6,9406,0
2016-11-22 12:07:00,NMDC,111.5,111.55,111.45,111.55,3961,0
2016-11-22 12:08:00,NMDC,111.55,111.55,111.5,111.55,2216,0
2016-11-22 12:09:00,NMDC,111.55,111.6,111.5,111.6,5158,0
2016-11-22 12:10:00,NMDC,111.65,111.75,111.6,111.75,13931,0
2016-11-22 12:11:00,NMDC,111.65,111.75,111.6,111.7,3481,0
2016-11-22 12:12:00,NMDC,111.6,111.7,111.55,111.7,11036,0
2016-11-22 12:13:00,NMDC,111.65,111.7,111.55,111.7,3126,0
2016-11-22 12:14:00,NMDC,111.7,111.7,111.6,111.6,8472,0
2016-11-22 12:15:00,NMDC,111.6,111.65,111.55,111.6,2185,0
2016-11-22 12:16:00,NMDC,111.5,111.6,111.4,111.4,9214,0
2016-11-22 12:17:00,NMDC,111.4,111.45,111.3,111.3,1749,0
2016-11-22 12:18:00,NMDC,111.45,111.5,111.4,111.5,6459,0
2016-11-22 12:19:00,NMDC,111.5,111.5,111.35,111.35,3752,0
2016-11-22 12:20:00,NMDC,111.45,111.45,111.35,111.35,2400,0
2016-11-22 12:21:00,NMDC,111.4,111.4,111.0,111.0,11908,0
2016-11-22 12:22:00,NMDC,111.1,111.2,111.0,111.0,29054,0
2016-11-22 12:23:00,NMDC,111.0,111.2,110.95,111.15,8457,0
2016-11-22 12:24:00,NMDC,111.1,111.2,110.95,111.2,7320,0
2016-11-22 12:25:00,NMDC,111.2,111.2,111.05,111.2,1038,0
2016-11-22 12:26:00,NMDC,111.05,111.2,110.95,111.05,12399,0
2016-11-22 12:27:00,NMDC,111.15,111.4,111.15,111.4,15050,0
2016-11-22 12:28:00,NMDC,111.35,111.5,111.35,111.5,2985,0
2016-11-22 12:29:00,NMDC,111.35,111.55,111.35,111.4,12598,0
2016-11-22 12:30:00,NMDC,111.45,111.5,111.35,111.45,2780,0
2016-11-22 12:31:00,NMDC,111.35,111.5,111.35,111.45,2286,0
2016-11-22 12:32:00,NMDC,111.45,111.45,111.35,111.45,1448,0
2016-11-22 12:33:00,NMDC,111.45,111.45,111.3,111.45,1796,0
2016-11-22 12:34:00,NMDC,111.5,111.55,111.4,111.5,3849,0
2016-11-22 12:35:00,NMDC,111.5,111.55,111.5,111.5,2387,0
2016-11-22 12:36:00,NMDC,111.5,111.5,111.5,111.5,878,0
2016-11-22 12:37:00,NMDC,111.55,111.55,111.5,111.55,7153,0
2016-11-22 12:38:00,NMDC,111.55,111.55,111.5,111.55,3006,0
2016-11-22 12:39:00,NMDC,111.55,111.65,111.5,111.6,3569,0
2016-11-22 12:40:00,NMDC,111.55,111.6,111.5,111.6,4993,0
2016-11-22 12:41:00,NMDC,111.6,111.6,111.5,111.6,1738,0
2016-11-22 12:42:00,NMDC,111.6,111.65,111.5,111.65,6306,0
2016-11-22 12:43:00,NMDC,111.55,111.7,111.55,111.7,4347,0
2016-11-22 12:44:00,NMDC,111.7,111.75,111.6,111.7,16380,0
2016-11-22 12:45:00,NMDC,111.65,111.75,111.55,111.55,9726,0
2016-11-22 12:46:00,NMDC,111.65,111.75,111.6,111.65,4062,0
2016-11-22 12:47:00,NMDC,111.7,111.7,111.45,111.65,2050,0
2016-11-22 12:48:00,NMDC,111.6,111.65,111.5,111.65,1653,0
2016-11-22 12:49:00,NMDC,111.65,111.7,111.5,111.7,4027,0
2016-11-22 12:50:00,NMDC,111.7,111.7,111.65,111.7,1732,0
2016-11-22 12:51:00,NMDC,111.7,111.7,111.65,111.65,1769,0
2016-11-22 12:52:00,NMDC,111.65,111.7,111.55,111.55,1343,0
2016-11-22 12:53:00,NMDC,111.6,111.7,111.6,111.7,3239,0
2016-11-22 12:54:00,NMDC,111.7,111.8,111.7,111.8,10421,0
2016-11-22 12:55:00,NMDC,111.8,111.8,111.7,111.75,1670,0
2016-11-22 12:56:00,NMDC,111.75,111.8,111.7,111.8,2012,0
2016-11-22 12:57:00,NMDC,111.75,111.8,111.75,111.8,1229,0
2016-11-22 12:58:00,NMDC,111.8,112.2,111.75,112.2,39579,0
2016-11-22 12:59:00,NMDC,112.15,112.6,112.15,112.3,45523,0
2016-11-22 13:00:00,NMDC,112.35,112.35,112.1,112.2,10768,0
2016-11-22 13:01:00,NMDC,112.1,112.25,112.05,112.05,7408,0
2016-11-22 13:02:00,NMDC,112.3,112.4,112.25,112.4,13831,0
2016-11-22 13:03:00,NMDC,112.5,112.55,112.4,112.5,23085,0
2016-11-22 13:04:00,NMDC,112.4,112.5,112.4,112.4,3893,0
2016-11-22 13:05:00,NMDC,112.35,112.55,112.35,112.5,6991,0
2016-11-22 13:06:00,NMDC,112.5,112.55,112.45,112.55,8899,0
2016-11-22 13:07:00,NMDC,112.55,112.6,112.45,112.5,5268,0
2016-11-22 13:08:00,NMDC,112.6,112.85,112.6,112.75,25227,0
2016-11-22 13:09:00,NMDC,112.75,112.85,112.7,112.75,5493,0
2016-11-22 13:10:00,NMDC,112.85,112.85,112.7,112.7,8156,0
2016-11-22 13:11:00,NMDC,112.8,112.8,112.7,112.7,4573,0
2016-11-22 13:12:00,NMDC,112.7,112.75,112.6,112.7,8567,0
2016-11-22 13:13:00,NMDC,112.65,112.7,112.65,112.7,2333,0
2016-11-22 13:14:00,NMDC,112.7,112.7,112.45,112.45,13758,0
2016-11-22 13:15:00,NMDC,112.55,112.55,112.25,112.25,4380,0
2016-11-22 13:16:00,NMDC,112.25,112.45,112.25,112.45,6539,0
2016-11-22 13:17:00,NMDC,112.4,112.4,112.25,112.25,5919,0
2016-11-22 13:18:00,NMDC,112.3,112.3,112.2,112.25,4223,0
2016-11-22 13:19:00,NMDC,112.35,112.45,112.25,112.35,4402,0
2016-11-22 13:20:00,NMDC,112.25,112.3,112.25,112.3,811,0
2016-11-22 13:21:00,NMDC,112.3,112.3,112.2,112.25,2497,0
2016-11-22 13:22:00,NMDC,112.2,112.2,112.1,112.1,3420,0
2016-11-22 13:23:00,NMDC,112.15,112.2,112.0,112.2,10106,0
2016-11-22 13:24:00,NMDC,112.2,112.2,112.0,112.0,9733,0
2016-11-22 13:25:00,NMDC,112.0,112.2,112.0,112.1,7027,0
2016-11-22 13:26:00,NMDC,112.15,112.25,112.15,112.2,4575,0
2016-11-22 13:27:00,NMDC,112.2,112.25,112.2,112.25,230,0
2016-11-22 13:28:00,NMDC,112.3,112.35,112.25,112.25,3715,0
2016-11-22 13:29:00,NMDC,112.35,112.4,112.3,112.4,2580,0
2016-11-22 13:30:00,NMDC,112.3,112.3,112.3,112.3,300,0
2016-11-22 13:31:00,NMDC,112.3,112.5,112.3,112.5,4274,0
2016-11-22 13:32:00,NMDC,112.5,112.5,112.4,112.45,1603,0
2016-11-22 13:33:00,NMDC,112.45,112.5,112.4,112.4,3029,0
2016-11-22 13:34:00,NMDC,112.4,112.5,112.4,112.5,5233,0
2016-11-22 13:35:00,NMDC,112.45,112.5,112.45,112.5,4197,0
2016-11-22 13:36:00,NMDC,112.5,112.55,112.3,112.5,25656,0
2016-11-22 13:37:00,NMDC,112.5,112.55,112.45,112.5,3109,0
2016-11-22 13:38:00,NMDC,112.5,112.5,112.2,112.45,8509,0
2016-11-22 13:39:00,NMDC,112.45,112.7,112.45,112.7,4858,0
2016-11-22 13:40:00,NMDC,112.65,112.7,112.6,112.7,3320,0
2016-11-22 13:41:00,NMDC,112.65,112.7,112.65,112.7,1598,0
2016-11-22 13:42:00,NMDC,112.6,112.65,112.6,112.6,1320,0
2016-11-22 13:43:00,NMDC,112.65,112.7,112.65,112.7,4576,0
2016-11-22 13:44:00,NMDC,112.7,112.8,112.65,112.8,2078,0
2016-11-22 13:45:00,NMDC,112.7,112.8,112.7,112.75,2730,0
2016-11-22 13:46:00,NMDC,112.8,113.2,112.75,113.05,33022,0
2016-11-22 13:47:00,NMDC,113.0,113.05,112.85,112.95,10443,0
2016-11-22 13:48:00,NMDC,112.9,113.3,112.9,113.3,31906,0
2016-11-22 13:49:00,NMDC,113.3,113.45,113.25,113.35,20573,0
2016-11-22 13:50:00,NMDC,113.4,113.45,113.0,113.15,18125,0
2016-11-22 13:51:00,NMDC,113.15,113.35,113.0,113.0,21299,0
2016-11-22 13:52:00,NMDC,113.1,113.1,112.95,113.1,9120,0
2016-11-22 13:53:00,NMDC,113.0,113.1,112.95,113.0,4564,0
2016-11-22 13:54:00,NMDC,113.0,113.1,113.0,113.1,7035,0
2016-11-22 13:55:00,NMDC,113.1,113.1,112.95,113.05,10665,0
2016-11-22 13:56:00,NMDC,113.05,113.15,112.95,113.15,6083,0
2016-11-22 13:57:00,NMDC,113.2,113.2,113.1,113.1,2244,0
2016-11-22 13:58:00,NMDC,113.1,113.2,113.1,113.2,1393,0
2016-11-22 13:59:00,NMDC,113.2,113.25,113.2,113.2,9711,0
2016-11-22 14:00:00,NMDC,113.15,113.4,113.15,113.4,5341,0
2016-11-22 14:01:00,NMDC,113.35,113.65,113.25,113.55,23913,0
2016-11-22 14:02:00,NMDC,113.55,113.55,113.35,113.45,9867,0
2016-11-22 14:03:00,NMDC,113.4,113.6,113.35,113.4,31598,0
2016-11-22 14:04:00,NMDC,113.4,113.45,113.35,113.4,11402,0
2016-11-22 14:05:00,NMDC,113.4,113.45,113.3,113.45,10907,0
2016-11-22 14:06:00,NMDC,113.4,113.4,113.25,113.4,4983,0
2016-11-22 14:07:00,NMDC,113.3,113.4,113.3,113.3,3364,0
2016-11-22 14:08:00,NMDC,113.3,113.35,113.2,113.3,5923,0
2016-11-22 14:09:00,NMDC,113.25,113.25,113.15,113.2,3407,0
2016-11-22 14:10:00,NMDC,113.25,113.25,113.1,113.15,2628,0
2016-11-22 14:11:00,NMDC,113.15,113.35,113.15,113.35,7238,0
2016-11-22 14:12:00,NMDC,113.3,113.5,113.3,113.4,3003,0
2016-11-22 14:13:00,NMDC,113.45,113.7,113.4,113.6,16072,0
2016-11-22 14:14:00,NMDC,113.65,113.65,113.45,113.55,13076,0
2016-11-22 14:15:00,NMDC,113.55,113.65,113.5,113.55,6093,0
2016-11-22 14:16:00,NMDC,113.6,113.65,113.6,113.6,11429,0
2016-11-22 14:17:00,NMDC,113.6,113.65,113.5,113.6,14053,0
2016-11-22 14:18:00,NMDC,113.5,113.6,113.25,113.4,7693,0
2016-11-22 14:19:00,NMDC,113.4,113.45,113.1,113.2,21957,0
2016-11-22 14:20:00,NMDC,113.25,113.4,113.2,113.25,6319,0
2016-11-22 14:21:00,NMDC,113.2,113.4,113.2,113.35,15825,0
2016-11-22 14:22:00,NMDC,113.45,113.55,113.35,113.55,3000,0
2016-11-22 14:23:00,NMDC,113.6,113.6,113.5,113.5,6411,0
2016-11-22 14:24:00,NMDC,113.6,113.6,113.5,113.6,14362,0
2016-11-22 14:25:00,NMDC,113.65,113.75,113.6,113.75,12213,0
2016-11-22 14:26:00,NMDC,113.75,113.9,113.7,113.9,31704,0
2016-11-22 14:27:00,NMDC,113.8,113.95,113.7,113.95,33063,0
2016-11-22 14:28:00,NMDC,113.9,114.05,113.9,114.0,25598,0
2016-11-22 14:29:00,NMDC,113.95,114.0,113.75,113.95,36963,0
2016-11-22 14:30:00,NMDC,113.95,114.05,113.7,113.85,14900,0
2016-11-22 14:31:00,NMDC,113.85,113.85,113.75,113.85,11299,0
2016-11-22 14:32:00,NMDC,113.8,113.9,113.75,113.75,14101,0
2016-11-22 14:33:00,NMDC,113.8,114.0,113.65,113.9,12173,0
2016-11-22 14:34:00,NMDC,113.95,113.95,113.6,113.6,4644,0
2016-11-22 14:35:00,NMDC,113.75,114.0,113.7,114.0,5810,0
2016-11-22 14:36:00,NMDC,114.0,114.0,113.8,113.8,10983,0
2016-11-22 14:37:00,NMDC,113.9,113.95,113.7,113.75,6708,0
2016-11-22 14:38:00,NMDC,113.8,113.8,113.55,113.65,11651,0
2016-11-22 14:39:00,NMDC,113.75,113.75,113.6,113.65,5733,0
2016-11-22 14:40:00,NMDC,113.75,113.9,113.65,113.9,5528,0
2016-11-22 14:41:00,NMDC,113.9,113.95,113.75,113.9,9046,0
2016-11-22 14:42:00,NMDC,113.9,113.9,113.6,113.8,17678,0
2016-11-22 14:43:00,NMDC,113.7,113.9,113.65,113.8,6201,0
2016-11-22 14:44:00,NMDC,113.75,113.8,113.65,113.65,17497,0
2016-11-22 14:45:00,NMDC,113.8,113.85,113.7,113.75,4546,0
2016-11-22 14:46:00,NMDC,113.85,113.85,113.6,113.6,6201,0
2016-11-22 14:47:00,NMDC,113.7,113.9,113.7,113.75,13911,0
2016-11-22 14:48:00,NMDC,113.9,113.95,113.8,113.85,4024,0
2016-11-22 14:49:00,NMDC,113.85,113.85,113.75,113.85,9531,0
2016-11-22 14:50:00,NMDC,113.85,113.85,113.75,113.85,8637,0
2016-11-22 14:51:00,NMDC,113.85,113.85,113.75,113.85,7211,0
2016-11-22 14:52:00,NMDC,113.85,113.85,113.75,113.85,7095,0
2016-11-22 14:53:00,NMDC,113.8,113.85,113.75,113.8,11010,0
2016-11-22 14:54:00,NMDC,113.8,114.0,113.8,114.0,18694,0
2016-11-22 14:55:00,NMDC,114.0,114.0,113.9,113.9,14150,0
2016-11-22 14:56:00,NMDC,114.0,114.0,113.75,113.9,5723,0
2016-11-22 14:57:00,NMDC,113.9,113.95,113.7,113.9,10080,0
2016-11-22 14:58:00,NMDC,113.95,113.95,113.8,113.9,8806,0
2016-11-22 14:59:00,NMDC,113.9,114.0,113.9,114.0,5838,0
2016-11-22 15:00:00,NMDC,114.0,114.0,113.9,113.95,11094,0
2016-11-22 15:01:00,NMDC,113.95,113.95,113.6,113.65,18988,0
2016-11-22 15:02:00,NMDC,113.65,113.7,113.35,113.45,28849,0
2016-11-22 15:03:00,NMDC,113.45,113.45,113.25,113.35,12187,0
2016-11-22 15:04:00,NMDC,113.35,113.4,113.25,113.3,14463,0
2016-11-22 15:05:00,NMDC,113.35,113.6,113.15,113.5,24763,0
2016-11-22 15:06:00,NMDC,113.5,113.75,113.5,113.6,15480,0
2016-11-22 15:07:00,NMDC,113.6,113.6,113.35,113.4,10725,0
2016-11-22 15:08:00,NMDC,113.4,113.6,113.35,113.6,9565,0
2016-11-22 15:09:00,NMDC,113.7,113.95,113.6,113.85,14870,0
2016-11-22 15:10:00,NMDC,113.85,114.0,113.7,113.75,17008,0
2016-11-22 15:11:00,NMDC,113.8,113.85,113.65,113.75,13614,0
2016-11-22 15:12:00,NMDC,113.75,114.0,113.65,114.0,27311,0
2016-11-22 15:13:00,NMDC,114.0,114.1,113.75,113.9,57208,0
2016-11-22 15:14:00,NMDC,113.95,114.0,113.85,113.95,14516,0
2016-11-22 15:15:00,NMDC,114.0,114.1,113.9,114.0,37369,0
2016-11-22 15:16:00,NMDC,114.0,114.05,113.8,114.05,23478,0
2016-11-22 15:17:00,NMDC,114.0,114.0,113.8,114.0,14643,0
2016-11-22 15:18:00,NMDC,114.0,114.0,113.7,113.8,24051,0
2016-11-22 15:19:00,NMDC,113.85,114.2,113.8,113.8,54577,0
2016-11-22 15:20:00,NMDC,114.0,114.2,113.9,114.0,61551,0
2016-11-22 15:21:00,NMDC,113.95,114.2,113.85,113.9,48821,0
2016-11-22 15:22:00,NMDC,113.95,114.05,113.9,114.0,32036,0
2016-11-22 15:23:00,NMDC,114.0,114.15,113.9,113.95,56173,0
2016-11-22 15:24:00,NMDC,114.0,114.0,113.85,113.95,14460,0
2016-11-22 15:25:00,NMDC,113.9,114.0,113.8,113.8,29833,0
2016-11-22 15:26:00,NMDC,113.9,114.0,113.9,114.0,10275,0
2016-11-22 15:27:00,NMDC,114.0,114.0,113.9,114.0,15047,0
2016-11-22 15:28:00,NMDC,113.9,114.0,113.85,114.0,8422,0
2016-11-22 15:29:00,NMDC,114.0,114.0,113.8,114.0,25734,0
2016-11-22 15:30:00,NMDC,114.0,114.0,113.25,113.25,153232,0
2016-11-22 15:41:00,NMDC,113.8,113.8,113.8,113.8,7,0
2016-11-22 15:42:00,NMDC,113.8,113.8,113.8,113.8,3,0
2016-11-22 15:45:00,NMDC,113.8,113.8,113.8,113.8,100,0
2016-11-22 15:46:00,NMDC,113.8,113.8,113.8,113.8,2,0
2016-11-22 15:49:00,NMDC,113.8,113.8,113.8,113.8,61,0
2016-11-22 15:51:00,NMDC,113.25,113.8,113.25,113.25,5,0
2016-11-22 15:52:00,NMDC,113.8,113.8,113.8,113.8,1000,0
2016-11-22 15:55:00,NMDC,113.8,113.8,113.8,113.8,1655,0
2016-11-22 16:36:00,NMDC,113.8,113.8,113.8,113.8,1,0
2016-11-23 09:08:00,NMDC,116.2,116.2,116.2,116.2,27077,0
2016-11-23 09:16:00,NMDC,116.2,116.45,115.0,115.65,105857,0
2016-11-23 09:17:00,NMDC,115.6,115.8,115.5,115.75,64505,0
2016-11-23 09:18:00,NMDC,115.65,115.65,115.2,115.4,57197,0
2016-11-23 09:19:00,NMDC,115.4,115.7,115.3,115.35,39574,0
2016-11-23 09:20:00,NMDC,115.5,115.6,115.3,115.6,31170,0
2016-11-23 09:21:00,NMDC,115.4,115.4,115.1,115.15,26267,0
2016-11-23 09:22:00,NMDC,115.15,115.45,115.15,115.3,56464,0
2016-11-23 09:23:00,NMDC,115.35,115.4,115.1,115.25,36316,0
2016-11-23 09:24:00,NMDC,115.3,115.45,114.9,115.0,75157,0
2016-11-23 09:25:00,NMDC,115.0,115.0,114.85,115.0,59730,0
2016-11-23 09:26:00,NMDC,115.0,115.0,114.65,114.85,39667,0
2016-11-23 09:27:00,NMDC,114.85,114.9,114.75,114.85,30103,0
2016-11-23 09:28:00,NMDC,114.75,115.0,114.75,114.95,48341,0
2016-11-23 09:29:00,NMDC,114.9,115.0,114.9,115.0,141078,0
2016-11-23 09:30:00,NMDC,115.0,115.45,114.95,115.45,30163,0
2016-11-23 09:31:00,NMDC,115.5,116.1,115.5,116.0,156402,0
2016-11-23 09:32:00,NMDC,116.0,116.15,115.8,115.9,109554,0
2016-11-23 09:33:00,NMDC,115.85,116.0,115.85,115.9,70655,0
2016-11-23 09:34:00,NMDC,115.95,116.0,115.75,115.75,34829,0
2016-11-23 09:35:00,NMDC,115.8,115.95,115.75,115.85,40226,0
2016-11-23 09:36:00,NMDC,115.8,115.95,115.7,115.85,30532,0
2016-11-23 09:37:00,NMDC,115.85,116.0,115.8,116.0,36138,0
2016-11-23 09:38:00,NMDC,116.0,116.1,115.9,116.05,56774,0
2016-11-23 09:39:00,NMDC,116.05,116.3,115.6,115.9,158496,0
2016-11-23 09:40:00,NMDC,115.9,115.95,115.7,115.85,49568,0
2016-11-23 09:41:00,NMDC,115.85,115.85,115.5,115.6,28330,0
2016-11-23 09:42:00,NMDC,115.65,115.65,115.6,115.6,16282,0
2016-11-23 09:43:00,NMDC,115.7,115.75,115.6,115.65,14699,0
2016-11-23 09:44:00,NMDC,115.7,115.8,115.65,115.7,10376,0
2016-11-23 09:45:00,NMDC,115.7,115.8,115.65,115.65,10465,0
2016-11-23 09:46:00,NMDC,115.65,115.7,115.65,115.7,14091,0
2016-11-23 09:47:00,NMDC,115.8,115.85,115.7,115.85,9962,0
2016-11-23 09:48:00,NMDC,115.8,116.05,115.8,115.9,17226,0
2016-11-23 09:49:00,NMDC,115.85,115.85,115.65,115.7,18844,0
2016-11-23 09:50:00,NMDC,115.7,115.7,115.15,115.2,48350,0
2016-11-23 09:51:00,NMDC,115.25,115.3,115.0,115.1,35330,0
2016-11-23 09:52:00,NMDC,115.05,115.25,115.0,115.1,22434,0
2016-11-23 09:53:00,NMDC,115.15,115.2,114.85,114.9,49615,0
2016-11-23 09:54:00,NMDC,114.9,115.0,114.5,114.95,79534,0
2016-11-23 09:55:00,NMDC,114.9,114.95,114.55,114.9,54908,0
2016-11-23 09:56:00,NMDC,114.95,115.1,114.9,114.95,50612,0
2016-11-23 09:57:00,NMDC,114.95,115.0,114.9,114.95,6020,0
2016-11-23 09:58:00,NMDC,114.95,115.0,114.85,114.9,30590,0
2016-11-23 09:59:00,NMDC,114.8,114.85,113.95,114.2,108843,0
2016-11-23 10:00:00,NMDC,114.25,114.5,114.1,114.5,30865,0
2016-11-23 10:01:00,NMDC,114.5,114.8,114.35,114.7,24514,0
2016-11-23 10:02:00,NMDC,114.65,114.7,114.45,114.65,24467,0
2016-11-23 10:03:00,NMDC,114.65,114.75,114.65,114.65,8455,0
2016-11-23 10:04:00,NMDC,114.75,115.05,114.75,115.05,29832,0
2016-11-23 10:05:00,NMDC,115.05,115.2,115.05,115.1,33742,0
2016-11-23 10:06:00,NMDC,115.0,115.2,114.9,115.2,22566,0
2016-11-23 10:07:00,NMDC,115.15,115.4,115.15,115.35,49867,0
2016-11-23 10:08:00,NMDC,115.35,115.35,115.2,115.25,15868,0
2016-11-23 10:09:00,NMDC,115.25,115.45,115.25,115.4,25419,0
2016-11-23 10:10:00,NMDC,115.4,115.45,115.35,115.45,7593,0
2016-11-23 10:11:00,NMDC,115.4,115.5,115.25,115.25,35690,0
2016-11-23 10:12:00,NMDC,115.3,115.3,115.05,115.1,14878,0
2016-11-23 10:13:00,NMDC,115.1,115.1,115.0,115.1,4247,0
2016-11-23 10:14:00,NMDC,115.05,115.1,114.4,114.5,52554,0
2016-11-23 10:15:00,NMDC,114.55,114.75,114.5,114.65,8352,0
2016-11-23 10:16:00,NMDC,114.75,114.75,114.6,114.75,10444,0
2016-11-23 10:17:00,NMDC,114.65,114.75,114.6,114.65,13769,0
2016-11-23 10:18:00,NMDC,114.7,114.75,114.45,114.65,16559,0
2016-11-23 10:19:00,NMDC,114.75,114.75,114.55,114.75,18689,0
2016-11-23 10:20:00,NMDC,114.75,114.8,114.6,114.7,4597,0
2016-11-23 10:21:00,NMDC,114.75,114.8,114.65,114.75,14302,0
2016-11-23 10:22:00,NMDC,114.8,114.95,114.75,114.9,14917,0
2016-11-23 10:23:00,NMDC,114.95,114.95,114.8,114.85,14046,0
2016-11-23 10:24:00,NMDC,114.85,114.9,114.8,114.8,6755,0
2016-11-23 10:25:00,NMDC,114.8,115.05,114.75,115.0,31016,0
2016-11-23 10:26:00,NMDC,114.9,115.3,114.9,115.3,24102,0
2016-11-23 10:27:00,NMDC,115.3,115.35,115.2,115.2,24249,0
2016-11-23 10:28:00,NMDC,115.2,115.25,115.05,115.15,19042,0
2016-11-23 10:29:00,NMDC,115.05,115.15,115.0,115.1,15563,0
2016-11-23 10:30:00,NMDC,115.15,115.2,115.1,115.2,1987,0
2016-11-23 10:31:00,NMDC,115.2,115.2,115.05,115.05,8621,0
2016-11-23 10:32:00,NMDC,115.15,115.2,115.15,115.15,2489,0
2016-11-23 10:33:00,NMDC,115.1,115.25,115.1,115.25,17678,0
2016-11-23 10:34:00,NMDC,115.15,115.2,115.1,115.1,3174,0
2016-11-23 10:35:00,NMDC,115.1,115.2,115.05,115.1,3456,0
2016-11-23 10:36:00,NMDC,115.05,115.2,115.05,115.05,15380,0
2016-11-23 10:37:00,NMDC,115.05,115.1,115.0,115.05,9445,0
2016-11-23 10:38:00,NMDC,115.05,115.2,115.05,115.15,3739,0
2016-11-23 10:39:00,NMDC,115.2,115.25,115.2,115.25,5926,0
2016-11-23 10:40:00,NMDC,115.2,115.2,115.15,115.2,3861,0
2016-11-23 10:41:00,NMDC,115.25,115.25,115.15,115.25,7967,0
2016-11-23 10:42:00,NMDC,115.15,115.3,115.15,115.25,14243,0
2016-11-23 10:43:00,NMDC,115.2,115.2,114.9,115.0,77160,0
2016-11-23 10:44:00,NMDC,115.0,115.15,114.95,115.15,7279,0
2016-11-23 10:45:00,NMDC,115.05,115.25,115.05,115.15,6429,0
2016-11-23 10:46:00,NMDC,115.25,115.35,115.25,115.3,6673,0
2016-11-23 10:47:00,NMDC,115.3,115.3,115.25,115.25,3175,0
2016-11-23 10:48:00,NMDC,115.25,115.35,115.2,115.35,18442,0
2016-11-23 10:49:00,NMDC,115.3,115.35,115.15,115.2,10892,0
2016-11-23 10:50:00,NMDC,115.2,115.3,115.15,115.3,13032,0
2016-11-23 10:51:00,NMDC,115.25,115.35,115.2,115.35,17550,0
2016-11-23 10:52:00,NMDC,115.4,115.45,115.35,115.4,6869,0
2016-11-23 10:53:00,NMDC,115.4,115.4,115.2,115.3,24074,0
2016-11-23 10:54:00,NMDC,115.4,115.45,115.3,115.35,12167,0
2016-11-23 10:55:00,NMDC,115.3,115.45,115.3,115.45,15395,0
2016-11-23 10:56:00,NMDC,115.45,115.45,115.3,115.3,9824,0
2016-11-23 10:57:00,NMDC,115.4,115.55,115.35,115.55,9124,0
2016-11-23 10:58:00,NMDC,115.55,115.65,115.45,115.65,6686,0
2016-11-23 10:59:00,NMDC,115.6,115.8,115.6,115.8,38566,0
2016-11-23 11:00:00,NMDC,115.8,115.85,115.75,115.8,22227,0
2016-11-23 11:01:00,NMDC,115.8,115.9,115.75,115.85,25698,0
2016-11-23 11:02:00,NMDC,115.85,115.9,115.75,115.9,23329,0
2016-11-23 11:03:00,NMDC,115.85,116.1,115.85,115.9,53537,0
2016-11-23 11:04:00,NMDC,115.95,115.95,115.85,115.9,16267,0
2016-11-23 11:05:00,NMDC,115.85,115.85,115.6,115.7,33869,0
2016-11-23 11:06:00,NMDC,115.7,115.8,115.35,115.35,68103,0
2016-11-23 11:07:00,NMDC,115.45,115.5,115.2,115.45,18554,0
2016-11-23 11:08:00,NMDC,115.45,115.5,115.45,115.45,9544,0
2016-11-23 11:09:00,NMDC,115.5,115.5,115.4,115.4,9176,0
2016-11-23 11:10:00,NMDC,115.45,115.5,115.35,115.35,11707,0
2016-11-23 11:11:00,NMDC,115.4,115.55,115.35,115.5,9224,0
2016-11-23 11:12:00,NMDC,115.5,115.5,115.4,115.45,978,0
2016-11-23 11:13:00,NMDC,115.45,115.45,115.35,115.45,2435,0
2016-11-23 11:14:00,NMDC,115.45,115.45,115.3,115.3,17192,0
2016-11-23 11:15:00,NMDC,115.3,115.4,115.3,115.4,2939,0
2016-11-23 11:16:00,NMDC,115.4,115.5,115.35,115.5,12201,0
2016-11-23 11:17:00,NMDC,115.55,115.6,115.55,115.6,2019,0
2016-11-23 11:18:00,NMDC,115.6,115.65,115.6,115.65,10333,0
2016-11-23 11:19:00,NMDC,115.6,115.65,115.55,115.6,3338,0
2016-11-23 11:20:00,NMDC,115.55,115.65,115.5,115.6,12852,0
2016-11-23 11:21:00,NMDC,115.7,115.7,115.5,115.5,21482,0
2016-11-23 11:22:00,NMDC,115.5,115.7,115.5,115.55,9187,0
2016-11-23 11:23:00,NMDC,115.6,115.7,115.55,115.55,14307,0
2016-11-23 11:24:00,NMDC,115.6,115.65,115.55,115.55,2551,0
2016-11-23 11:25:00,NMDC,115.6,115.6,115.35,115.45,22168,0
2016-11-23 11:26:00,NMDC,115.4,115.5,115.4,115.5,8799,0
2016-11-23 11:27:00,NMDC,115.4,115.5,115.35,115.5,3620,0
2016-11-23 11:28:00,NMDC,115.5,115.5,115.45,115.5,21210,0
2016-11-23 11:29:00,NMDC,115.5,115.5,115.35,115.5,5071,0
2016-11-23 11:30:00,NMDC,115.45,115.5,115.45,115.45,9274,0
2016-11-23 11:31:00,NMDC,115.4,115.5,115.4,115.5,12276,0
2016-11-23 11:32:00,NMDC,115.5,115.5,115.4,115.45,10145,0
2016-11-23 11:33:00,NMDC,115.45,115.5,115.4,115.4,17909,0
2016-11-23 11:34:00,NMDC,115.4,115.5,115.4,115.5,38343,0
2016-11-23 11:35:00,NMDC,115.45,115.5,115.45,115.5,16726,0
2016-11-23 11:36:00,NMDC,115.5,115.5,115.4,115.5,9316,0
2016-11-23 11:37:00,NMDC,115.5,115.5,115.45,115.5,20591,0
2016-11-23 11:38:00,NMDC,115.45,115.5,115.45,115.5,4134,0
2016-11-23 11:39:00,NMDC,115.5,115.5,115.45,115.45,14502,0
2016-11-23 11:40:00,NMDC,115.5,115.5,115.45,115.5,8382,0
2016-11-23 11:41:00,NMDC,115.45,115.5,115.45,115.5,9640,0
2016-11-23 11:42:00,NMDC,115.5,115.5,115.45,115.45,7212,0
2016-11-23 11:43:00,NMDC,115.45,115.5,115.45,115.5,28811,0
2016-11-23 11:44:00,NMDC,115.5,115.5,115.45,115.5,13568,0
2016-11-23 11:45:00,NMDC,115.5,115.5,115.4,115.4,17540,0
2016-11-23 11:46:00,NMDC,115.45,115.7,115.4,115.45,177214,0
2016-11-23 11:47:00,NMDC,115.45,115.75,115.4,115.65,155752,0
2016-11-23 11:48:00,NMDC,115.65,115.75,115.6,115.75,20209,0
2016-11-23 11:49:00,NMDC,115.75,115.75,115.6,115.7,18862,0
2016-11-23 11:50:00,NMDC,115.7,115.7,115.6,115.6,1008,0
2016-11-23 11:51:00,NMDC,115.6,115.6,115.55,115.6,9929,0
2016-11-23 11:52:00,NMDC,115.6,115.6,115.55,115.6,6607,0
2016-11-23 11:53:00,NMDC,115.55,115.55,115.45,115.55,4540,0
2016-11-23 11:54:00,NMDC,115.5,115.55,115.45,115.55,3156,0
2016-11-23 11:55:00,NMDC,115.55,115.6,115.5,115.55,2900,0
2016-11-23 11:56:00,NMDC,115.5,115.6,115.5,115.5,11553,0
2016-11-23 11:57:00,NMDC,115.5,115.6,115.45,115.55,7748,0
2016-11-23 11:58:00,NMDC,115.5,115.6,115.5,115.6,7598,0
2016-11-23 11:59:00,NMDC,115.6,115.65,115.55,115.65,9055,0
2016-11-23 12:00:00,NMDC,115.65,115.65,115.55,115.6,14097,0
2016-11-23 12:01:00,NMDC,115.6,115.65,115.55,115.65,16762,0
2016-11-23 12:02:00,NMDC,115.65,115.7,115.6,115.7,27151,0
2016-11-23 12:03:00,NMDC,115.7,115.7,115.65,115.7,2778,0
2016-11-23 12:04:00,NMDC,115.7,115.85,115.65,115.75,21858,0
2016-11-23 12:05:00,NMDC,115.8,115.8,115.7,115.8,3919,0
2016-11-23 12:06:00,NMDC,115.75,115.8,115.7,115.7,16429,0
2016-11-23 12:07:00,NMDC,115.75,115.75,115.65,115.75,1647,0
2016-11-23 12:08:00,NMDC,115.7,115.7,115.6,115.65,9567,0
2016-11-23 12:09:00,NMDC,115.65,115.65,115.55,115.55,9828,0
2016-11-23 12:10:00,NMDC,115.55,115.55,115.45,115.5,19134,0
2016-11-23 12:11:00,NMDC,115.5,115.6,115.5,115.55,19922,0
2016-11-23 12:12:00,NMDC,115.55,115.6,115.45,115.45,3923,0
2016-11-23 12:13:00,NMDC,115.5,115.5,115.45,115.45,8258,0
2016-11-23 12:14:00,NMDC,115.5,115.5,115.35,115.35,22527,0
2016-11-23 12:15:00,NMDC,115.5,115.55,115.4,115.55,3710,0
2016-11-23 12:16:00,NMDC,115.55,115.55,115.5,115.55,9141,0
2016-11-23 12:17:00,NMDC,115.55,115.7,115.55,115.55,8972,0
2016-11-23 12:18:00,NMDC,115.5,115.5,115.4,115.5,20684,0
2016-11-23 12:19:00,NMDC,115.5,115.5,115.35,115.4,7117,0
2016-11-23 12:20:00,NMDC,115.35,115.4,115.25,115.4,2289,0
2016-11-23 12:21:00,NMDC,115.35,115.35,115.1,115.1,13135,0
2016-11-23 12:22:00,NMDC,115.1,115.15,114.9,115.15,9497,0
2016-11-23 12:23:00,NMDC,115.15,115.15,115.05,115.1,4493,0
2016-11-23 12:24:00,NMDC,115.1,115.45,115.1,115.3,20400,0
2016-11-23 12:25:00,NMDC,115.35,115.4,115.25,115.3,4200,0
2016-11-23 12:26:00,NMDC,115.35,115.45,115.35,115.45,5943,0
2016-11-23 12:27:00,NMDC,115.45,115.45,115.3,115.4,1997,0
2016-11-23 12:28:00,NMDC,115.35,115.4,115.3,115.3,1398,0
2016-11-23 12:29:00,NMDC,115.35,115.4,115.3,115.3,4747,0
2016-11-23 12:30:00,NMDC,115.4,115.45,115.35,115.4,9225,0
2016-11-23 12:31:00,NMDC,115.5,115.5,115.45,115.45,24967,0
2016-11-23 12:32:00,NMDC,115.5,115.5,115.35,115.5,7038,0
2016-11-23 12:33:00,NMDC,115.45,115.5,115.45,115.5,6102,0
2016-11-23 12:34:00,NMDC,115.5,115.5,115.45,115.5,6373,0
2016-11-23 12:35:00,NMDC,115.5,115.5,115.4,115.4,4343,0
2016-11-23 12:36:00,NMDC,115.45,115.55,115.45,115.5,47199,0
2016-11-23 12:37:00,NMDC,115.5,115.5,115.45,115.5,13558,0
2016-11-23 12:38:00,NMDC,115.5,115.5,115.5,115.5,782,0
2016-11-23 12:39:00,NMDC,115.5,115.5,115.45,115.5,1403,0
2016-11-23 12:40:00,NMDC,115.5,115.5,115.45,115.45,12601,0
2016-11-23 12:41:00,NMDC,115.5,115.5,115.45,115.5,20132,0
2016-11-23 12:42:00,NMDC,115.5,115.5,115.45,115.5,1628,0
2016-11-23 12:43:00,NMDC,115.5,115.5,115.45,115.5,7603,0
2016-11-23 12:44:00,NMDC,115.5,115.5,115.45,115.45,6868,0
2016-11-23 12:45:00,NMDC,115.5,115.5,115.4,115.4,13908,0
2016-11-23 12:46:00,NMDC,115.4,115.45,115.35,115.35,13820,0
2016-11-23 12:47:00,NMDC,115.35,115.45,115.3,115.4,8910,0
2016-11-23 12:48:00,NMDC,115.35,115.45,115.3,115.3,3239,0
2016-11-23 12:49:00,NMDC,115.35,115.5,115.35,115.4,9499,0
2016-11-23 12:50:00,NMDC,115.4,115.5,115.4,115.5,1322,0
2016-11-23 12:51:00,NMDC,115.5,115.5,115.4,115.4,3140,0
2016-11-23 12:52:00,NMDC,115.45,115.45,115.4,115.45,1476,0
2016-11-23 12:53:00,NMDC,115.45,115.5,115.4,115.4,12499,0
2016-11-23 12:54:00,NMDC,115.4,115.45,115.4,115.45,2169,0
2016-11-23 12:55:00,NMDC,115.45,115.45,115.4,115.45,1676,0
2016-11-23 12:56:00,NMDC,115.45,115.5,115.4,115.5,1150,0
2016-11-23 12:57:00,NMDC,115.5,115.55,115.5,115.55,5990,0
2016-11-23 12:58:00,NMDC,115.55,115.55,115.45,115.55,8922,0
2016-11-23 12:59:00,NMDC,115.45,115.55,115.45,115.55,2165,0
2016-11-23 13:00:00,NMDC,115.55,115.6,115.5,115.5,10261,0
2016-11-23 13:01:00,NMDC,115.4,115.5,115.4,115.45,6437,0
2016-11-23 13:02:00,NMDC,115.4,115.5,115.4,115.5,3639,0
2016-11-23 13:03:00,NMDC,115.45,115.5,115.4,115.45,1852,0
2016-11-23 13:04:00,NMDC,115.45,115.45,115.4,115.45,4144,0
2016-11-23 13:05:00,NMDC,115.45,115.45,115.35,115.4,8699,0
2016-11-23 13:06:00,NMDC,115.4,115.4,115.35,115.4,1047,0
2016-11-23 13:07:00,NMDC,115.4,115.4,115.35,115.4,1818,0
2016-11-23 13:08:00,NMDC,115.4,115.45,115.35,115.45,2920,0
2016-11-23 13:09:00,NMDC,115.45,115.45,115.4,115.45,3818,0
2016-11-23 13:10:00,NMDC,115.45,115.45,115.4,115.4,3550,0
2016-11-23 13:11:00,NMDC,115.45,115.45,115.4,115.45,866,0
2016-11-23 13:12:00,NMDC,115.45,115.45,115.3,115.3,34078,0
2016-11-23 13:13:00,NMDC,115.35,115.35,115.25,115.25,10802,0
2016-11-23 13:14:00,NMDC,115.3,115.35,115.25,115.35,2106,0
2016-11-23 13:15:00,NMDC,115.35,115.35,115.2,115.2,3969,0
2016-11-23 13:16:00,NMDC,115.3,115.3,115.3,115.3,1198,0
2016-11-23 13:17:00,NMDC,115.3,115.45,115.25,115.45,10150,0
2016-11-23 13:18:00,NMDC,115.45,115.45,115.25,115.25,16412,0
2016-11-23 13:19:00,NMDC,115.3,115.3,115.25,115.25,5295,0
2016-11-23 13:20:00,NMDC,115.3,115.3,115.25,115.3,3094,0
2016-11-23 13:21:00,NMDC,115.3,115.35,115.3,115.35,2898,0
2016-11-23 13:22:00,NMDC,115.35,115.4,115.3,115.3,3762,0
2016-11-23 13:23:00,NMDC,115.3,115.4,115.25,115.35,3982,0
2016-11-23 13:24:00,NMDC,115.4,115.45,115.3,115.4,1284,0
2016-11-23 13:25:00,NMDC,115.4,115.45,115.35,115.45,1083,0
2016-11-23 13:26:00,NMDC,115.45,115.6,115.45,115.6,11788,0
2016-11-23 13:27:00,NMDC,115.5,115.55,115.5,115.55,1598,0
2016-11-23 13:28:00,NMDC,115.5,115.6,115.5,115.6,3115,0
2016-11-23 13:29:00,NMDC,115.6,115.6,115.5,115.6,7129,0
2016-11-23 13:30:00,NMDC,115.6,115.6,115.55,115.6,753,0
2016-11-23 13:31:00,NMDC,115.55,115.55,115.4,115.45,6071,0
2016-11-23 13:32:00,NMDC,115.45,115.45,115.4,115.45,2246,0
2016-11-23 13:33:00,NMDC,115.45,115.6,115.4,115.6,15033,0
2016-11-23 13:34:00,NMDC,115.6,115.6,115.5,115.55,1635,0
2016-11-23 13:35:00,NMDC,115.5,115.6,115.5,115.55,8599,0
2016-11-23 13:36:00,NMDC,115.5,115.55,115.5,115.55,3969,0
2016-11-23 13:37:00,NMDC,115.55,115.6,115.5,115.55,4796,0
2016-11-23 13:38:00,NMDC,115.55,115.6,115.55,115.6,17708,0
2016-11-23 13:39:00,NMDC,115.6,115.6,115.5,115.6,7560,0
2016-11-23 13:40:00,NMDC,115.55,115.7,115.55,115.7,16177,0
2016-11-23 13:41:00,NMDC,115.7,115.7,115.6,115.7,12840,0
2016-11-23 13:42:00,NMDC,115.7,115.8,115.7,115.75,11230,0
2016-11-23 13:43:00,NMDC,115.75,115.8,115.7,115.7,3580,0
2016-11-23 13:44:00,NMDC,115.8,115.8,115.6,115.6,23295,0
2016-11-23 13:45:00,NMDC,115.55,115.7,115.55,115.6,18473,0
2016-11-23 13:46:00,NMDC,115.7,115.7,115.6,115.65,13249,0
2016-11-23 13:47:00,NMDC,115.7,115.7,115.6,115.6,3466,0
2016-11-23 13:48:00,NMDC,115.55,115.6,115.55,115.55,9629,0
2016-11-23 13:49:00,NMDC,115.6,115.6,115.55,115.6,3782,0
2016-11-23 13:50:00,NMDC,115.6,115.6,115.5,115.6,3603,0
2016-11-23 13:51:00,NMDC,115.6,115.6,115.55,115.6,1947,0
2016-11-23 13:52:00,NMDC,115.55,115.6,115.5,115.6,16093,0
2016-11-23 13:53:00,NMDC,115.55,115.6,115.55,115.6,7753,0
2016-11-23 13:54:00,NMDC,115.55,115.6,115.5,115.6,11200,0
2016-11-23 13:55:00,NMDC,115.6,115.6,115.4,115.55,18968,0
2016-11-23 13:56:00,NMDC,115.4,115.5,115.4,115.4,1833,0
2016-11-23 13:57:00,NMDC,115.45,115.5,115.4,115.45,11230,0
2016-11-23 13:58:00,NMDC,115.5,115.55,115.45,115.55,8813,0
2016-11-23 13:59:00,NMDC,115.5,115.6,115.5,115.6,7990,0
2016-11-23 14:00:00,NMDC,115.6,115.6,115.55,115.6,22693,0
2016-11-23 14:01:00,NMDC,115.6,115.65,115.6,115.65,2601,0
2016-11-23 14:02:00,NMDC,115.6,115.65,115.55,115.55,13231,0
2016-11-23 14:03:00,NMDC,115.55,115.6,115.5,115.5,15677,0
2016-11-23 14:04:00,NMDC,115.5,115.6,115.5,115.6,10047,0
2016-11-23 14:05:00,NMDC,115.6,115.6,115.5,115.6,4878,0
2016-11-23 14:06:00,NMDC,115.55,115.6,115.5,115.5,5726,0
2016-11-23 14:07:00,NMDC,115.6,115.6,115.5,115.55,9436,0
2016-11-23 14:08:00,NMDC,115.6,115.6,115.4,115.4,13301,0
2016-11-23 14:09:00,NMDC,115.45,115.45,115.4,115.4,6100,0
2016-11-23 14:10:00,NMDC,115.5,115.5,115.4,115.4,6844,0
2016-11-23 14:11:00,NMDC,115.45,115.45,115.4,115.45,8212,0
2016-11-23 14:12:00,NMDC,115.45,115.55,115.35,115.45,21219,0
2016-11-23 14:13:00,NMDC,115.5,115.5,115.35,115.4,14511,0
2016-11-23 14:14:00,NMDC,115.35,115.4,115.25,115.4,37635,0
2016-11-23 14:15:00,NMDC,115.4,115.4,114.9,114.9,52090,0
2016-11-23 14:16:00,NMDC,114.9,115.0,114.75,114.9,23906,0
2016-11-23 14:17:00,NMDC,114.95,115.0,114.85,114.95,14269,0
2016-11-23 14:18:00,NMDC,114.9,115.0,114.75,114.95,19965,0
2016-11-23 14:19:00,NMDC,114.9,115.0,114.9,114.95,8011,0
2016-11-23 14:20:00,NMDC,114.9,115.05,114.9,115.0,24398,0
2016-11-23 14:21:00,NMDC,115.05,115.1,115.0,115.1,1902,0
2016-11-23 14:22:00,NMDC,115.1,115.1,114.95,115.0,16483,0
2016-11-23 14:23:00,NMDC,115.0,115.05,115.0,115.05,10663,0
2016-11-23 14:24:00,NMDC,115.0,115.15,114.95,115.15,26775,0
2016-11-23 14:25:00,NMDC,115.1,115.15,115.05,115.05,5873,0
2016-11-23 14:26:00,NMDC,115.1,115.4,115.1,115.35,29827,0
2016-11-23 14:27:00,NMDC,115.4,115.4,115.35,115.4,15172,0
2016-11-23 14:28:00,NMDC,115.45,115.45,115.25,115.25,14661,0
2016-11-23 14:29:00,NMDC,115.3,115.35,115.25,115.35,5889,0
2016-11-23 14:30:00,NMDC,115.4,115.45,115.3,115.3,21533,0
2016-11-23 14:31:00,NMDC,115.35,115.4,115.3,115.35,3559,0
2016-11-23 14:32:00,NMDC,115.3,115.35,115.25,115.25,10178,0
2016-11-23 14:33:00,NMDC,115.25,115.3,115.2,115.25,1252,0
2016-11-23 14:34:00,NMDC,115.3,115.3,115.2,115.25,7051,0
2016-11-23 14:35:00,NMDC,115.2,115.25,115.1,115.15,20715,0
2016-11-23 14:36:00,NMDC,115.15,115.25,115.15,115.2,7055,0
2016-11-23 14:37:00,NMDC,115.2,115.25,115.1,115.15,25564,0
2016-11-23 14:38:00,NMDC,115.15,115.3,115.15,115.15,21820,0
2016-11-23 14:39:00,NMDC,115.15,115.2,115.1,115.15,12721,0
2016-11-23 14:40:00,NMDC,115.1,115.2,115.05,115.1,27938,0
2016-11-23 14:41:00,NMDC,115.2,115.25,115.1,115.25,24365,0
2016-11-23 14:42:00,NMDC,115.2,115.3,115.2,115.3,6115,0
2016-11-23 14:43:00,NMDC,115.3,115.3,115.25,115.3,12010,0
2016-11-23 14:44:00,NMDC,115.25,115.4,115.2,115.35,9266,0
2016-11-23 14:45:00,NMDC,115.35,115.35,115.25,115.3,4732,0
2016-11-23 14:46:00,NMDC,115.3,115.4,115.25,115.4,10505,0
2016-11-23 14:47:00,NMDC,115.35,115.5,115.35,115.5,50663,0
2016-11-23 14:48:00,NMDC,115.6,115.65,115.4,115.45,33281,0
2016-11-23 14:49:00,NMDC,115.45,115.55,115.4,115.55,14776,0
2016-11-23 14:50:00,NMDC,115.55,115.55,115.35,115.55,40800,0
2016-11-23 14:51:00,NMDC,115.45,115.5,115.2,115.35,54071,0
2016-11-23 14:52:00,NMDC,115.35,115.4,115.15,115.25,16401,0
2016-11-23 14:53:00,NMDC,115.25,115.45,115.25,115.4,6424,0
2016-11-23 14:54:00,NMDC,115.25,115.4,115.25,115.3,3777,0
2016-11-23 14:55:00,NMDC,115.4,115.4,115.25,115.3,10571,0
2016-11-23 14:56:00,NMDC,115.35,115.35,115.2,115.2,13261,0
2016-11-23 14:57:00,NMDC,115.25,115.3,115.2,115.2,6852,0
2016-11-23 14:58:00,NMDC,115.3,115.3,115.2,115.25,12047,0
2016-11-23 14:59:00,NMDC,115.25,115.4,115.2,115.25,15281,0
2016-11-23 15:00:00,NMDC,115.25,115.25,115.1,115.1,11544,0
2016-11-23 15:01:00,NMDC,115.1,115.15,115.05,115.1,6564,0
2016-11-23 15:02:00,NMDC,115.1,115.1,114.95,115.0,22636,0
2016-11-23 15:03:00,NMDC,114.95,115.2,114.9,115.2,19954,0
2016-11-23 15:04:00,NMDC,115.05,115.2,115.05,115.05,9140,0
2016-11-23 15:05:00,NMDC,115.1,115.2,115.05,115.1,12088,0
2016-11-23 15:06:00,NMDC,115.05,115.2,115.0,115.0,35080,0
2016-11-23 15:07:00,NMDC,115.0,115.0,114.9,115.0,24681,0
2016-11-23 15:08:00,NMDC,114.9,115.0,114.9,115.0,41046,0
2016-11-23 15:09:00,NMDC,115.0,115.0,114.95,115.0,8912,0
2016-11-23 15:10:00,NMDC,115.0,115.0,114.95,114.95,11930,0
2016-11-23 15:11:00,NMDC,114.95,115.0,114.9,114.95,14486,0
2016-11-23 15:12:00,NMDC,114.95,115.0,114.85,115.0,34528,0
2016-11-23 15:13:00,NMDC,115.0,115.0,114.9,114.9,32960,0
2016-11-23 15:14:00,NMDC,114.85,115.0,114.85,115.0,9540,0
2016-11-23 15:15:00,NMDC,115.0,115.0,114.9,114.95,22030,0
2016-11-23 15:16:00,NMDC,114.95,115.0,114.85,114.9,54701,0
2016-11-23 15:17:00,NMDC,115.0,115.0,114.85,115.0,39794,0
2016-11-23 15:18:00,NMDC,115.0,115.0,114.9,115.0,31484,0
2016-11-23 15:19:00,NMDC,114.95,115.0,114.95,114.95,42540,0
2016-11-23 15:20:00,NMDC,115.0,115.0,114.95,114.95,20166,0
2016-11-23 15:21:00,NMDC,114.95,115.0,114.9,115.0,32150,0
2016-11-23 15:22:00,NMDC,115.0,115.0,114.85,114.9,16249,0
2016-11-23 15:23:00,NMDC,114.85,115.0,114.85,115.0,22948,0
2016-11-23 15:24:00,NMDC,115.0,115.0,114.95,114.95,30537,0
2016-11-23 15:25:00,NMDC,114.95,115.0,114.95,114.95,21583,0
2016-11-23 15:26:00,NMDC,115.0,115.0,114.9,115.0,82911,0
2016-11-23 15:27:00,NMDC,115.0,115.0,114.95,115.0,38055,0
2016-11-23 15:28:00,NMDC,115.0,115.0,114.9,114.9,45059,0
2016-11-23 15:29:00,NMDC,114.9,115.0,114.9,115.0,41661,0
2016-11-23 15:30:00,NMDC,114.95,114.95,114.65,114.7,21744,0
2016-11-23 15:31:00,NMDC,114.8,114.8,114.8,114.8,99,0
2016-11-23 15:41:00,NMDC,114.95,114.95,114.95,114.95,574,0
2016-11-23 15:42:00,NMDC,114.95,114.95,114.8,114.8,215,0
2016-11-23 15:43:00,NMDC,114.95,114.95,114.95,114.95,425,0
2016-11-23 15:44:00,NMDC,114.95,114.95,114.95,114.95,5,0
2016-11-23 15:45:00,NMDC,114.95,114.95,114.95,114.95,60,0
2016-11-23 15:46:00,NMDC,114.95,114.95,114.95,114.95,100,0
2016-11-23 15:47:00,NMDC,114.95,114.95,114.95,114.95,300,0
2016-11-23 15:49:00,NMDC,114.95,114.95,114.95,114.95,50,0
2016-11-23 15:54:00,NMDC,114.95,114.95,114.95,114.95,1000,0
2016-11-23 15:56:00,NMDC,114.95,114.95,114.95,114.95,500,0
2016-11-23 15:57:00,NMDC,114.8,114.8,114.8,114.8,500,0
2016-11-23 16:36:00,NMDC,114.95,114.95,114.95,114.95,1,0
2016-11-24 09:08:00,NMDC,115.0,115.0,115.0,115.0,3812,0
2016-11-24 09:16:00,NMDC,115.85,116.4,115.25,115.35,38808,0
2016-11-24 09:17:00,NMDC,115.25,115.9,115.1,115.75,45692,0
2016-11-24 09:18:00,NMDC,115.85,116.0,115.55,115.55,24051,0
2016-11-24 09:19:00,NMDC,115.6,116.0,115.6,115.75,24235,0
2016-11-24 09:20:00,NMDC,115.9,116.2,115.8,116.1,33441,0
2016-11-24 09:21:00,NMDC,116.1,117.0,116.1,117.0,75038,0
2016-11-24 09:22:00,NMDC,117.0,117.0,116.6,116.8,88345,0
2016-11-24 09:23:00,NMDC,116.75,116.85,116.55,116.65,42660,0
2016-11-24 09:24:00,NMDC,116.7,117.0,116.6,117.0,84722,0
2016-11-24 09:25:00,NMDC,116.9,117.0,116.8,116.95,34054,0
2016-11-24 09:26:00,NMDC,116.95,117.1,116.85,117.0,93850,0
2016-11-24 09:27:00,NMDC,117.05,117.3,117.0,117.2,63348,0
2016-11-24 09:28:00,NMDC,117.3,117.4,117.15,117.35,49781,0
2016-11-24 09:29:00,NMDC,117.3,117.35,117.15,117.3,28824,0
2016-11-24 09:30:00,NMDC,117.3,117.75,117.2,117.7,49030,0
2016-11-24 09:31:00,NMDC,117.8,117.85,117.7,117.8,41038,0
2016-11-24 09:32:00,NMDC,117.8,117.9,117.7,117.8,45427,0
2016-11-24 09:33:00,NMDC,117.75,117.8,117.5,117.75,27297,0
2016-11-24 09:34:00,NMDC,117.7,117.7,117.35,117.35,31167,0
2016-11-24 09:35:00,NMDC,117.3,117.4,117.05,117.1,38908,0
2016-11-24 09:36:00,NMDC,117.05,117.2,117.0,117.1,31946,0
2016-11-24 09:37:00,NMDC,117.15,117.15,116.9,117.1,12725,0
2016-11-24 09:38:00,NMDC,117.1,117.5,117.0,117.45,25642,0
2016-11-24 09:39:00,NMDC,117.3,117.5,117.15,117.3,18109,0
2016-11-24 09:40:00,NMDC,117.25,117.35,117.15,117.3,9933,0
2016-11-24 09:41:00,NMDC,117.2,117.3,117.2,117.3,3620,0
2016-11-24 09:42:00,NMDC,117.25,117.45,117.2,117.4,12788,0
2016-11-24 09:43:00,NMDC,117.4,117.6,117.3,117.3,59579,0
2016-11-24 09:44:00,NMDC,117.25,117.55,117.25,117.5,33867,0
2016-11-24 09:45:00,NMDC,117.5,117.9,117.5,117.9,46274,0
2016-11-24 09:46:00,NMDC,117.85,117.85,117.6,117.8,26590,0
2016-11-24 09:47:00,NMDC,117.7,117.75,117.5,117.55,12280,0
2016-11-24 09:48:00,NMDC,117.55,117.7,117.55,117.7,5218,0
2016-11-24 09:49:00,NMDC,117.7,117.75,117.55,117.55,5520,0
2016-11-24 09:50:00,NMDC,117.6,117.6,117.4,117.45,36431,0
2016-11-24 09:51:00,NMDC,117.45,117.6,117.4,117.5,5411,0
2016-11-24 09:52:00,NMDC,117.5,117.65,117.45,117.5,11940,0
2016-11-24 09:53:00,NMDC,117.6,117.7,117.5,117.65,27689,0
2016-11-24 09:54:00,NMDC,117.65,117.7,117.5,117.7,29347,0
2016-11-24 09:55:00,NMDC,117.65,117.65,117.5,117.65,5294,0
2016-11-24 09:56:00,NMDC,117.65,117.7,117.6,117.7,8939,0
2016-11-24 09:57:00,NMDC,117.65,117.8,117.65,117.8,44155,0
2016-11-24 09:58:00,NMDC,117.7,117.9,117.7,117.85,38202,0
2016-11-24 09:59:00,NMDC,117.9,117.9,117.7,117.7,7203,0
2016-11-24 10:00:00,NMDC,117.7,117.7,117.45,117.6,29324,0
2016-11-24 10:01:00,NMDC,117.6,117.8,117.6,117.8,10190,0
2016-11-24 10:02:00,NMDC,117.8,117.8,117.65,117.8,23550,0
2016-11-24 10:03:00,NMDC,117.75,117.85,117.6,117.65,26002,0
2016-11-24 10:04:00,NMDC,117.6,117.65,117.55,117.65,3837,0
2016-11-24 10:05:00,NMDC,117.65,117.65,117.5,117.65,5735,0
2016-11-24 10:06:00,NMDC,117.6,117.6,117.2,117.25,47032,0
2016-11-24 10:07:00,NMDC,117.3,117.4,117.15,117.4,19962,0
2016-11-24 10:08:00,NMDC,117.4,117.45,117.25,117.45,17837,0
2016-11-24 10:09:00,NMDC,117.45,117.55,117.4,117.5,4019,0
2016-11-24 10:10:00,NMDC,117.4,117.5,117.4,117.5,6203,0
2016-11-24 10:11:00,NMDC,117.55,117.55,117.45,117.5,3621,0
2016-11-24 10:12:00,NMDC,117.5,117.7,117.4,117.65,94757,0
2016-11-24 10:13:00,NMDC,117.65,117.8,117.55,117.8,37889,0
2016-11-24 10:14:00,NMDC,117.65,117.8,117.55,117.55,17483,0
2016-11-24 10:15:00,NMDC,117.6,117.6,117.3,117.35,54556,0
2016-11-24 10:16:00,NMDC,117.35,117.5,117.3,117.45,12303,0
2016-11-24 10:17:00,NMDC,117.45,117.5,117.4,117.5,23847,0
2016-11-24 10:18:00,NMDC,117.45,117.5,117.45,117.5,5440,0
2016-11-24 10:19:00,NMDC,117.5,117.5,117.4,117.5,6929,0
2016-11-24 10:20:00,NMDC,117.45,117.65,117.4,117.55,27848,0
2016-11-24 10:21:00,NMDC,117.55,117.75,117.55,117.7,32393,0
2016-11-24 10:22:00,NMDC,117.6,117.7,117.55,117.7,1146,0
2016-11-24 10:23:00,NMDC,117.65,117.7,117.55,117.55,2886,0
2016-11-24 10:24:00,NMDC,117.6,117.7,117.6,117.7,6885,0
2016-11-24 10:25:00,NMDC,117.7,117.7,117.5,117.6,7125,0
2016-11-24 10:26:00,NMDC,117.55,117.6,117.55,117.55,3007,0
2016-11-24 10:27:00,NMDC,117.5,117.6,117.4,117.5,9593,0
2016-11-24 10:28:00,NMDC,117.4,117.45,117.35,117.45,12554,0
2016-11-24 10:29:00,NMDC,117.45,117.5,117.35,117.35,12312,0
2016-11-24 10:30:00,NMDC,117.45,117.45,117.35,117.4,1007,0
2016-11-24 10:31:00,NMDC,117.35,117.5,117.35,117.4,926,0
2016-11-24 10:32:00,NMDC,117.5,117.5,117.4,117.5,5513,0
2016-11-24 10:33:00,NMDC,117.5,117.5,117.4,117.5,555,0
2016-11-24 10:34:00,NMDC,117.5,117.55,117.45,117.55,6069,0
2016-11-24 10:35:00,NMDC,117.5,117.5,117.35,117.35,9860,0
2016-11-24 10:36:00,NMDC,117.35,117.4,117.1,117.1,20921,0
2016-11-24 10:37:00,NMDC,117.1,117.15,116.85,116.85,44582,0
2016-11-24 10:38:00,NMDC,116.85,117.0,116.75,116.85,32183,0
2016-11-24 10:39:00,NMDC,116.8,117.0,116.8,117.0,18344,0
2016-11-24 10:40:00,NMDC,117.0,117.0,116.85,116.85,4176,0
2016-11-24 10:41:00,NMDC,116.85,116.85,116.55,116.65,25872,0
2016-11-24 10:42:00,NMDC,116.7,116.9,116.65,116.7,37718,0
2016-11-24 10:43:00,NMDC,116.65,116.85,116.55,116.8,18887,0
2016-11-24 10:44:00,NMDC,116.7,116.9,116.7,116.8,4230,0
2016-11-24 10:45:00,NMDC,116.8,116.95,116.8,116.95,4843,0
2016-11-24 10:46:00,NMDC,116.95,117.0,116.9,116.95,9301,0
2016-11-24 10:47:00,NMDC,116.95,117.0,116.8,117.0,14058,0
2016-11-24 10:48:00,NMDC,117.0,117.0,116.95,116.95,2885,0
2016-11-24 10:49:00,NMDC,116.95,117.0,116.95,117.0,3911,0
2016-11-24 10:50:00,NMDC,117.0,117.0,116.95,117.0,4105,0
2016-11-24 10:51:00,NMDC,116.95,117.05,116.9,117.05,17973,0
2016-11-24 10:52:00,NMDC,117.0,117.15,117.0,117.0,11993,0
2016-11-24 10:53:00,NMDC,117.0,117.0,116.95,116.95,2385,0
2016-11-24 10:54:00,NMDC,117.0,117.0,116.95,117.0,2475,0
2016-11-24 10:55:00,NMDC,116.9,116.95,116.85,116.95,20012,0
2016-11-24 10:56:00,NMDC,116.9,116.95,116.8,116.9,13236,0
2016-11-24 10:57:00,NMDC,116.9,116.9,116.8,116.85,6562,0
2016-11-24 10:58:00,NMDC,116.85,116.95,116.8,116.9,1702,0
2016-11-24 10:59:00,NMDC,116.9,116.95,116.9,116.9,1620,0
2016-11-24 11:00:00,NMDC,116.95,116.95,116.9,116.95,1437,0
2016-11-24 11:01:00,NMDC,116.95,117.0,116.9,116.9,10005,0
2016-11-24 11:02:00,NMDC,116.95,117.0,116.9,117.0,4491,0
2016-11-24 11:03:00,NMDC,117.0,117.1,117.0,117.1,2984,0
2016-11-24 11:04:00,NMDC,117.1,117.1,117.0,117.1,658,0
2016-11-24 11:05:00,NMDC,117.1,117.3,117.1,117.3,5253,0
2016-11-24 11:06:00,NMDC,117.35,117.45,117.25,117.45,11830,0
2016-11-24 11:07:00,NMDC,117.4,117.45,117.4,117.4,1708,0
2016-11-24 11:08:00,NMDC,117.45,117.5,117.45,117.45,11552,0
2016-11-24 11:09:00,NMDC,117.45,117.5,117.4,117.5,9644,0
2016-11-24 11:10:00,NMDC,117.5,117.5,117.45,117.45,5872,0
2016-11-24 11:11:00,NMDC,117.45,117.45,117.2,117.25,17922,0
2016-11-24 11:12:00,NMDC,117.2,117.25,117.2,117.25,2565,0
2016-11-24 11:13:00,NMDC,117.2,117.2,117.1,117.1,9427,0
2016-11-24 11:14:00,NMDC,117.15,117.15,117.1,117.15,2298,0
2016-11-24 11:15:00,NMDC,117.1,117.15,117.1,117.15,4027,0
2016-11-24 11:16:00,NMDC,117.15,117.15,117.05,117.1,2521,0
2016-11-24 11:17:00,NMDC,117.1,117.15,117.05,117.1,4107,0
2016-11-24 11:18:00,NMDC,117.2,117.25,117.15,117.25,4028,0
2016-11-24 11:19:00,NMDC,117.25,117.3,117.25,117.3,2454,0
2016-11-24 11:20:00,NMDC,117.3,117.35,117.25,117.35,3445,0
2016-11-24 11:21:00,NMDC,117.35,117.35,117.25,117.25,1190,0
2016-11-24 11:22:00,NMDC,117.25,117.3,117.15,117.15,6583,0
2016-11-24 11:23:00,NMDC,117.25,117.25,117.2,117.2,1525,0
2016-11-24 11:24:00,NMDC,117.2,117.25,117.2,117.25,2572,0
2016-11-24 11:25:00,NMDC,117.3,117.3,117.2,117.2,508,0
2016-11-24 11:26:00,NMDC,117.2,117.3,117.2,117.3,5095,0
2016-11-24 11:27:00,NMDC,117.3,117.3,117.25,117.3,2415,0
2016-11-24 11:28:00,NMDC,117.25,117.35,117.25,117.3,1026,0
2016-11-24 11:29:00,NMDC,117.35,117.35,117.25,117.3,2327,0
2016-11-24 11:30:00,NMDC,117.3,117.4,117.25,117.35,3981,0
2016-11-24 11:31:00,NMDC,117.35,117.35,117.3,117.3,878,0
2016-11-24 11:32:00,NMDC,117.35,117.4,117.3,117.3,3198,0
2016-11-24 11:33:00,NMDC,117.4,117.45,117.35,117.45,9377,0
2016-11-24 11:34:00,NMDC,117.4,117.45,117.35,117.35,6822,0
2016-11-24 11:35:00,NMDC,117.4,117.5,117.25,117.45,24703,0
2016-11-24 11:36:00,NMDC,117.4,117.6,117.35,117.6,31775,0
2016-11-24 11:37:00,NMDC,117.6,117.6,117.5,117.55,4033,0
2016-11-24 11:38:00,NMDC,117.5,117.55,117.4,117.5,4019,0
2016-11-24 11:39:00,NMDC,117.55,117.55,117.45,117.5,4345,0
2016-11-24 11:40:00,NMDC,117.45,117.55,117.45,117.5,1553,0
2016-11-24 11:41:00,NMDC,117.45,117.6,117.45,117.6,4146,0
2016-11-24 11:42:00,NMDC,117.6,117.65,117.6,117.6,20194,0
2016-11-24 11:43:00,NMDC,117.6,117.65,117.55,117.6,1457,0
2016-11-24 11:44:00,NMDC,117.6,117.65,117.55,117.65,7707,0
2016-11-24 11:45:00,NMDC,117.55,117.65,117.5,117.55,2047,0
2016-11-24 11:46:00,NMDC,117.65,117.65,117.6,117.65,15442,0
2016-11-24 11:47:00,NMDC,117.6,117.75,117.6,117.75,28783,0
2016-11-24 11:48:00,NMDC,117.75,117.75,117.7,117.7,3265,0
2016-11-24 11:49:00,NMDC,117.7,117.7,117.6,117.7,4541,0
2016-11-24 11:50:00,NMDC,117.7,117.8,117.65,117.8,34683,0
2016-11-24 11:51:00,NMDC,117.75,118.2,117.75,118.1,167157,0
2016-11-24 11:52:00,NMDC,118.15,118.35,118.1,118.3,22530,0
2016-11-24 11:53:00,NMDC,118.35,118.45,118.3,118.45,39937,0
2016-11-24 11:54:00,NMDC,118.45,118.45,118.3,118.35,18645,0
2016-11-24 11:55:00,NMDC,118.25,118.4,118.25,118.4,11880,0
2016-11-24 11:56:00,NMDC,118.25,118.35,118.1,118.1,23190,0
2016-11-24 11:57:00,NMDC,118.1,118.15,117.85,117.85,24905,0
2016-11-24 11:58:00,NMDC,117.85,118.0,117.85,118.0,33136,0
2016-11-24 11:59:00,NMDC,118.05,118.1,117.95,118.0,16429,0
2016-11-24 12:00:00,NMDC,118.1,118.15,118.0,118.15,4927,0
2016-11-24 12:01:00,NMDC,118.15,118.25,118.1,118.25,5591,0
2016-11-24 12:02:00,NMDC,118.15,118.25,118.15,118.25,1666,0
2016-11-24 12:03:00,NMDC,118.2,118.2,118.15,118.15,11862,0
2016-11-24 12:04:00,NMDC,118.15,118.15,117.9,118.0,19625,0
2016-11-24 12:05:00,NMDC,117.95,118.0,117.95,117.95,8499,0
2016-11-24 12:06:00,NMDC,117.95,118.15,117.9,118.15,26130,0
2016-11-24 12:07:00,NMDC,118.1,118.2,118.1,118.2,21240,0
2016-11-24 12:08:00,NMDC,118.2,118.2,118.1,118.1,35197,0
2016-11-24 12:09:00,NMDC,118.2,118.25,118.15,118.25,22980,0
2016-11-24 12:10:00,NMDC,118.2,118.25,118.2,118.2,20294,0
2016-11-24 12:11:00,NMDC,118.2,118.2,118.15,118.2,26316,0
2016-11-24 12:12:00,NMDC,118.2,118.25,118.15,118.25,21271,0
2016-11-24 12:13:00,NMDC,118.25,118.3,118.2,118.3,4443,0
2016-11-24 12:14:00,NMDC,118.25,118.35,118.25,118.35,6523,0
2016-11-24 12:15:00,NMDC,118.3,118.65,118.3,118.6,52713,0
2016-11-24 12:16:00,NMDC,118.6,118.6,118.4,118.4,22963,0
2016-11-24 12:17:00,NMDC,118.45,118.45,118.25,118.25,9171,0
2016-11-24 12:18:00,NMDC,118.2,118.25,118.15,118.2,27843,0
2016-11-24 12:19:00,NMDC,118.2,118.25,117.85,118.0,116022,0
2016-11-24 12:20:00,NMDC,118.0,118.0,117.95,118.0,8093,0
2016-11-24 12:21:00,NMDC,118.05,118.05,118.0,118.0,7050,0
2016-11-24 12:22:00,NMDC,118.0,118.0,117.9,117.95,5576,0
2016-11-24 12:23:00,NMDC,117.95,118.1,117.95,118.1,16111,0
2016-11-24 12:24:00,NMDC,118.1,118.25,118.0,118.25,20021,0
2016-11-24 12:25:00,NMDC,118.2,118.25,118.15,118.25,12059,0
2016-11-24 12:26:00,NMDC,118.25,118.4,118.25,118.4,26194,0
2016-11-24 12:27:00,NMDC,118.4,118.8,118.35,118.7,48121,0
2016-11-24 12:28:00,NMDC,118.75,118.8,118.6,118.7,21589,0
2016-11-24 12:29:00,NMDC,118.7,118.75,118.65,118.7,13895,0
2016-11-24 12:30:00,NMDC,118.7,118.75,118.65,118.75,6782,0
2016-11-24 12:31:00,NMDC,118.75,118.75,118.65,118.65,26041,0
2016-11-24 12:32:00,NMDC,118.65,118.8,118.65,118.75,60148,0
2016-11-24 12:33:00,NMDC,118.75,118.85,118.7,118.8,15566,0
2016-11-24 12:34:00,NMDC,118.8,118.8,118.7,118.7,14166,0
2016-11-24 12:35:00,NMDC,118.7,118.75,118.55,118.6,8463,0
2016-11-24 12:36:00,NMDC,118.6,118.6,118.3,118.4,16832,0
2016-11-24 12:37:00,NMDC,118.3,118.45,118.3,118.45,3582,0
2016-11-24 12:38:00,NMDC,118.45,118.45,118.35,118.4,6350,0
2016-11-24 12:39:00,NMDC,118.4,118.45,118.35,118.45,5383,0
2016-11-24 12:40:00,NMDC,118.45,118.45,118.35,118.45,4985,0
2016-11-24 12:41:00,NMDC,118.4,118.5,118.4,118.45,775,0
2016-11-24 12:42:00,NMDC,118.45,118.5,118.4,118.4,8636,0
2016-11-24 12:43:00,NMDC,118.45,118.5,118.4,118.45,5619,0
2016-11-24 12:44:00,NMDC,118.4,118.5,118.4,118.45,6355,0
2016-11-24 12:45:00,NMDC,118.4,118.45,118.35,118.45,4383,0
2016-11-24 12:46:00,NMDC,118.45,118.45,118.35,118.4,13059,0
2016-11-24 12:47:00,NMDC,118.4,118.4,118.35,118.35,5712,0
2016-11-24 12:48:00,NMDC,118.35,118.4,118.35,118.35,1505,0
2016-11-24 12:49:00,NMDC,118.4,118.45,118.4,118.45,12623,0
2016-11-24 12:50:00,NMDC,118.35,118.45,118.35,118.45,5596,0
2016-11-24 12:51:00,NMDC,118.45,118.5,118.3,118.4,6091,0
2016-11-24 12:52:00,NMDC,118.35,118.5,118.35,118.4,5916,0
2016-11-24 12:53:00,NMDC,118.35,118.35,118.2,118.2,11477,0
2016-11-24 12:54:00,NMDC,118.2,118.2,118.0,118.0,34475,0
2016-11-24 12:55:00,NMDC,117.95,118.0,117.85,118.0,21052,0
2016-11-24 12:56:00,NMDC,117.9,118.0,117.8,117.8,7572,0
2016-11-24 12:57:00,NMDC,117.8,118.0,117.8,118.0,15851,0
2016-11-24 12:58:00,NMDC,117.9,118.0,117.85,117.95,2730,0
2016-11-24 12:59:00,NMDC,117.85,117.9,117.75,117.8,15179,0
2016-11-24 13:00:00,NMDC,117.8,117.9,117.75,117.85,11672,0
2016-11-24 13:01:00,NMDC,117.85,117.9,117.75,117.9,4232,0
2016-11-24 13:02:00,NMDC,117.8,117.8,117.65,117.75,13398,0
2016-11-24 13:03:00,NMDC,117.85,117.9,117.8,117.9,3517,0
2016-11-24 13:04:00,NMDC,117.9,118.0,117.8,118.0,3772,0
2016-11-24 13:05:00,NMDC,118.0,118.05,118.0,118.05,5324,0
2016-11-24 13:06:00,NMDC,118.1,118.15,118.05,118.1,11406,0
2016-11-24 13:07:00,NMDC,118.1,118.15,118.0,118.05,9242,0
2016-11-24 13:08:00,NMDC,118.05,118.1,118.05,118.1,2158,0
2016-11-24 13:09:00,NMDC,118.1,118.25,117.9,118.0,59472,0
2016-11-24 13:10:00,NMDC,118.15,118.15,117.8,117.8,22317,0
2016-11-24 13:11:00,NMDC,117.8,117.8,117.4,117.45,33495,0
2016-11-24 13:12:00,NMDC,117.45,117.55,117.15,117.2,41485,0
2016-11-24 13:13:00,NMDC,117.2,117.2,116.7,117.0,85111,0
2016-11-24 13:14:00,NMDC,117.05,117.2,116.85,116.95,21022,0
2016-11-24 13:15:00,NMDC,117.0,117.05,116.75,116.85,22297,0
2016-11-24 13:16:00,NMDC,116.85,116.95,116.65,116.9,26986,0
2016-11-24 13:17:00,NMDC,116.8,117.05,116.8,117.05,30481,0
2016-11-24 13:18:00,NMDC,117.05,117.1,116.9,117.0,3327,0
2016-11-24 13:19:00,NMDC,116.9,117.0,116.8,116.8,17365,0
2016-11-24 13:20:00,NMDC,116.85,117.05,116.75,117.05,11043,0
2016-11-24 13:21:00,NMDC,117.05,117.15,117.0,117.15,5765,0
2016-11-24 13:22:00,NMDC,117.1,117.15,117.05,117.05,8849,0
2016-11-24 13:23:00,NMDC,117.1,117.6,117.1,117.35,26840,0
2016-11-24 13:24:00,NMDC,117.5,117.5,117.4,117.45,3714,0
2016-11-24 13:25:00,NMDC,117.4,117.4,117.35,117.35,2181,0
2016-11-24 13:26:00,NMDC,117.3,117.4,117.15,117.2,13755,0
2016-11-24 13:27:00,NMDC,117.2,117.2,117.1,117.15,3618,0
2016-11-24 13:28:00,NMDC,117.1,117.2,117.1,117.2,2538,0
2016-11-24 13:29:00,NMDC,117.15,117.25,117.15,117.25,23274,0
2016-11-24 13:30:00,NMDC,117.2,117.25,117.2,117.2,2613,0
2016-11-24 13:31:00,NMDC,117.25,117.35,117.25,117.35,7689,0
2016-11-24 13:32:00,NMDC,117.35,117.35,117.2,117.2,9077,0
2016-11-24 13:33:00,NMDC,117.25,117.35,117.2,117.3,6651,0
2016-11-24 13:34:00,NMDC,117.2,117.35,117.2,117.35,2353,0
2016-11-24 13:35:00,NMDC,117.35,117.5,117.35,117.5,6240,0
2016-11-24 13:36:00,NMDC,117.5,117.6,117.45,117.55,2724,0
2016-11-24 13:37:00,NMDC,117.6,117.6,117.5,117.55,6493,0
2016-11-24 13:38:00,NMDC,117.45,117.5,117.3,117.5,3219,0
2016-11-24 13:39:00,NMDC,117.5,117.55,117.35,117.55,11576,0
2016-11-24 13:40:00,NMDC,117.55,117.55,117.35,117.5,11695,0
2016-11-24 13:41:00,NMDC,117.4,117.8,117.4,117.8,15625,0
2016-11-24 13:42:00,NMDC,117.8,118.05,117.75,117.8,108681,0
2016-11-24 13:43:00,NMDC,117.85,118.0,117.8,117.9,10701,0
2016-11-24 13:44:00,NMDC,118.0,118.0,117.85,117.9,15066,0
2016-11-24 13:45:00,NMDC,117.95,117.95,117.85,117.85,2458,0
2016-11-24 13:46:00,NMDC,117.85,117.95,117.75,117.85,16673,0
2016-11-24 13:47:00,NMDC,117.85,117.85,117.65,117.65,10486,0
2016-11-24 13:48:00,NMDC,117.65,117.7,117.6,117.7,2751,0
2016-11-24 13:49:00,NMDC,117.65,117.65,117.5,117.55,6127,0
2016-11-24 13:50:00,NMDC,117.5,117.55,117.25,117.3,26276,0
2016-11-24 13:51:00,NMDC,117.3,117.35,117.25,117.35,2397,0
2016-11-24 13:52:00,NMDC,117.3,117.35,117.2,117.3,4808,0
2016-11-24 13:53:00,NMDC,117.35,117.35,117.2,117.25,2902,0
2016-11-24 13:54:00,NMDC,117.35,117.5,117.35,117.35,14501,0
2016-11-24 13:55:00,NMDC,117.4,117.4,116.75,116.95,48644,0
2016-11-24 13:56:00,NMDC,116.85,117.1,116.8,117.1,28109,0
2016-11-24 13:57:00,NMDC,117.15,117.2,116.7,116.7,54960,0
2016-11-24 13:58:00,NMDC,116.65,116.9,116.65,116.9,11836,0
2016-11-24 13:59:00,NMDC,116.9,117.1,116.9,117.05,20423,0
2016-11-24 14:00:00,NMDC,117.15,117.2,116.95,117.1,19737,0
2016-11-24 14:01:00,NMDC,117.0,117.0,116.65,116.8,35865,0
2016-11-24 14:02:00,NMDC,116.65,116.95,116.6,116.95,45216,0
2016-11-24 14:03:00,NMDC,116.8,117.25,116.8,117.15,64606,0
2016-11-24 14:04:00,NMDC,117.05,117.3,117.05,117.2,69801,0
2016-11-24 14:05:00,NMDC,117.2,117.45,117.2,117.45,34686,0
2016-11-24 14:06:00,NMDC,117.2,117.6,117.2,117.45,38066,0
2016-11-24 14:07:00,NMDC,117.4,117.55,117.4,117.5,10932,0
2016-11-24 14:08:00,NMDC,117.5,117.7,117.45,117.65,13102,0
2016-11-24 14:09:00,NMDC,117.65,117.9,117.65,117.9,56622,0
2016-11-24 14:10:00,NMDC,117.9,117.95,117.85,117.85,16721,0
2016-11-24 14:11:00,NMDC,117.8,117.85,117.8,117.85,4348,0
2016-11-24 14:12:00,NMDC,117.8,117.85,117.6,117.65,17952,0
2016-11-24 14:13:00,NMDC,117.6,117.7,117.4,117.4,21707,0
2016-11-24 14:14:00,NMDC,117.5,117.6,117.4,117.4,4788,0
2016-11-24 14:15:00,NMDC,117.45,117.65,117.45,117.65,3168,0
2016-11-24 14:16:00,NMDC,117.65,117.8,117.65,117.8,8079,0
2016-11-24 14:17:00,NMDC,117.8,118.2,117.8,118.05,26777,0
2016-11-24 14:18:00,NMDC,118.2,118.3,118.0,118.0,24319,0
2016-11-24 14:19:00,NMDC,118.0,118.15,118.0,118.0,12255,0
2016-11-24 14:20:00,NMDC,118.0,118.2,118.0,118.05,21184,0
2016-11-24 14:21:00,NMDC,118.05,118.25,118.05,118.25,40138,0
2016-11-24 14:22:00,NMDC,118.25,118.3,118.15,118.3,5367,0
2016-11-24 14:23:00,NMDC,118.3,118.5,118.25,118.4,39208,0
2016-11-24 14:24:00,NMDC,118.5,118.55,118.3,118.45,25238,0
2016-11-24 14:25:00,NMDC,118.45,118.5,118.35,118.45,10337,0
2016-11-24 14:26:00,NMDC,118.5,118.5,118.35,118.35,12994,0
2016-11-24 14:27:00,NMDC,118.45,118.45,118.25,118.35,11666,0
2016-11-24 14:28:00,NMDC,118.3,118.35,118.15,118.2,9691,0
2016-11-24 14:29:00,NMDC,118.15,118.2,118.05,118.2,8659,0
2016-11-24 14:30:00,NMDC,118.15,118.4,118.15,118.4,8881,0
2016-11-24 14:31:00,NMDC,118.4,118.4,118.35,118.4,3581,0
2016-11-24 14:32:00,NMDC,118.4,118.4,118.35,118.35,2074,0
2016-11-24 14:33:00,NMDC,118.35,118.5,118.3,118.5,8300,0
2016-11-24 14:34:00,NMDC,118.5,118.7,118.4,118.7,32124,0
2016-11-24 14:35:00,NMDC,118.7,118.7,118.6,118.6,3901,0
2016-11-24 14:36:00,NMDC,118.65,119.0,118.6,118.95,96057,0
2016-11-24 14:37:00,NMDC,118.95,119.25,118.9,119.1,80859,0
2016-11-24 14:38:00,NMDC,119.05,119.1,118.7,118.9,31224,0
2016-11-24 14:39:00,NMDC,118.9,119.0,118.85,119.0,16324,0
2016-11-24 14:40:00,NMDC,118.9,119.05,118.9,118.95,17317,0
2016-11-24 14:41:00,NMDC,119.0,119.05,118.9,118.95,37422,0
2016-11-24 14:42:00,NMDC,118.95,119.0,118.75,118.9,13168,0
2016-11-24 14:43:00,NMDC,118.75,119.05,118.75,119.0,26706,0
2016-11-24 14:44:00,NMDC,118.9,119.0,118.8,118.8,12189,0
2016-11-24 14:45:00,NMDC,118.9,118.95,118.75,118.9,16836,0
2016-11-24 14:46:00,NMDC,118.95,119.05,118.8,119.05,25019,0
2016-11-24 14:47:00,NMDC,119.05,119.05,118.95,119.05,14346,0
2016-11-24 14:48:00,NMDC,119.0,119.1,118.8,118.85,31046,0
2016-11-24 14:49:00,NMDC,118.8,118.9,118.65,118.7,14913,0
2016-11-24 14:50:00,NMDC,118.7,118.95,118.55,118.75,93411,0
2016-11-24 14:51:00,NMDC,118.75,118.95,118.7,118.8,46244,0
2016-11-24 14:52:00,NMDC,118.8,118.9,118.7,118.8,42797,0
2016-11-24 14:53:00,NMDC,118.8,118.8,118.6,118.6,32335,0
2016-11-24 14:54:00,NMDC,118.65,118.65,118.25,118.3,32985,0
2016-11-24 14:55:00,NMDC,118.35,118.35,118.0,118.0,35677,0
2016-11-24 14:56:00,NMDC,118.0,118.0,117.9,118.0,13223,0
2016-11-24 14:57:00,NMDC,117.95,118.9,117.95,118.9,86537,0
2016-11-24 14:58:00,NMDC,118.8,119.2,118.75,119.1,76358,0
2016-11-24 14:59:00,NMDC,119.15,120.05,119.1,119.85,231942,0
2016-11-24 15:00:00,NMDC,120.05,120.85,120.0,120.55,200021,0
2016-11-24 15:01:00,NMDC,120.5,120.55,120.0,120.1,117043,0
2016-11-24 15:02:00,NMDC,120.05,120.15,120.0,120.0,136534,0
2016-11-24 15:03:00,NMDC,120.05,120.05,120.0,120.05,156297,0
2016-11-24 15:04:00,NMDC,120.0,120.05,119.2,119.35,146332,0
2016-11-24 15:05:00,NMDC,119.3,119.75,119.15,119.5,91672,0
2016-11-24 15:06:00,NMDC,119.55,119.8,119.5,119.5,79147,0
2016-11-24 15:07:00,NMDC,119.5,119.6,119.5,119.5,57024,0
2016-11-24 15:08:00,NMDC,119.55,119.6,119.5,119.55,56507,0
2016-11-24 15:09:00,NMDC,119.6,119.6,119.5,119.5,63805,0
2016-11-24 15:10:00,NMDC,119.5,119.55,119.5,119.5,111421,0
2016-11-24 15:11:00,NMDC,119.5,119.55,119.5,119.5,97369,0
2016-11-24 15:12:00,NMDC,119.5,119.75,119.5,119.75,90747,0
2016-11-24 15:13:00,NMDC,119.75,119.75,119.5,119.55,61283,0
2016-11-24 15:14:00,NMDC,119.55,119.65,119.5,119.6,60303,0
2016-11-24 15:15:00,NMDC,119.65,119.65,119.5,119.55,54340,0
2016-11-24 15:16:00,NMDC,119.6,119.8,119.5,119.5,63711,0
2016-11-24 15:17:00,NMDC,119.5,119.6,119.5,119.5,71254,0
2016-11-24 15:18:00,NMDC,119.5,119.5,119.2,119.35,83245,0
2016-11-24 15:19:00,NMDC,119.45,119.5,119.25,119.5,62261,0
2016-11-24 15:20:00,NMDC,119.55,119.8,119.55,119.75,55747,0
2016-11-24 15:21:00,NMDC,119.75,119.75,119.3,119.4,65708,0
2016-11-24 15:22:00,NMDC,119.4,119.5,119.2,119.2,48647,0
2016-11-24 15:23:00,NMDC,119.35,119.5,119.25,119.3,48183,0
2016-11-24 15:24:00,NMDC,119.35,119.4,119.25,119.4,31973,0
2016-11-24 15:25:00,NMDC,119.35,119.55,119.2,119.5,43200,0
2016-11-24 15:26:00,NMDC,119.5,119.5,119.2,119.2,35951,0
2016-11-24 15:27:00,NMDC,119.3,119.35,119.2,119.35,28438,0
2016-11-24 15:28:00,NMDC,119.25,119.75,119.2,119.75,127584,0
2016-11-24 15:29:00,NMDC,119.75,120.0,119.5,119.7,141234,0
2016-11-24 15:30:00,NMDC,119.65,119.75,119.6,119.6,14888,0
2016-11-24 15:31:00,NMDC,119.6,119.6,119.6,119.6,3,0
2016-11-24 15:41:00,NMDC,119.65,119.65,119.65,119.65,3671,0
2016-11-24 15:42:00,NMDC,119.65,119.65,119.65,119.65,110,0
2016-11-24 15:44:00,NMDC,119.65,119.65,119.65,119.65,1417,0
2016-11-24 15:45:00,NMDC,119.65,119.65,119.6,119.6,200,0
2016-11-24 15:51:00,NMDC,119.65,119.65,119.65,119.65,500,0
2016-11-24 15:56:00,NMDC,119.65,119.65,119.65,119.65,100,0
2016-11-24 15:57:00,NMDC,119.65,119.65,119.65,119.65,10,0
2016-11-24 15:58:00,NMDC,119.65,119.65,119.65,119.65,400,0
2016-11-24 15:59:00,NMDC,119.65,119.65,119.65,119.65,2,0
2016-11-24 16:36:00,NMDC,119.65,119.65,119.65,119.65,1,0
2016-11-25 09:08:00,NMDC,120.5,120.5,120.5,120.5,32822,0
2016-11-25 09:16:00,NMDC,121.0,122.2,120.4,121.75,186030,0
2016-11-25 09:17:00,NMDC,121.75,122.0,121.65,121.85,200550,0
2016-11-25 09:18:00,NMDC,121.9,123.5,121.9,123.3,179635,0
2016-11-25 09:19:00,NMDC,123.35,124.25,123.35,124.1,183163,0
2016-11-25 09:20:00,NMDC,124.0,124.0,123.2,123.25,133644,0
2016-11-25 09:21:00,NMDC,123.3,123.4,122.6,122.8,93048,0
2016-11-25 09:22:00,NMDC,122.75,123.2,122.7,123.2,64433,0
2016-11-25 09:23:00,NMDC,123.4,123.85,123.25,123.8,118311,0
2016-11-25 09:24:00,NMDC,123.85,123.95,123.65,123.7,76086,0
2016-11-25 09:25:00,NMDC,123.7,123.7,123.25,123.6,68926,0
2016-11-25 09:26:00,NMDC,123.45,123.7,123.45,123.5,49870,0
2016-11-25 09:27:00,NMDC,123.5,123.95,123.3,123.95,76261,0
2016-11-25 09:28:00,NMDC,124.0,124.6,124.0,124.3,234176,0
2016-11-25 09:29:00,NMDC,124.35,125.1,124.25,124.95,108015,0
2016-11-25 09:30:00,NMDC,124.95,125.05,124.8,124.95,111102,0
2016-11-25 09:31:00,NMDC,124.85,125.15,124.85,125.15,80586,0
2016-11-25 09:32:00,NMDC,125.1,125.15,124.95,125.0,63441,0
2016-11-25 09:33:00,NMDC,125.0,125.05,124.6,124.8,40733,0
2016-11-25 09:34:00,NMDC,124.9,124.95,124.75,124.9,41899,0
2016-11-25 09:35:00,NMDC,124.9,125.0,124.9,124.9,35378,0
2016-11-25 09:36:00,NMDC,124.9,125.45,124.9,125.35,201271,0
2016-11-25 09:37:00,NMDC,125.35,125.7,125.35,125.5,148461,0
2016-11-25 09:38:00,NMDC,125.5,125.55,125.35,125.5,51362,0
2016-11-25 09:39:00,NMDC,125.5,125.5,125.3,125.4,48248,0
2016-11-25 09:40:00,NMDC,125.45,125.45,125.05,125.15,66538,0
2016-11-25 09:41:00,NMDC,125.2,125.25,124.9,125.25,47932,0
2016-11-25 09:42:00,NMDC,125.1,125.4,125.1,125.25,48667,0
2016-11-25 09:43:00,NMDC,125.3,125.35,125.25,125.25,32788,0
2016-11-25 09:44:00,NMDC,125.25,125.25,125.0,125.05,36030,0
2016-11-25 09:45:00,NMDC,125.1,125.1,124.9,124.95,23540,0
2016-11-25 09:46:00,NMDC,124.9,125.1,124.85,124.95,16127,0
2016-11-25 09:47:00,NMDC,124.95,124.95,124.65,124.85,53778,0
2016-11-25 09:48:00,NMDC,124.85,125.0,124.8,124.95,27923,0
2016-11-25 09:49:00,NMDC,124.9,125.0,124.9,124.95,23761,0
2016-11-25 09:50:00,NMDC,125.0,125.05,124.9,125.0,32234,0
2016-11-25 09:51:00,NMDC,125.05,125.1,124.9,125.0,25130,0
2016-11-25 09:52:00,NMDC,125.0,125.0,124.65,124.7,19091,0
2016-11-25 09:53:00,NMDC,124.7,124.9,124.7,124.8,24134,0
2016-11-25 09:54:00,NMDC,124.8,124.8,124.65,124.7,90022,0
2016-11-25 09:55:00,NMDC,124.7,124.85,124.65,124.7,34605,0
2016-11-25 09:56:00,NMDC,124.7,124.75,124.65,124.65,12530,0
2016-11-25 09:57:00,NMDC,124.7,124.7,124.15,124.4,50490,0
2016-11-25 09:58:00,NMDC,124.4,124.55,124.4,124.5,25633,0
2016-11-25 09:59:00,NMDC,124.55,124.55,124.15,124.35,22461,0
2016-11-25 10:00:00,NMDC,124.35,124.5,124.15,124.25,34005,0
2016-11-25 10:01:00,NMDC,124.25,124.4,124.25,124.35,15481,0
2016-11-25 10:02:00,NMDC,124.35,124.35,123.95,123.95,61761,0
2016-11-25 10:03:00,NMDC,123.95,124.1,123.9,124.0,32958,0
2016-11-25 10:04:00,NMDC,124.1,124.1,123.8,123.9,23240,0
2016-11-25 10:05:00,NMDC,123.8,123.9,122.9,123.2,142135,0
2016-11-25 10:06:00,NMDC,123.3,123.6,123.15,123.55,34586,0
2016-11-25 10:07:00,NMDC,123.6,123.6,123.2,123.35,42262,0
2016-11-25 10:08:00,NMDC,123.25,123.25,121.3,122.4,258917,0
2016-11-25 10:09:00,NMDC,122.4,122.55,122.25,122.5,68622,0
2016-11-25 10:10:00,NMDC,122.45,122.6,122.4,122.6,40192,0
2016-11-25 10:11:00,NMDC,122.6,123.75,122.5,123.75,100369,0
2016-11-25 10:12:00,NMDC,123.85,123.9,123.5,123.7,139113,0
2016-11-25 10:13:00,NMDC,123.6,124.1,123.55,123.95,86431,0
2016-11-25 10:14:00,NMDC,124.0,124.25,123.85,124.2,65811,0
2016-11-25 10:15:00,NMDC,124.15,124.2,123.75,123.8,103540,0
2016-11-25 10:16:00,NMDC,123.8,123.9,123.7,123.8,37720,0
2016-11-25 10:17:00,NMDC,123.8,123.9,123.7,123.85,19046,0
2016-11-25 10:18:00,NMDC,123.85,124.0,123.85,123.95,10253,0
2016-11-25 10:19:00,NMDC,123.95,123.95,123.8,123.8,16796,0
2016-11-25 10:20:00,NMDC,123.75,123.9,123.65,123.9,30320,0
2016-11-25 10:21:00,NMDC,123.9,123.9,123.65,123.65,39527,0
2016-11-25 10:22:00,NMDC,123.65,123.75,123.6,123.75,13722,0
2016-11-25 10:23:00,NMDC,123.75,123.75,123.55,123.55,35086,0
2016-11-25 10:24:00,NMDC,123.5,123.6,123.4,123.55,38271,0
2016-11-25 10:25:00,NMDC,123.55,123.6,123.5,123.55,7591,0
2016-11-25 10:26:00,NMDC,123.55,123.6,123.5,123.5,5814,0
2016-11-25 10:27:00,NMDC,123.55,123.65,123.5,123.6,20690,0
2016-11-25 10:28:00,NMDC,123.65,123.65,123.55,123.65,18094,0
2016-11-25 10:29:00,NMDC,123.65,123.75,123.55,123.75,7649,0
2016-11-25 10:30:00,NMDC,123.75,123.8,123.65,123.75,8409,0
2016-11-25 10:31:00,NMDC,123.75,123.8,123.7,123.75,5646,0
2016-11-25 10:32:00,NMDC,123.75,123.8,123.6,123.65,20378,0
2016-11-25 10:33:00,NMDC,123.65,123.7,123.6,123.6,5904,0
2016-11-25 10:34:00,NMDC,123.6,123.65,123.55,123.6,4508,0
2016-11-25 10:35:00,NMDC,123.6,123.65,123.55,123.65,4758,0
2016-11-25 10:36:00,NMDC,123.65,123.65,123.6,123.65,7871,0
2016-11-25 10:37:00,NMDC,123.65,123.7,123.55,123.55,8849,0
2016-11-25 10:38:00,NMDC,123.55,123.55,123.3,123.35,21602,0
2016-11-25 10:39:00,NMDC,123.35,123.35,123.3,123.3,21625,0
2016-11-25 10:40:00,NMDC,123.35,123.4,123.25,123.25,13774,0
2016-11-25 10:41:00,NMDC,123.25,123.25,123.05,123.05,25125,0
2016-11-25 10:42:00,NMDC,123.0,123.1,122.85,122.9,48656,0
2016-11-25 10:43:00,NMDC,122.95,123.4,122.95,123.4,28714,0
2016-11-25 10:44:00,NMDC,123.3,123.45,123.25,123.45,15831,0
2016-11-25 10:45:00,NMDC,123.45,123.65,123.45,123.55,11897,0
2016-11-25 10:46:00,NMDC,123.6,123.7,123.55,123.6,9993,0
2016-11-25 10:47:00,NMDC,123.6,123.65,123.6,123.6,9285,0
2016-11-25 10:48:00,NMDC,123.65,123.65,123.55,123.6,4446,0
2016-11-25 10:49:00,NMDC,123.6,123.65,123.6,123.65,4178,0
2016-11-25 10:50:00,NMDC,123.65,123.65,123.6,123.6,5916,0
2016-11-25 10:51:00,NMDC,123.6,123.65,123.6,123.6,13574,0
2016-11-25 10:52:00,NMDC,123.6,123.8,123.55,123.8,9885,0
2016-11-25 10:53:00,NMDC,123.8,124.15,123.8,124.05,39434,0
2016-11-25 10:54:00,NMDC,124.1,124.2,124.0,124.0,27933,0
2016-11-25 10:55:00,NMDC,124.0,124.0,123.85,124.0,13996,0
2016-11-25 10:56:00,NMDC,124.0,124.0,123.85,123.95,27161,0
2016-11-25 10:57:00,NMDC,123.9,123.95,123.75,123.8,11159,0
2016-11-25 10:58:00,NMDC,123.85,123.85,123.7,123.8,12705,0
2016-11-25 10:59:00,NMDC,123.8,123.85,123.7,123.8,6031,0
2016-11-25 11:00:00,NMDC,123.8,123.85,123.7,123.75,16006,0
2016-11-25 11:01:00,NMDC,123.8,123.85,123.75,123.8,6534,0
2016-11-25 11:02:00,NMDC,123.75,123.8,123.6,123.6,13188,0
2016-11-25 11:03:00,NMDC,123.6,123.7,123.5,123.5,10554,0
2016-11-25 11:04:00,NMDC,123.65,123.7,123.55,123.7,9185,0
2016-11-25 11:05:00,NMDC,123.65,123.85,123.65,123.75,35020,0
2016-11-25 11:06:00,NMDC,123.7,124.0,123.7,123.9,41425,0
2016-11-25 11:07:00,NMDC,123.95,124.15,123.95,124.0,46001,0
2016-11-25 11:08:00,NMDC,124.0,124.05,123.95,124.0,14708,0
2016-11-25 11:09:00,NMDC,124.05,124.05,124.0,124.05,15097,0
2016-11-25 11:10:00,NMDC,124.0,124.05,123.85,123.85,5275,0
2016-11-25 11:11:00,NMDC,123.9,123.95,123.9,123.95,10600,0
2016-11-25 11:12:00,NMDC,124.0,124.0,123.85,123.85,5534,0
2016-11-25 11:13:00,NMDC,123.85,123.95,123.85,123.9,9672,0
2016-11-25 11:14:00,NMDC,123.85,123.9,123.8,123.85,9926,0
2016-11-25 11:15:00,NMDC,123.9,123.95,123.75,123.8,15772,0
2016-11-25 11:16:00,NMDC,123.85,124.0,123.85,123.9,8324,0
2016-11-25 11:17:00,NMDC,123.9,123.95,123.9,123.9,1005,0
2016-11-25 11:18:00,NMDC,123.95,124.0,123.9,123.9,6045,0
2016-11-25 11:19:00,NMDC,123.9,123.95,123.85,123.9,8863,0
2016-11-25 11:20:00,NMDC,123.9,123.9,123.8,123.8,1956,0
2016-11-25 11:21:00,NMDC,123.9,123.95,123.8,123.9,10658,0
2016-11-25 11:22:00,NMDC,123.95,123.95,123.9,123.9,13302,0
2016-11-25 11:23:00,NMDC,123.9,123.95,123.9,123.9,3914,0
2016-11-25 11:24:00,NMDC,123.85,123.85,123.75,123.8,2170,0
2016-11-25 11:25:00,NMDC,123.75,123.8,123.75,123.8,6794,0
2016-11-25 11:26:00,NMDC,123.8,123.85,123.8,123.8,3416,0
2016-11-25 11:27:00,NMDC,123.85,123.85,123.75,123.75,8368,0
2016-11-25 11:28:00,NMDC,123.75,123.85,123.7,123.75,10809,0
2016-11-25 11:29:00,NMDC,123.75,123.75,123.4,123.4,40047,0
2016-11-25 11:30:00,NMDC,123.45,123.5,123.3,123.35,11361,0
2016-11-25 11:31:00,NMDC,123.3,123.3,123.2,123.3,9537,0
2016-11-25 11:32:00,NMDC,123.3,123.35,123.25,123.3,5590,0
2016-11-25 11:33:00,NMDC,123.35,123.35,123.3,123.3,2926,0
2016-11-25 11:34:00,NMDC,123.4,123.4,123.3,123.3,8465,0
2016-11-25 11:35:00,NMDC,123.3,123.55,123.3,123.5,6786,0
2016-11-25 11:36:00,NMDC,123.5,123.7,123.5,123.6,3481,0
2016-11-25 11:37:00,NMDC,123.7,123.75,123.6,123.6,2613,0
2016-11-25 11:38:00,NMDC,123.65,123.7,123.6,123.65,32850,0
2016-11-25 11:39:00,NMDC,123.7,123.7,123.6,123.6,26576,0
2016-11-25 11:40:00,NMDC,123.65,123.65,123.6,123.6,8687,0
2016-11-25 11:41:00,NMDC,123.6,123.65,123.6,123.6,18774,0
2016-11-25 11:42:00,NMDC,123.65,123.65,123.6,123.6,1712,0
2016-11-25 11:43:00,NMDC,123.65,123.65,123.6,123.6,5032,0
2016-11-25 11:44:00,NMDC,123.65,123.65,123.6,123.6,6708,0
2016-11-25 11:45:00,NMDC,123.6,123.65,123.5,123.6,17195,0
2016-11-25 11:46:00,NMDC,123.6,123.65,123.6,123.65,11591,0
2016-11-25 11:47:00,NMDC,123.6,123.6,123.55,123.6,4294,0
2016-11-25 11:48:00,NMDC,123.55,123.6,123.5,123.5,7457,0
2016-11-25 11:49:00,NMDC,123.5,123.55,123.4,123.4,16300,0
2016-11-25 11:50:00,NMDC,123.4,123.45,123.4,123.45,7301,0
2016-11-25 11:51:00,NMDC,123.45,123.45,123.25,123.25,8092,0
2016-11-25 11:52:00,NMDC,123.3,123.4,123.2,123.25,9205,0
2016-11-25 11:53:00,NMDC,123.25,123.4,123.25,123.35,9336,0
2016-11-25 11:54:00,NMDC,123.5,123.55,123.35,123.45,19888,0
2016-11-25 11:55:00,NMDC,123.4,123.5,123.4,123.45,3061,0
2016-11-25 11:56:00,NMDC,123.45,123.5,123.45,123.5,16594,0
2016-11-25 11:57:00,NMDC,123.5,123.6,123.5,123.6,2950,0
2016-11-25 11:58:00,NMDC,123.55,123.65,123.55,123.6,4818,0
2016-11-25 11:59:00,NMDC,123.6,123.75,123.55,123.55,44297,0
2016-11-25 12:00:00,NMDC,123.55,123.6,123.4,123.45,11106,0
2016-11-25 12:01:00,NMDC,123.45,123.55,123.45,123.5,4144,0
2016-11-25 12:02:00,NMDC,123.5,123.5,123.3,123.5,8599,0
2016-11-25 12:03:00,NMDC,123.5,123.55,123.35,123.4,9917,0
2016-11-25 12:04:00,NMDC,123.35,123.45,123.35,123.4,10502,0
2016-11-25 12:05:00,NMDC,123.4,123.5,123.4,123.4,2983,0
2016-11-25 12:06:00,NMDC,123.4,123.45,123.4,123.45,2785,0
2016-11-25 12:07:00,NMDC,123.4,123.45,123.35,123.4,3692,0
2016-11-25 12:08:00,NMDC,123.4,123.45,123.4,123.4,2810,0
2016-11-25 12:09:00,NMDC,123.4,123.5,123.4,123.4,12710,0
2016-11-25 12:10:00,NMDC,123.4,123.5,123.4,123.45,3572,0
2016-11-25 12:11:00,NMDC,123.45,123.55,123.45,123.45,6962,0
2016-11-25 12:12:00,NMDC,123.45,123.7,123.45,123.7,15706,0
2016-11-25 12:13:00,NMDC,123.6,123.6,123.4,123.4,10861,0
2016-11-25 12:14:00,NMDC,123.4,123.45,123.4,123.45,4245,0
2016-11-25 12:15:00,NMDC,123.45,123.45,123.35,123.4,4836,0
2016-11-25 12:16:00,NMDC,123.45,123.5,123.3,123.5,10993,0
2016-11-25 12:17:00,NMDC,123.45,123.5,123.4,123.4,2585,0
2016-11-25 12:18:00,NMDC,123.4,123.5,123.4,123.45,4465,0
2016-11-25 12:19:00,NMDC,123.45,123.5,123.45,123.5,1465,0
2016-11-25 12:20:00,NMDC,123.5,123.5,123.35,123.4,5600,0
2016-11-25 12:21:00,NMDC,123.3,123.35,123.2,123.2,3766,0
2016-11-25 12:22:00,NMDC,123.25,123.4,123.2,123.25,11834,0
2016-11-25 12:23:00,NMDC,123.2,123.35,123.2,123.3,3059,0
2016-11-25 12:24:00,NMDC,123.3,123.35,123.25,123.3,2183,0
2016-11-25 12:25:00,NMDC,123.3,123.35,123.3,123.35,1578,0
2016-11-25 12:26:00,NMDC,123.3,123.35,123.3,123.3,10935,0
2016-11-25 12:27:00,NMDC,123.25,123.3,123.2,123.25,6202,0
2016-11-25 12:28:00,NMDC,123.25,123.25,123.15,123.2,4656,0
2016-11-25 12:29:00,NMDC,123.2,123.2,123.1,123.15,3460,0
2016-11-25 12:30:00,NMDC,123.1,123.2,122.8,122.95,32833,0
2016-11-25 12:31:00,NMDC,122.9,123.0,122.8,122.95,17137,0
2016-11-25 12:32:00,NMDC,123.0,123.0,122.9,122.95,4939,0
2016-11-25 12:33:00,NMDC,122.9,123.0,122.9,122.9,15059,0
2016-11-25 12:34:00,NMDC,122.9,122.9,122.4,122.45,48556,0
2016-11-25 12:35:00,NMDC,122.4,122.4,122.2,122.3,10830,0
2016-11-25 12:36:00,NMDC,122.3,122.4,122.25,122.35,9501,0
2016-11-25 12:37:00,NMDC,122.4,122.5,122.35,122.45,6534,0
2016-11-25 12:38:00,NMDC,122.4,122.5,122.4,122.45,3254,0
2016-11-25 12:39:00,NMDC,122.4,122.45,122.05,122.25,24996,0
2016-11-25 12:40:00,NMDC,122.15,122.5,122.05,122.25,29332,0
2016-11-25 12:41:00,NMDC,122.25,122.45,122.2,122.35,10566,0
2016-11-25 12:42:00,NMDC,122.45,122.45,122.25,122.45,11709,0
2016-11-25 12:43:00,NMDC,122.4,122.5,122.3,122.3,16562,0
2016-11-25 12:44:00,NMDC,122.35,122.45,122.3,122.3,14730,0
2016-11-25 12:45:00,NMDC,122.55,122.55,122.4,122.4,14203,0
2016-11-25 12:46:00,NMDC,122.35,122.55,122.35,122.55,9029,0
2016-11-25 12:47:00,NMDC,122.55,122.55,122.4,122.45,8739,0
2016-11-25 12:48:00,NMDC,122.5,122.5,122.35,122.35,6694,0
2016-11-25 12:49:00,NMDC,122.35,122.45,122.35,122.35,2234,0
2016-11-25 12:50:00,NMDC,122.3,122.3,121.7,122.0,74785,0
2016-11-25 12:51:00,NMDC,121.95,121.95,121.8,121.8,13350,0
2016-11-25 12:52:00,NMDC,121.9,122.0,121.8,122.0,28053,0
2016-11-25 12:53:00,NMDC,121.9,122.0,121.85,121.85,5068,0
2016-11-25 12:54:00,NMDC,121.95,122.0,121.9,121.9,7510,0
2016-11-25 12:55:00,NMDC,121.9,121.95,121.8,121.8,8074,0
2016-11-25 12:56:00,NMDC,121.9,121.95,121.2,121.5,51535,0
2016-11-25 12:57:00,NMDC,121.5,121.6,121.4,121.5,11704,0
2016-11-25 12:58:00,NMDC,121.5,121.55,121.3,121.4,34372,0
2016-11-25 12:59:00,NMDC,121.55,121.55,121.25,121.35,10492,0
2016-11-25 13:00:00,NMDC,121.35,121.4,121.3,121.4,5070,0
2016-11-25 13:01:00,NMDC,121.35,121.6,121.35,121.45,20558,0
2016-11-25 13:02:00,NMDC,121.45,121.5,121.3,121.35,20237,0
2016-11-25 13:03:00,NMDC,121.45,121.45,121.4,121.45,6297,0
2016-11-25 13:04:00,NMDC,121.4,121.45,121.35,121.35,2638,0
2016-11-25 13:05:00,NMDC,121.35,121.55,121.35,121.5,6451,0
2016-11-25 13:06:00,NMDC,121.55,121.6,121.45,121.55,2250,0
2016-11-25 13:07:00,NMDC,121.45,121.55,121.4,121.55,5177,0
2016-11-25 13:08:00,NMDC,121.55,121.6,121.5,121.55,5635,0
2016-11-25 13:09:00,NMDC,121.5,121.55,121.5,121.5,5393,0
2016-11-25 13:10:00,NMDC,121.5,121.75,121.5,121.6,6573,0
2016-11-25 13:11:00,NMDC,121.65,121.75,121.6,121.7,5619,0
2016-11-25 13:12:00,NMDC,121.7,121.7,121.6,121.65,9530,0
2016-11-25 13:13:00,NMDC,121.65,121.7,121.65,121.7,1721,0
2016-11-25 13:14:00,NMDC,121.7,121.8,121.65,121.8,15804,0
2016-11-25 13:15:00,NMDC,121.75,121.8,121.7,121.7,9503,0
2016-11-25 13:16:00,NMDC,121.8,121.95,121.75,121.9,15010,0
2016-11-25 13:17:00,NMDC,121.85,122.0,121.8,121.85,83543,0
2016-11-25 13:18:00,NMDC,121.85,122.15,121.85,122.0,15896,0
2016-11-25 13:19:00,NMDC,122.1,122.55,122.1,122.5,39898,0
2016-11-25 13:20:00,NMDC,122.5,122.6,122.5,122.55,14991,0
2016-11-25 13:21:00,NMDC,122.65,122.75,122.5,122.75,29483,0
2016-11-25 13:22:00,NMDC,122.75,122.8,122.5,122.55,17903,0
2016-11-25 13:23:00,NMDC,122.6,122.75,122.55,122.7,10603,0
2016-11-25 13:24:00,NMDC,122.75,122.8,122.6,122.7,32079,0
2016-11-25 13:25:00,NMDC,122.7,122.9,122.7,122.8,30371,0
2016-11-25 13:26:00,NMDC,122.85,122.9,122.8,122.9,53775,0
2016-11-25 13:27:00,NMDC,122.8,123.0,122.8,122.9,43978,0
2016-11-25 13:28:00,NMDC,122.9,122.9,122.85,122.85,8632,0
2016-11-25 13:29:00,NMDC,122.8,122.85,122.75,122.85,49299,0
2016-11-25 13:30:00,NMDC,122.85,122.9,122.8,122.85,60275,0
2016-11-25 13:31:00,NMDC,122.85,122.85,122.7,122.7,25112,0
2016-11-25 13:32:00,NMDC,122.7,122.8,122.65,122.7,32411,0
2016-11-25 13:33:00,NMDC,122.7,122.7,122.5,122.55,22531,0
2016-11-25 13:34:00,NMDC,122.5,122.55,122.25,122.4,20812,0
2016-11-25 13:35:00,NMDC,122.45,122.55,122.25,122.55,11022,0
2016-11-25 13:36:00,NMDC,122.55,122.55,122.15,122.15,14329,0
2016-11-25 13:37:00,NMDC,122.2,122.4,122.1,122.4,7280,0
2016-11-25 13:38:00,NMDC,122.3,122.3,121.9,121.9,51728,0
2016-11-25 13:39:00,NMDC,122.0,122.0,121.6,121.6,43009,0
2016-11-25 13:40:00,NMDC,121.6,121.9,121.5,121.65,26997,0
2016-11-25 13:41:00,NMDC,121.65,121.8,121.55,121.8,19672,0
2016-11-25 13:42:00,NMDC,121.8,121.8,121.65,121.75,25240,0
2016-11-25 13:43:00,NMDC,121.8,121.8,121.75,121.8,9329,0
2016-11-25 13:44:00,NMDC,121.75,122.0,121.75,121.8,50215,0
2016-11-25 13:45:00,NMDC,121.95,121.95,121.75,121.85,7029,0
2016-11-25 13:46:00,NMDC,121.8,121.95,121.75,121.95,8929,0
2016-11-25 13:47:00,NMDC,121.95,122.0,121.9,121.9,31988,0
2016-11-25 13:48:00,NMDC,121.9,121.95,121.85,121.95,5508,0
2016-11-25 13:49:00,NMDC,121.95,122.0,121.95,122.0,11055,0
2016-11-25 13:50:00,NMDC,122.0,122.0,121.85,121.9,32694,0
2016-11-25 13:51:00,NMDC,122.0,122.05,121.9,122.05,17907,0
2016-11-25 13:52:00,NMDC,122.05,122.1,122.0,122.0,5858,0
2016-11-25 13:53:00,NMDC,122.1,122.1,122.0,122.1,3977,0
2016-11-25 13:54:00,NMDC,122.0,122.05,121.9,121.9,22348,0
2016-11-25 13:55:00,NMDC,121.9,121.95,121.4,121.5,45131,0
2016-11-25 13:56:00,NMDC,121.45,121.65,121.4,121.45,23059,0
2016-11-25 13:57:00,NMDC,121.45,121.6,121.35,121.55,11836,0
2016-11-25 13:58:00,NMDC,121.55,121.55,121.45,121.45,3887,0
2016-11-25 13:59:00,NMDC,121.55,121.55,121.35,121.5,14892,0
2016-11-25 14:00:00,NMDC,121.5,121.65,121.5,121.6,10505,0
2016-11-25 14:01:00,NMDC,121.6,121.85,121.6,121.6,9510,0
2016-11-25 14:02:00,NMDC,121.7,121.75,121.6,121.6,4629,0
2016-11-25 14:03:00,NMDC,121.65,121.8,121.65,121.7,12136,0
2016-11-25 14:04:00,NMDC,121.75,121.85,121.7,121.85,5906,0
2016-11-25 14:05:00,NMDC,121.85,121.85,121.75,121.8,3031,0
2016-11-25 14:06:00,NMDC,121.8,122.0,121.8,122.0,9546,0
2016-11-25 14:07:00,NMDC,121.95,122.1,121.95,122.05,18975,0
2016-11-25 14:08:00,NMDC,122.1,122.15,122.0,122.05,5967,0
2016-11-25 14:09:00,NMDC,122.05,122.15,122.05,122.1,6255,0
2016-11-25 14:10:00,NMDC,122.1,122.1,121.9,122.0,15889,0
2016-11-25 14:11:00,NMDC,122.1,122.1,121.85,121.9,4336,0
2016-11-25 14:12:00,NMDC,121.9,121.95,121.75,121.85,7940,0
2016-11-25 14:13:00,NMDC,121.85,121.9,121.75,121.75,3637,0
2016-11-25 14:14:00,NMDC,121.75,121.8,121.55,121.75,14702,0
2016-11-25 14:15:00,NMDC,121.75,121.85,121.6,121.75,7832,0
2016-11-25 14:16:00,NMDC,121.8,121.85,121.65,121.8,16698,0
2016-11-25 14:17:00,NMDC,121.7,121.8,121.7,121.75,7114,0
2016-11-25 14:18:00,NMDC,121.75,121.8,121.7,121.75,7405,0
2016-11-25 14:19:00,NMDC,121.8,121.9,121.7,121.8,14168,0
2016-11-25 14:20:00,NMDC,121.8,121.85,121.7,121.8,5282,0
2016-11-25 14:21:00,NMDC,121.75,121.85,121.7,121.7,7536,0
2016-11-25 14:22:00,NMDC,121.7,121.7,121.65,121.7,4784,0
2016-11-25 14:23:00,NMDC,121.7,121.75,121.65,121.75,2337,0
2016-11-25 14:24:00,NMDC,121.65,121.75,121.65,121.7,873,0
2016-11-25 14:25:00,NMDC,121.7,121.75,121.65,121.7,4298,0
2016-11-25 14:26:00,NMDC,121.65,121.7,121.6,121.65,1860,0
2016-11-25 14:27:00,NMDC,121.6,121.65,121.4,121.55,28069,0
2016-11-25 14:28:00,NMDC,121.6,121.6,121.35,121.6,7778,0
2016-11-25 14:29:00,NMDC,121.55,121.55,121.4,121.4,15646,0
2016-11-25 14:30:00,NMDC,121.45,121.7,121.45,121.65,9639,0
2016-11-25 14:31:00,NMDC,121.7,121.85,121.65,121.7,14896,0
2016-11-25 14:32:00,NMDC,121.7,121.7,121.6,121.7,2158,0
2016-11-25 14:33:00,NMDC,121.7,121.95,121.7,121.85,14080,0
2016-11-25 14:34:00,NMDC,121.9,122.0,121.7,121.8,8749,0
2016-11-25 14:35:00,NMDC,121.8,121.85,121.7,121.85,1090,0
2016-11-25 14:36:00,NMDC,121.85,121.85,121.65,121.7,6670,0
2016-11-25 14:37:00,NMDC,121.7,121.8,121.65,121.8,4446,0
2016-11-25 14:38:00,NMDC,121.8,121.85,121.75,121.85,9477,0
2016-11-25 14:39:00,NMDC,121.8,121.85,121.8,121.8,837,0
2016-11-25 14:40:00,NMDC,121.85,121.85,121.8,121.85,3440,0
2016-11-25 14:41:00,NMDC,121.85,121.85,121.75,121.75,2371,0
2016-11-25 14:42:00,NMDC,121.8,121.9,121.8,121.85,10103,0
2016-11-25 14:43:00,NMDC,121.85,121.9,121.85,121.85,6126,0
2016-11-25 14:44:00,NMDC,121.95,121.95,121.85,121.95,6259,0
2016-11-25 14:45:00,NMDC,121.95,121.95,121.85,121.9,3686,0
2016-11-25 14:46:00,NMDC,121.9,121.95,121.85,121.95,11827,0
2016-11-25 14:47:00,NMDC,121.95,121.95,121.8,121.8,5856,0
2016-11-25 14:48:00,NMDC,121.8,121.8,121.7,121.7,6120,0
2016-11-25 14:49:00,NMDC,121.75,121.75,121.65,121.7,6543,0
2016-11-25 14:50:00,NMDC,121.65,121.7,121.5,121.55,12238,0
2016-11-25 14:51:00,NMDC,121.55,121.6,121.5,121.5,7414,0
2016-11-25 14:52:00,NMDC,121.6,121.6,121.45,121.6,5799,0
2016-11-25 14:53:00,NMDC,121.6,121.75,121.6,121.75,12804,0
2016-11-25 14:54:00,NMDC,121.75,121.85,121.75,121.75,12473,0
2016-11-25 14:55:00,NMDC,121.75,121.9,121.75,121.8,14535,0
2016-11-25 14:56:00,NMDC,121.8,121.85,121.7,121.7,8583,0
2016-11-25 14:57:00,NMDC,121.7,121.85,121.7,121.85,6922,0
2016-11-25 14:58:00,NMDC,121.8,122.0,121.8,121.95,24583,0
2016-11-25 14:59:00,NMDC,122.0,122.2,122.0,122.15,25745,0
2016-11-25 15:00:00,NMDC,122.15,122.15,122.1,122.15,4187,0
2016-11-25 15:01:00,NMDC,122.15,122.35,122.1,122.35,12989,0
2016-11-25 15:02:00,NMDC,122.25,122.5,122.25,122.35,22577,0
2016-11-25 15:03:00,NMDC,122.4,122.45,122.25,122.25,16253,0
2016-11-25 15:04:00,NMDC,122.35,122.45,122.25,122.35,7718,0
2016-11-25 15:05:00,NMDC,122.35,122.5,122.35,122.4,10145,0
2016-11-25 15:06:00,NMDC,122.25,122.3,122.15,122.2,13341,0
2016-11-25 15:07:00,NMDC,122.2,122.3,122.15,122.2,8604,0
2016-11-25 15:08:00,NMDC,122.3,122.3,122.2,122.25,8618,0
2016-11-25 15:09:00,NMDC,122.2,122.3,122.2,122.25,19928,0
2016-11-25 15:10:00,NMDC,122.25,122.3,122.1,122.2,20886,0
2016-11-25 15:11:00,NMDC,122.2,122.35,122.2,122.3,20830,0
2016-11-25 15:12:00,NMDC,122.35,122.35,122.15,122.25,30608,0
2016-11-25 15:13:00,NMDC,122.35,122.35,122.2,122.25,9142,0
2016-11-25 15:14:00,NMDC,122.25,122.35,122.2,122.3,20600,0
2016-11-25 15:15:00,NMDC,122.25,122.4,122.05,122.05,60542,0
2016-11-25 15:16:00,NMDC,122.1,122.2,122.0,122.1,61451,0
2016-11-25 15:17:00,NMDC,122.15,122.25,121.9,121.9,92700,0
2016-11-25 15:18:00,NMDC,121.95,122.1,121.9,122.0,60827,0
2016-11-25 15:19:00,NMDC,122.15,122.25,122.1,122.1,49303,0
2016-11-25 15:20:00,NMDC,122.2,122.4,122.0,122.4,43363,0
2016-11-25 15:21:00,NMDC,122.4,122.5,122.3,122.5,30332,0
2016-11-25 15:22:00,NMDC,122.3,122.5,122.3,122.4,46484,0
2016-11-25 15:23:00,NMDC,122.3,122.45,122.3,122.4,29875,0
2016-11-25 15:24:00,NMDC,122.4,122.45,122.3,122.4,23888,0
2016-11-25 15:25:00,NMDC,122.35,122.4,122.25,122.25,26926,0
2016-11-25 15:26:00,NMDC,122.4,122.45,122.3,122.45,29239,0
2016-11-25 15:27:00,NMDC,122.45,122.45,122.4,122.4,38876,0
2016-11-25 15:28:00,NMDC,122.45,122.45,122.25,122.3,33783,0
2016-11-25 15:29:00,NMDC,122.35,122.4,122.25,122.3,31347,0
2016-11-25 15:30:00,NMDC,122.35,122.35,122.05,122.2,35910,0
2016-11-25 15:31:00,NMDC,122.25,122.25,122.25,122.25,887,0
2016-11-25 15:41:00,NMDC,122.25,122.25,122.25,122.25,1066,0
2016-11-25 15:42:00,NMDC,122.25,122.25,122.25,122.25,1000,0
2016-11-25 15:44:00,NMDC,122.25,122.25,122.25,122.25,43,0
2016-11-25 15:45:00,NMDC,122.25,122.25,122.25,122.25,212,0
2016-11-25 15:49:00,NMDC,122.25,122.25,122.25,122.25,10,0
2016-11-25 15:51:00,NMDC,122.25,122.25,122.25,122.25,40,0
2016-11-25 15:53:00,NMDC,122.25,122.25,122.25,122.25,366,0
2016-11-25 15:55:00,NMDC,122.25,122.25,122.25,122.25,150,0
2016-11-25 15:58:00,NMDC,122.25,122.25,122.25,122.25,25,0
2016-11-25 16:00:00,NMDC,122.25,122.25,122.25,122.25,100,0
2016-11-25 16:36:00,NMDC,122.25,122.25,122.25,122.25,1,0
2016-11-28 09:08:00,NMDC,123.5,123.5,123.5,123.5,8898,0
2016-11-28 09:16:00,NMDC,123.2,123.9,122.25,123.7,26780,0
2016-11-28 09:17:00,NMDC,123.8,123.8,123.6,123.65,22455,0
2016-11-28 09:18:00,NMDC,123.6,123.75,123.3,123.5,44727,0
2016-11-28 09:19:00,NMDC,123.6,123.7,123.1,123.45,48518,0
2016-11-28 09:20:00,NMDC,123.3,123.7,123.2,123.55,19985,0
2016-11-28 09:21:00,NMDC,123.5,123.55,123.15,123.4,56118,0
2016-11-28 09:22:00,NMDC,123.5,123.6,123.35,123.55,41346,0
2016-11-28 09:23:00,NMDC,123.55,123.6,123.4,123.6,12365,0
2016-11-28 09:24:00,NMDC,123.55,123.55,123.25,123.25,20755,0
2016-11-28 09:25:00,NMDC,123.2,123.4,122.85,123.4,17060,0
2016-11-28 09:26:00,NMDC,123.4,123.85,123.4,123.8,29798,0
2016-11-28 09:27:00,NMDC,123.7,123.85,123.6,123.75,29027,0
2016-11-28 09:28:00,NMDC,123.85,124.2,123.65,123.8,42526,0
2016-11-28 09:29:00,NMDC,123.8,123.9,123.6,123.9,13329,0
2016-11-28 09:30:00,NMDC,123.95,124.2,123.95,124.05,8214,0
2016-11-28 09:31:00,NMDC,124.1,124.15,123.6,123.7,13961,0
2016-11-28 09:32:00,NMDC,123.6,123.75,123.45,123.75,12426,0
2016-11-28 09:33:00,NMDC,123.7,123.7,123.2,123.3,12767,0
2016-11-28 09:34:00,NMDC,123.45,123.65,123.4,123.5,10650,0
2016-11-28 09:35:00,NMDC,123.55,123.95,123.55,123.75,25926,0
2016-11-28 09:36:00,NMDC,123.85,124.2,123.7,124.0,19405,0
2016-11-28 09:37:00,NMDC,123.9,124.0,123.8,123.95,8210,0
2016-11-28 09:38:00,NMDC,123.95,123.95,123.7,123.7,2645,0
2016-11-28 09:39:00,NMDC,123.7,124.05,123.7,124.05,11145,0
2016-11-28 09:40:00,NMDC,123.95,124.05,123.5,123.6,14572,0
2016-11-28 09:41:00,NMDC,123.95,123.95,123.5,123.85,19846,0
2016-11-28 09:42:00,NMDC,123.7,123.85,123.45,123.5,7344,0
2016-11-28 09:43:00,NMDC,123.4,123.5,123.25,123.4,12226,0
2016-11-28 09:44:00,NMDC,123.4,123.5,123.1,123.45,18291,0
2016-11-28 09:45:00,NMDC,123.45,123.45,123.1,123.1,5863,0
2016-11-28 09:46:00,NMDC,123.1,123.2,123.05,123.2,6809,0
2016-11-28 09:47:00,NMDC,123.1,123.4,123.0,123.3,12115,0
2016-11-28 09:48:00,NMDC,123.3,123.4,123.15,123.35,6916,0
2016-11-28 09:49:00,NMDC,123.35,123.65,123.35,123.5,4368,0
2016-11-28 09:50:00,NMDC,123.5,123.6,123.45,123.6,2200,0
2016-11-28 09:51:00,NMDC,123.6,123.7,123.6,123.7,3401,0
2016-11-28 09:52:00,NMDC,123.6,123.75,123.6,123.65,9198,0
2016-11-28 09:53:00,NMDC,123.75,123.75,123.65,123.65,3401,0
2016-11-28 09:54:00,NMDC,123.6,123.65,123.55,123.6,8396,0
2016-11-28 09:55:00,NMDC,123.6,123.6,123.3,123.35,8493,0
2016-11-28 09:56:00,NMDC,123.4,123.45,123.4,123.4,1315,0
2016-11-28 09:57:00,NMDC,123.4,123.4,123.2,123.3,4357,0
2016-11-28 09:58:00,NMDC,123.35,123.55,123.35,123.55,9200,0
2016-11-28 09:59:00,NMDC,123.35,123.65,123.35,123.65,6116,0
2016-11-28 10:00:00,NMDC,123.45,123.6,123.4,123.45,2217,0
2016-11-28 10:01:00,NMDC,123.6,123.6,123.45,123.5,400,0
2016-11-28 10:02:00,NMDC,123.55,123.6,123.5,123.55,3661,0
2016-11-28 10:03:00,NMDC,123.5,123.6,123.5,123.6,9975,0
2016-11-28 10:04:00,NMDC,123.65,123.7,123.6,123.7,2495,0
2016-11-28 10:05:00,NMDC,123.6,123.75,123.6,123.65,2994,0
2016-11-28 10:06:00,NMDC,123.7,123.7,123.65,123.65,2398,0
2016-11-28 10:07:00,NMDC,123.6,123.7,123.6,123.7,2741,0
2016-11-28 10:08:00,NMDC,123.75,123.75,123.65,123.65,3372,0
2016-11-28 10:09:00,NMDC,123.65,123.7,123.6,123.7,2207,0
2016-11-28 10:10:00,NMDC,123.7,123.75,123.55,123.75,20929,0
2016-11-28 10:11:00,NMDC,123.7,123.7,123.55,123.55,3340,0
2016-11-28 10:12:00,NMDC,123.7,123.7,123.55,123.65,1505,0
2016-11-28 10:13:00,NMDC,123.65,123.65,123.3,123.3,9680,0
2016-11-28 10:14:00,NMDC,123.3,123.3,123.05,123.2,17785,0
2016-11-28 10:15:00,NMDC,123.3,123.3,123.15,123.2,2177,0
2016-11-28 10:16:00,NMDC,123.3,123.35,123.25,123.3,18309,0
2016-11-28 10:17:00,NMDC,123.4,123.4,123.15,123.2,6804,0
2016-11-28 10:18:00,NMDC,123.15,123.15,122.6,122.7,20580,0
2016-11-28 10:19:00,NMDC,122.6,122.85,122.55,122.85,7848,0
2016-11-28 10:20:00,NMDC,122.85,123.15,122.75,123.0,12433,0
2016-11-28 10:21:00,NMDC,122.95,123.05,122.85,123.0,2541,0
2016-11-28 10:22:00,NMDC,123.0,123.2,122.95,123.1,6433,0
2016-11-28 10:23:00,NMDC,123.1,123.1,122.85,122.95,8558,0
2016-11-28 10:24:00,NMDC,122.95,123.05,122.95,123.0,14778,0
2016-11-28 10:25:00,NMDC,123.05,123.05,122.95,122.95,6143,0
2016-11-28 10:26:00,NMDC,123.0,123.1,123.0,123.0,2937,0
2016-11-28 10:27:00,NMDC,123.1,123.1,123.0,123.0,917,0
2016-11-28 10:28:00,NMDC,123.05,123.05,122.95,122.95,1974,0
2016-11-28 10:29:00,NMDC,123.0,123.0,122.9,122.9,4603,0
2016-11-28 10:30:00,NMDC,122.9,123.0,122.9,123.0,1800,0
2016-11-28 10:31:00,NMDC,122.95,123.0,122.9,122.9,2113,0
2016-11-28 10:32:00,NMDC,122.9,122.9,122.6,122.85,18311,0
2016-11-28 10:33:00,NMDC,122.85,122.95,122.85,122.95,3170,0
2016-11-28 10:34:00,NMDC,122.95,122.95,122.65,122.75,11047,0
2016-11-28 10:35:00,NMDC,122.7,122.8,122.7,122.7,387,0
2016-11-28 10:36:00,NMDC,122.8,122.8,122.75,122.75,310,0
2016-11-28 10:37:00,NMDC,122.8,122.85,122.7,122.85,1492,0
2016-11-28 10:38:00,NMDC,122.8,123.0,122.7,123.0,10837,0
2016-11-28 10:39:00,NMDC,123.1,123.2,122.85,122.95,21329,0
2016-11-28 10:40:00,NMDC,122.95,122.95,122.85,122.9,3565,0
2016-11-28 10:41:00,NMDC,122.8,122.9,122.8,122.9,7031,0
2016-11-28 10:42:00,NMDC,122.85,122.85,122.75,122.75,1086,0
2016-11-28 10:43:00,NMDC,122.75,122.85,122.75,122.8,1472,0
2016-11-28 10:44:00,NMDC,122.95,123.05,122.95,123.0,3977,0
2016-11-28 10:45:00,NMDC,123.0,123.15,123.0,123.1,6353,0
2016-11-28 10:46:00,NMDC,123.0,123.1,123.0,123.1,2749,0
2016-11-28 10:47:00,NMDC,123.1,123.2,123.1,123.1,6311,0
2016-11-28 10:48:00,NMDC,123.1,123.1,123.05,123.05,4431,0
2016-11-28 10:49:00,NMDC,123.15,123.15,123.0,123.0,15617,0
2016-11-28 10:50:00,NMDC,123.0,123.05,123.0,123.0,6840,0
2016-11-28 10:51:00,NMDC,123.05,123.2,123.05,123.2,5481,0
2016-11-28 10:52:00,NMDC,123.2,123.2,123.1,123.1,7774,0
2016-11-28 10:53:00,NMDC,123.1,123.15,123.0,123.0,11037,0
2016-11-28 10:54:00,NMDC,123.1,123.15,123.0,123.15,3954,0
2016-11-28 10:55:00,NMDC,123.0,123.1,123.0,123.0,1075,0
2016-11-28 10:56:00,NMDC,123.1,123.1,122.95,123.0,9242,0
2016-11-28 10:57:00,NMDC,122.95,123.05,122.85,122.85,10823,0
2016-11-28 10:58:00,NMDC,122.8,122.9,122.75,122.8,8932,0
2016-11-28 10:59:00,NMDC,122.75,122.75,122.6,122.7,5998,0
2016-11-28 11:00:00,NMDC,122.7,122.95,122.7,122.95,18733,0
2016-11-28 11:01:00,NMDC,122.85,122.9,122.8,122.8,4456,0
2016-11-28 11:02:00,NMDC,122.9,122.9,122.75,122.75,3075,0
2016-11-28 11:03:00,NMDC,122.75,122.75,122.75,122.75,244,0
2016-11-28 11:04:00,NMDC,122.75,122.8,122.65,122.75,11970,0
2016-11-28 11:05:00,NMDC,122.7,122.8,122.6,122.7,33935,0
2016-11-28 11:06:00,NMDC,122.65,122.7,122.55,122.7,9123,0
2016-11-28 11:07:00,NMDC,122.7,122.75,122.6,122.6,3762,0
2016-11-28 11:08:00,NMDC,122.6,122.75,122.6,122.7,638,0
2016-11-28 11:09:00,NMDC,122.7,122.85,122.7,122.85,4026,0
2016-11-28 11:10:00,NMDC,122.75,122.85,122.75,122.8,2559,0
2016-11-28 11:11:00,NMDC,122.85,122.9,122.8,122.9,2136,0
2016-11-28 11:12:00,NMDC,122.9,122.9,122.8,122.8,4140,0
2016-11-28 11:13:00,NMDC,122.85,122.85,122.55,122.6,11622,0
2016-11-28 11:14:00,NMDC,122.6,122.6,121.65,121.9,91908,0
2016-11-28 11:15:00,NMDC,121.85,122.65,121.85,122.6,41221,0
2016-11-28 11:16:00,NMDC,122.6,122.65,122.4,122.4,11419,0
2016-11-28 11:17:00,NMDC,122.45,122.6,122.45,122.6,3752,0
2016-11-28 11:18:00,NMDC,122.65,122.75,122.65,122.65,3499,0
2016-11-28 11:19:00,NMDC,122.7,122.75,122.65,122.65,2334,0
2016-11-28 11:20:00,NMDC,122.7,122.8,122.65,122.8,6159,0
2016-11-28 11:21:00,NMDC,122.75,123.15,122.75,122.95,18490,0
2016-11-28 11:22:00,NMDC,122.95,123.0,122.4,122.7,25225,0
2016-11-28 11:23:00,NMDC,122.7,123.05,122.55,122.85,44874,0
2016-11-28 11:24:00,NMDC,122.8,123.05,122.8,123.05,2878,0
2016-11-28 11:25:00,NMDC,123.1,123.1,122.7,122.85,19077,0
2016-11-28 11:26:00,NMDC,122.85,122.9,122.85,122.9,2524,0
2016-11-28 11:27:00,NMDC,122.9,123.0,122.9,122.9,6638,0
2016-11-28 11:28:00,NMDC,123.0,123.0,122.85,122.9,266,0
2016-11-28 11:29:00,NMDC,122.9,122.95,122.5,122.6,13870,0
2016-11-28 11:30:00,NMDC,122.6,123.1,122.6,123.05,32186,0
2016-11-28 11:31:00,NMDC,123.05,123.1,122.8,122.8,16489,0
2016-11-28 11:32:00,NMDC,122.9,122.95,122.75,122.85,18107,0
2016-11-28 11:33:00,NMDC,122.85,123.05,122.85,122.9,13650,0
2016-11-28 11:34:00,NMDC,122.95,122.95,122.9,122.9,2832,0
2016-11-28 11:35:00,NMDC,122.95,123.05,122.95,123.05,8237,0
2016-11-28 11:36:00,NMDC,123.05,123.05,123.0,123.05,3827,0
2016-11-28 11:37:00,NMDC,123.05,123.05,123.0,123.05,211,0
2016-11-28 11:38:00,NMDC,123.05,123.6,123.05,123.5,49521,0
2016-11-28 11:39:00,NMDC,123.5,123.65,123.5,123.65,12616,0
2016-11-28 11:40:00,NMDC,123.65,123.7,123.6,123.7,5393,0
2016-11-28 11:41:00,NMDC,123.7,123.7,123.6,123.6,1426,0
2016-11-28 11:42:00,NMDC,123.6,123.8,123.6,123.7,6746,0
2016-11-28 11:43:00,NMDC,123.8,124.25,123.7,124.15,41021,0
2016-11-28 11:44:00,NMDC,124.1,124.35,124.05,124.2,32377,0
2016-11-28 11:45:00,NMDC,124.2,124.25,124.15,124.2,12335,0
2016-11-28 11:46:00,NMDC,124.15,124.15,123.8,123.9,30861,0
2016-11-28 11:47:00,NMDC,123.8,123.9,123.75,123.85,12275,0
2016-11-28 11:48:00,NMDC,123.8,124.05,123.8,123.95,7819,0
2016-11-28 11:49:00,NMDC,124.0,124.1,123.95,124.05,27337,0
2016-11-28 11:50:00,NMDC,124.05,124.1,124.0,124.05,12596,0
2016-11-28 11:51:00,NMDC,124.05,124.05,124.0,124.0,10070,0
2016-11-28 11:52:00,NMDC,123.95,124.0,123.85,123.95,8852,0
2016-11-28 11:53:00,NMDC,123.8,123.9,123.65,123.85,13077,0
2016-11-28 11:54:00,NMDC,123.75,124.05,123.75,123.95,13461,0
2016-11-28 11:55:00,NMDC,123.95,124.05,123.9,123.95,7965,0
2016-11-28 11:56:00,NMDC,123.85,123.9,123.65,123.65,5674,0
2016-11-28 11:57:00,NMDC,123.65,123.75,123.6,123.75,2586,0
2016-11-28 11:58:00,NMDC,123.75,123.9,123.7,123.9,3552,0
2016-11-28 11:59:00,NMDC,123.75,123.8,123.75,123.75,2287,0
2016-11-28 12:00:00,NMDC,123.75,123.9,123.75,123.75,2815,0
2016-11-28 12:01:00,NMDC,123.85,123.95,123.85,123.95,2070,0
2016-11-28 12:02:00,NMDC,123.95,123.95,123.8,123.95,2699,0
2016-11-28 12:03:00,NMDC,123.95,124.1,123.8,124.0,15319,0
2016-11-28 12:04:00,NMDC,124.1,124.75,124.05,124.4,109934,0
2016-11-28 12:05:00,NMDC,124.55,124.65,124.35,124.35,32022,0
2016-11-28 12:06:00,NMDC,124.4,124.5,124.35,124.4,61611,0
2016-11-28 12:07:00,NMDC,124.45,124.6,124.4,124.45,19595,0
2016-11-28 12:08:00,NMDC,124.5,124.65,124.45,124.45,42926,0
2016-11-28 12:09:00,NMDC,124.4,125.0,124.4,125.0,106164,0
2016-11-28 12:10:00,NMDC,125.0,125.3,124.85,125.3,39569,0
2016-11-28 12:11:00,NMDC,125.3,125.3,124.75,124.8,31823,0
2016-11-28 12:12:00,NMDC,124.85,124.95,124.65,124.85,21566,0
2016-11-28 12:13:00,NMDC,124.75,124.75,124.6,124.7,5645,0
2016-11-28 12:14:00,NMDC,124.75,124.75,124.5,124.5,11608,0
2016-11-28 12:15:00,NMDC,124.55,124.65,124.2,124.4,27079,0
2016-11-28 12:16:00,NMDC,124.4,124.5,124.3,124.35,8210,0
2016-11-28 12:17:00,NMDC,124.35,124.4,124.35,124.35,6601,0
2016-11-28 12:18:00,NMDC,124.3,124.35,124.3,124.35,560,0
2016-11-28 12:19:00,NMDC,124.3,124.4,124.25,124.3,4858,0
2016-11-28 12:20:00,NMDC,124.4,124.55,124.35,124.4,12651,0
2016-11-28 12:21:00,NMDC,124.4,124.7,124.4,124.7,13626,0
2016-11-28 12:22:00,NMDC,124.7,124.7,124.5,124.55,13580,0
2016-11-28 12:23:00,NMDC,124.55,124.55,124.4,124.45,3331,0
2016-11-28 12:24:00,NMDC,124.45,124.45,124.2,124.2,18349,0
2016-11-28 12:25:00,NMDC,124.25,124.25,123.9,123.9,20666,0
2016-11-28 12:26:00,NMDC,124.05,124.15,124.0,124.1,15948,0
2016-11-28 12:27:00,NMDC,123.95,124.05,123.9,123.95,11119,0
2016-11-28 12:28:00,NMDC,123.95,124.15,123.95,124.1,6378,0
2016-11-28 12:29:00,NMDC,124.0,124.1,124.0,124.1,4034,0
2016-11-28 12:30:00,NMDC,124.1,124.1,124.0,124.1,1171,0
2016-11-28 12:31:00,NMDC,124.1,124.15,124.1,124.15,1475,0
2016-11-28 12:32:00,NMDC,124.15,124.15,124.05,124.1,11266,0
2016-11-28 12:33:00,NMDC,124.1,124.1,124.05,124.05,20616,0
2016-11-28 12:34:00,NMDC,124.1,124.2,124.1,124.15,12260,0
2016-11-28 12:35:00,NMDC,124.2,124.2,124.05,124.05,3321,0
2016-11-28 12:36:00,NMDC,124.05,124.05,123.95,123.95,11413,0
2016-11-28 12:37:00,NMDC,124.1,124.1,124.0,124.1,2550,0
2016-11-28 12:38:00,NMDC,124.1,124.15,124.05,124.1,8510,0
2016-11-28 12:39:00,NMDC,124.1,124.15,124.05,124.15,644,0
2016-11-28 12:40:00,NMDC,124.05,124.15,124.05,124.1,436,0
2016-11-28 12:41:00,NMDC,124.15,124.15,124.0,124.0,4405,0
2016-11-28 12:42:00,NMDC,124.0,124.05,124.0,124.05,3471,0
2016-11-28 12:43:00,NMDC,124.1,124.1,123.95,123.95,3847,0
2016-11-28 12:44:00,NMDC,124.0,124.15,123.95,124.1,11655,0
2016-11-28 12:45:00,NMDC,124.0,124.1,124.0,124.0,2006,0
2016-11-28 12:46:00,NMDC,124.0,124.1,124.0,124.05,575,0
2016-11-28 12:47:00,NMDC,124.05,124.05,123.95,124.0,5133,0
2016-11-28 12:48:00,NMDC,124.0,124.0,123.65,123.65,19995,0
2016-11-28 12:49:00,NMDC,123.65,123.65,123.5,123.65,17504,0
2016-11-28 12:50:00,NMDC,123.7,123.8,123.65,123.7,12169,0
2016-11-28 12:51:00,NMDC,123.7,123.9,123.7,123.9,8106,0
2016-11-28 12:52:00,NMDC,123.9,124.0,123.9,124.0,3914,0
2016-11-28 12:53:00,NMDC,123.95,124.0,123.9,123.95,6739,0
2016-11-28 12:54:00,NMDC,123.9,123.9,123.9,123.9,1055,0
2016-11-28 12:55:00,NMDC,123.85,123.9,123.8,123.85,2877,0
2016-11-28 12:56:00,NMDC,123.85,123.85,123.85,123.85,10,0
2016-11-28 12:57:00,NMDC,123.85,123.85,123.8,123.8,2451,0
2016-11-28 12:58:00,NMDC,123.75,123.8,123.7,123.75,3112,0
2016-11-28 12:59:00,NMDC,123.75,123.8,123.75,123.8,2315,0
2016-11-28 13:00:00,NMDC,123.8,123.9,123.8,123.9,780,0
2016-11-28 13:01:00,NMDC,123.9,123.95,123.8,123.9,26041,0
2016-11-28 13:02:00,NMDC,123.8,123.9,123.8,123.9,12349,0
2016-11-28 13:03:00,NMDC,123.9,123.9,123.75,123.9,16413,0
2016-11-28 13:04:00,NMDC,123.85,123.9,123.85,123.9,336,0
2016-11-28 13:05:00,NMDC,123.9,123.9,123.9,123.9,137,0
2016-11-28 13:06:00,NMDC,123.9,123.9,123.8,123.8,1719,0
2016-11-28 13:07:00,NMDC,123.9,123.9,123.75,123.75,10767,0
2016-11-28 13:08:00,NMDC,123.75,124.0,123.6,124.0,22243,0
2016-11-28 13:09:00,NMDC,124.0,124.0,123.8,123.9,15297,0
2016-11-28 13:10:00,NMDC,123.9,123.9,123.8,123.9,1195,0
2016-11-28 13:11:00,NMDC,123.9,123.9,123.8,123.8,2544,0
2016-11-28 13:12:00,NMDC,123.75,123.85,123.7,123.7,822,0
2016-11-28 13:13:00,NMDC,123.7,123.8,123.7,123.7,2891,0
2016-11-28 13:14:00,NMDC,123.75,123.8,123.7,123.8,1486,0
2016-11-28 13:15:00,NMDC,123.8,123.8,123.65,123.8,4330,0
2016-11-28 13:16:00,NMDC,123.8,123.9,123.75,123.8,6594,0
2016-11-28 13:17:00,NMDC,123.8,123.9,123.8,123.9,134,0
2016-11-28 13:18:00,NMDC,123.9,123.9,123.75,123.9,305,0
2016-11-28 13:19:00,NMDC,123.75,123.9,123.75,123.9,53,0
2016-11-28 13:20:00,NMDC,123.75,123.85,123.75,123.85,2044,0
2016-11-28 13:21:00,NMDC,123.85,123.85,123.75,123.8,172,0
2016-11-28 13:22:00,NMDC,123.8,123.8,123.75,123.8,466,0
2016-11-28 13:23:00,NMDC,123.8,123.8,123.75,123.75,2416,0
2016-11-28 13:24:00,NMDC,123.8,123.8,123.75,123.8,670,0
2016-11-28 13:25:00,NMDC,123.8,123.85,123.8,123.85,1786,0
2016-11-28 13:26:00,NMDC,123.85,123.85,123.75,123.8,61,0
2016-11-28 13:27:00,NMDC,123.8,123.8,123.75,123.75,4484,0
2016-11-28 13:28:00,NMDC,123.7,123.75,123.35,123.5,19626,0
2016-11-28 13:29:00,NMDC,123.4,123.5,123.1,123.2,19854,0
2016-11-28 13:30:00,NMDC,123.2,123.3,123.15,123.3,8646,0
2016-11-28 13:31:00,NMDC,123.25,123.35,123.1,123.15,7968,0
2016-11-28 13:32:00,NMDC,123.2,123.35,123.0,123.0,16144,0
2016-11-28 13:33:00,NMDC,122.85,123.2,122.85,123.2,10537,0
2016-11-28 13:34:00,NMDC,123.2,123.2,123.05,123.05,11132,0
2016-11-28 13:35:00,NMDC,123.1,123.25,123.1,123.2,1822,0
2016-11-28 13:36:00,NMDC,123.15,123.2,122.9,123.0,18696,0
2016-11-28 13:37:00,NMDC,122.85,122.85,122.6,122.6,16407,0
2016-11-28 13:38:00,NMDC,122.7,122.9,122.7,122.9,7099,0
2016-11-28 13:39:00,NMDC,122.8,122.8,122.6,122.6,12058,0
2016-11-28 13:40:00,NMDC,122.6,122.6,122.2,122.3,34259,0
2016-11-28 13:41:00,NMDC,122.3,122.3,122.05,122.2,28163,0
2016-11-28 13:42:00,NMDC,122.25,122.55,122.1,122.55,6969,0
2016-11-28 13:43:00,NMDC,122.5,122.9,122.5,122.75,19028,0
2016-11-28 13:44:00,NMDC,122.9,122.9,122.75,122.75,5513,0
2016-11-28 13:45:00,NMDC,122.7,122.8,122.65,122.75,7081,0
2016-11-28 13:46:00,NMDC,122.75,122.8,122.7,122.75,3692,0
2016-11-28 13:47:00,NMDC,122.65,122.75,122.6,122.6,4350,0
2016-11-28 13:48:00,NMDC,122.6,122.6,122.55,122.6,5053,0
2016-11-28 13:49:00,NMDC,122.6,122.6,122.35,122.55,14058,0
2016-11-28 13:50:00,NMDC,122.65,122.8,122.65,122.75,4018,0
2016-11-28 13:51:00,NMDC,122.8,123.05,122.7,123.05,20001,0
2016-11-28 13:52:00,NMDC,123.05,123.2,123.0,123.1,10731,0
2016-11-28 13:53:00,NMDC,123.15,123.2,123.1,123.2,3856,0
2016-11-28 13:54:00,NMDC,123.2,123.2,123.0,123.0,4222,0
2016-11-28 13:55:00,NMDC,123.05,123.15,123.0,123.1,4178,0
2016-11-28 13:56:00,NMDC,123.1,123.15,123.05,123.05,1069,0
2016-11-28 13:57:00,NMDC,123.1,123.15,122.9,123.05,22381,0
2016-11-28 13:58:00,NMDC,122.95,122.95,122.85,122.85,1125,0
2016-11-28 13:59:00,NMDC,122.85,123.1,122.85,123.05,7897,0
2016-11-28 14:00:00,NMDC,123.05,123.15,123.0,123.0,12070,0
2016-11-28 14:01:00,NMDC,123.25,123.25,123.0,123.15,6285,0
2016-11-28 14:02:00,NMDC,122.85,122.9,122.7,122.75,15795,0
2016-11-28 14:03:00,NMDC,122.85,122.95,122.8,122.9,5075,0
2016-11-28 14:04:00,NMDC,122.9,123.0,122.85,122.85,6299,0
2016-11-28 14:05:00,NMDC,123.0,123.0,122.75,122.75,4601,0
2016-11-28 14:06:00,NMDC,122.75,122.9,122.7,122.75,7634,0
2016-11-28 14:07:00,NMDC,122.85,122.9,122.65,122.75,4229,0
2016-11-28 14:08:00,NMDC,122.7,122.7,122.7,122.7,1868,0
2016-11-28 14:09:00,NMDC,122.8,122.8,122.7,122.7,2818,0
2016-11-28 14:10:00,NMDC,122.75,122.75,122.7,122.7,3641,0
2016-11-28 14:11:00,NMDC,122.75,122.8,122.75,122.8,2345,0
2016-11-28 14:12:00,NMDC,122.8,122.8,122.8,122.8,2188,0
2016-11-28 14:13:00,NMDC,122.85,123.0,122.8,123.0,14647,0
2016-11-28 14:14:00,NMDC,123.0,123.0,122.95,123.0,1934,0
2016-11-28 14:15:00,NMDC,122.95,123.0,122.8,123.0,8999,0
2016-11-28 14:16:00,NMDC,123.0,123.15,122.95,122.95,22530,0
2016-11-28 14:17:00,NMDC,122.95,123.1,122.95,122.95,5730,0
2016-11-28 14:18:00,NMDC,122.9,122.9,122.6,122.7,16701,0
2016-11-28 14:19:00,NMDC,122.8,122.85,122.65,122.85,2960,0
2016-11-28 14:20:00,NMDC,122.85,122.95,122.8,122.85,2054,0
2016-11-28 14:21:00,NMDC,122.9,122.95,122.75,122.8,12696,0
2016-11-28 14:22:00,NMDC,122.8,122.85,122.75,122.85,1734,0
2016-11-28 14:23:00,NMDC,122.8,122.8,122.75,122.75,4531,0
2016-11-28 14:24:00,NMDC,122.85,122.95,122.8,122.9,11658,0
2016-11-28 14:25:00,NMDC,122.95,122.95,122.9,122.9,817,0
2016-11-28 14:26:00,NMDC,122.85,122.95,122.65,122.8,28356,0
2016-11-28 14:27:00,NMDC,122.8,122.8,122.8,122.8,700,0
2016-11-28 14:28:00,NMDC,122.7,122.95,122.7,122.9,2690,0
2016-11-28 14:29:00,NMDC,122.9,122.9,122.8,122.8,980,0
2016-11-28 14:30:00,NMDC,122.9,123.1,122.85,123.0,7605,0
2016-11-28 14:31:00,NMDC,123.15,123.15,123.1,123.15,8170,0
2016-11-28 14:32:00,NMDC,123.2,123.2,123.0,123.15,12247,0
2016-11-28 14:33:00,NMDC,123.25,123.3,123.2,123.25,3115,0
2016-11-28 14:34:00,NMDC,123.2,123.2,123.1,123.2,3539,0
2016-11-28 14:35:00,NMDC,123.15,123.3,123.05,123.05,15061,0
2016-11-28 14:36:00,NMDC,123.05,123.1,123.05,123.1,2242,0
2016-11-28 14:37:00,NMDC,123.2,123.2,123.2,123.2,2453,0
2016-11-28 14:38:00,NMDC,123.15,123.15,123.15,123.15,1045,0
2016-11-28 14:39:00,NMDC,123.1,123.35,123.05,123.25,28187,0
2016-11-28 14:40:00,NMDC,123.25,123.35,123.25,123.35,1881,0
2016-11-28 14:41:00,NMDC,123.3,123.45,123.3,123.45,7021,0
2016-11-28 14:42:00,NMDC,123.45,123.5,123.4,123.5,5971,0
2016-11-28 14:43:00,NMDC,123.45,123.5,123.3,123.35,9862,0
2016-11-28 14:44:00,NMDC,123.5,123.6,123.45,123.5,15948,0
2016-11-28 14:45:00,NMDC,123.5,123.65,123.5,123.55,10886,0
2016-11-28 14:46:00,NMDC,123.6,123.65,123.55,123.6,28495,0
2016-11-28 14:47:00,NMDC,123.65,123.8,123.65,123.75,15827,0
2016-11-28 14:48:00,NMDC,123.7,123.7,123.65,123.7,5376,0
2016-11-28 14:49:00,NMDC,123.6,123.65,123.6,123.6,4296,0
2016-11-28 14:50:00,NMDC,123.65,123.65,123.6,123.65,4321,0
2016-11-28 14:51:00,NMDC,123.6,123.6,123.45,123.45,7606,0
2016-11-28 14:52:00,NMDC,123.45,123.45,123.35,123.45,2510,0
2016-11-28 14:53:00,NMDC,123.4,123.4,123.35,123.35,5472,0
2016-11-28 14:54:00,NMDC,123.35,123.4,123.15,123.15,6508,0
2016-11-28 14:55:00,NMDC,123.15,123.35,123.1,123.3,8651,0
2016-11-28 14:56:00,NMDC,123.3,123.3,123.15,123.2,2017,0
2016-11-28 14:57:00,NMDC,123.2,123.3,123.15,123.15,12530,0
2016-11-28 14:58:00,NMDC,123.15,123.35,123.15,123.25,7281,0
2016-11-28 14:59:00,NMDC,123.25,123.35,123.2,123.25,2468,0
2016-11-28 15:00:00,NMDC,123.3,123.3,123.2,123.25,11296,0
2016-11-28 15:01:00,NMDC,123.3,123.35,123.25,123.25,3656,0
2016-11-28 15:02:00,NMDC,123.25,123.3,123.25,123.3,1175,0
2016-11-28 15:03:00,NMDC,123.25,123.3,123.25,123.25,3166,0
2016-11-28 15:04:00,NMDC,123.25,123.25,123.05,123.05,9297,0
2016-11-28 15:05:00,NMDC,123.1,123.1,122.9,122.9,5504,0
2016-11-28 15:06:00,NMDC,122.9,123.05,122.85,123.0,17594,0
2016-11-28 15:07:00,NMDC,123.0,123.1,122.95,123.0,6690,0
2016-11-28 15:08:00,NMDC,123.0,123.1,123.0,123.0,15336,0
2016-11-28 15:09:00,NMDC,122.95,123.0,122.9,123.0,4900,0
2016-11-28 15:10:00,NMDC,123.0,123.0,122.9,123.0,3686,0
2016-11-28 15:11:00,NMDC,123.0,123.15,122.9,123.1,9348,0
2016-11-28 15:12:00,NMDC,123.1,123.1,122.9,123.05,30663,0
2016-11-28 15:13:00,NMDC,123.05,123.05,122.75,122.9,60983,0
2016-11-28 15:14:00,NMDC,122.8,122.9,122.7,122.7,5523,0
2016-11-28 15:15:00,NMDC,122.8,122.8,122.6,122.6,16100,0
2016-11-28 15:16:00,NMDC,122.6,122.75,122.6,122.65,17727,0
2016-11-28 15:17:00,NMDC,122.6,122.8,122.6,122.65,34028,0
2016-11-28 15:18:00,NMDC,122.7,122.75,122.55,122.55,29436,0
2016-11-28 15:19:00,NMDC,122.55,122.85,122.4,122.5,61314,0
2016-11-28 15:20:00,NMDC,122.5,122.65,122.45,122.6,36151,0
2016-11-28 15:21:00,NMDC,122.5,122.6,122.45,122.6,18354,0
2016-11-28 15:22:00,NMDC,122.6,122.7,122.3,122.3,39015,0
2016-11-28 15:23:00,NMDC,122.4,122.55,122.4,122.4,38341,0
2016-11-28 15:24:00,NMDC,122.45,122.55,122.45,122.55,23217,0
2016-11-28 15:25:00,NMDC,122.55,122.6,122.45,122.6,26181,0
2016-11-28 15:26:00,NMDC,122.6,122.65,122.5,122.6,36211,0
2016-11-28 15:27:00,NMDC,122.6,122.85,122.6,122.85,27301,0
2016-11-28 15:28:00,NMDC,122.65,122.85,122.6,122.6,49523,0
2016-11-28 15:29:00,NMDC,122.6,122.8,122.6,122.8,28932,0
2016-11-28 15:30:00,NMDC,122.75,122.75,122.4,122.55,49926,0
2016-11-28 15:41:00,NMDC,122.7,122.7,122.7,122.7,205,0
2016-11-28 15:42:00,NMDC,122.7,122.7,122.7,122.7,50,0
2016-11-28 15:46:00,NMDC,122.7,122.7,122.7,122.7,800,0
2016-11-28 15:53:00,NMDC,122.7,122.7,122.7,122.7,25,0
2016-11-28 15:54:00,NMDC,122.7,122.7,122.7,122.7,200,0
2016-11-28 15:55:00,NMDC,122.7,122.7,122.7,122.7,75,0
2016-11-28 15:56:00,NMDC,122.7,122.7,122.7,122.7,100,0
2016-11-28 16:36:00,NMDC,122.7,122.7,122.7,122.7,1,0
2016-11-29 09:08:00,NMDC,123.2,123.2,123.2,123.2,4098,0
2016-11-29 09:16:00,NMDC,123.2,123.8,123.15,123.4,44451,0
2016-11-29 09:17:00,NMDC,123.4,123.7,123.4,123.7,33350,0
2016-11-29 09:18:00,NMDC,124.1,124.55,123.9,124.25,58593,0
2016-11-29 09:19:00,NMDC,124.15,124.2,123.6,124.15,39399,0
2016-11-29 09:20:00,NMDC,124.2,124.35,124.05,124.35,19202,0
2016-11-29 09:21:00,NMDC,124.35,124.4,124.0,124.05,22914,0
2016-11-29 09:22:00,NMDC,123.95,124.25,123.75,124.15,27863,0
2016-11-29 09:23:00,NMDC,124.25,124.3,123.95,124.1,31631,0
2016-11-29 09:24:00,NMDC,124.05,124.2,124.05,124.15,12641,0
2016-11-29 09:25:00,NMDC,124.2,124.2,123.85,124.05,22531,0
2016-11-29 09:26:00,NMDC,124.0,124.25,123.7,123.95,42067,0
2016-11-29 09:27:00,NMDC,123.85,124.05,123.85,123.9,15742,0
2016-11-29 09:28:00,NMDC,123.9,124.0,123.85,123.95,6756,0
2016-11-29 09:29:00,NMDC,123.85,123.95,123.6,123.6,21289,0
2016-11-29 09:30:00,NMDC,123.55,123.8,123.55,123.75,7110,0
2016-11-29 09:31:00,NMDC,123.75,123.95,123.7,123.95,3220,0
2016-11-29 09:32:00,NMDC,123.95,124.1,123.95,123.95,10271,0
2016-11-29 09:33:00,NMDC,123.9,123.95,123.8,123.8,6033,0
2016-11-29 09:34:00,NMDC,123.8,124.0,123.8,123.9,1098,0
2016-11-29 09:35:00,NMDC,123.9,124.0,123.7,123.7,8057,0
2016-11-29 09:36:00,NMDC,123.65,123.9,123.55,123.7,10360,0
2016-11-29 09:37:00,NMDC,123.6,123.8,123.6,123.8,2394,0
2016-11-29 09:38:00,NMDC,123.65,123.85,123.65,123.8,6820,0
2016-11-29 09:39:00,NMDC,123.7,123.8,123.6,123.6,4047,0
2016-11-29 09:40:00,NMDC,123.5,123.8,123.5,123.7,5508,0
2016-11-29 09:41:00,NMDC,123.75,123.85,123.75,123.75,7634,0
2016-11-29 09:42:00,NMDC,123.8,123.8,123.45,123.6,34833,0
2016-11-29 09:43:00,NMDC,123.65,123.95,123.6,123.95,12070,0
2016-11-29 09:44:00,NMDC,124.0,124.0,123.8,123.9,10669,0
2016-11-29 09:45:00,NMDC,123.95,123.95,123.55,123.7,25303,0
2016-11-29 09:46:00,NMDC,123.65,124.05,123.65,124.05,9822,0
2016-11-29 09:47:00,NMDC,124.0,124.0,123.7,123.85,14336,0
2016-11-29 09:48:00,NMDC,123.85,124.0,123.75,124.0,7867,0
2016-11-29 09:49:00,NMDC,123.95,124.0,123.9,123.9,4664,0
2016-11-29 09:50:00,NMDC,123.9,124.0,123.8,123.8,4459,0
2016-11-29 09:51:00,NMDC,123.8,123.85,123.8,123.85,2632,0
2016-11-29 09:52:00,NMDC,123.8,123.9,123.8,123.9,1831,0
2016-11-29 09:53:00,NMDC,123.9,123.9,123.75,123.8,4560,0
2016-11-29 09:54:00,NMDC,123.75,123.75,123.65,123.7,44076,0
2016-11-29 09:55:00,NMDC,123.65,123.95,123.65,123.65,22718,0
2016-11-29 09:56:00,NMDC,123.65,123.7,123.6,123.65,2940,0
2016-11-29 09:57:00,NMDC,123.65,123.65,123.55,123.6,4218,0
2016-11-29 09:58:00,NMDC,123.6,123.75,123.55,123.75,5455,0
2016-11-29 09:59:00,NMDC,123.75,123.85,123.7,123.85,8882,0
2016-11-29 10:00:00,NMDC,123.8,123.8,123.7,123.75,5976,0
2016-11-29 10:01:00,NMDC,123.65,123.7,123.2,123.3,26084,0
2016-11-29 10:02:00,NMDC,123.25,123.3,123.0,123.1,16620,0
2016-11-29 10:03:00,NMDC,123.1,123.25,123.0,123.15,20005,0
2016-11-29 10:04:00,NMDC,123.15,123.2,123.0,123.0,22279,0
2016-11-29 10:05:00,NMDC,123.05,123.05,122.65,122.8,38722,0
2016-11-29 10:06:00,NMDC,122.8,122.85,122.6,122.7,8216,0
2016-11-29 10:07:00,NMDC,122.65,123.05,122.6,123.0,34159,0
2016-11-29 10:08:00,NMDC,123.05,123.05,122.95,123.0,4496,0
2016-11-29 10:09:00,NMDC,123.05,123.25,123.05,123.15,7983,0
2016-11-29 10:10:00,NMDC,123.15,123.25,123.05,123.05,12902,0
2016-11-29 10:11:00,NMDC,123.05,123.25,123.05,123.25,2919,0
2016-11-29 10:12:00,NMDC,123.2,123.25,123.0,123.05,6650,0
2016-11-29 10:13:00,NMDC,123.05,123.25,123.05,123.2,3706,0
2016-11-29 10:14:00,NMDC,123.15,123.35,123.15,123.35,11323,0
2016-11-29 10:15:00,NMDC,123.25,123.4,123.25,123.35,2196,0
2016-11-29 10:16:00,NMDC,123.3,123.5,123.3,123.45,10901,0
2016-11-29 10:17:00,NMDC,123.4,123.6,123.4,123.5,4307,0
2016-11-29 10:18:00,NMDC,123.6,123.7,123.6,123.7,11119,0
2016-11-29 10:19:00,NMDC,123.6,123.75,123.5,123.55,3079,0
2016-11-29 10:20:00,NMDC,123.45,123.65,123.45,123.55,689,0
2016-11-29 10:21:00,NMDC,123.5,123.55,123.45,123.55,1779,0
2016-11-29 10:22:00,NMDC,123.45,123.45,123.35,123.45,4044,0
2016-11-29 10:23:00,NMDC,123.35,123.5,123.35,123.45,7827,0
2016-11-29 10:24:00,NMDC,123.45,123.5,123.35,123.45,3561,0
2016-11-29 10:25:00,NMDC,123.4,123.5,123.4,123.45,3020,0
2016-11-29 10:26:00,NMDC,123.45,123.45,123.45,123.45,420,0
2016-11-29 10:27:00,NMDC,123.35,123.45,123.35,123.35,6970,0
2016-11-29 10:28:00,NMDC,123.3,123.35,123.3,123.35,2082,0
2016-11-29 10:29:00,NMDC,123.45,123.5,123.35,123.4,19623,0
2016-11-29 10:30:00,NMDC,123.35,123.5,123.35,123.45,9171,0
2016-11-29 10:31:00,NMDC,123.35,123.4,123.3,123.35,2163,0
2016-11-29 10:32:00,NMDC,123.35,123.35,123.25,123.25,4722,0
2016-11-29 10:33:00,NMDC,123.2,123.3,123.1,123.15,10027,0
2016-11-29 10:34:00,NMDC,123.15,123.2,123.1,123.1,4292,0
2016-11-29 10:35:00,NMDC,123.05,123.05,122.5,122.9,34153,0
2016-11-29 10:36:00,NMDC,122.9,123.0,122.85,122.85,2693,0
2016-11-29 10:37:00,NMDC,122.95,123.1,122.9,122.9,9210,0
2016-11-29 10:38:00,NMDC,122.9,123.0,122.9,122.95,2684,0
2016-11-29 10:39:00,NMDC,122.9,122.95,122.9,122.95,7592,0
2016-11-29 10:40:00,NMDC,122.95,123.15,122.9,123.15,7929,0
2016-11-29 10:41:00,NMDC,123.05,123.15,123.0,123.15,10797,0
2016-11-29 10:42:00,NMDC,123.05,123.15,123.05,123.1,5886,0
2016-11-29 10:43:00,NMDC,123.05,123.1,123.0,123.05,5951,0
2016-11-29 10:44:00,NMDC,123.05,123.05,123.0,123.05,7525,0
2016-11-29 10:45:00,NMDC,123.0,123.05,122.9,122.9,9845,0
2016-11-29 10:46:00,NMDC,122.9,122.95,122.9,122.9,1041,0
2016-11-29 10:47:00,NMDC,122.9,123.1,122.9,123.1,10688,0
2016-11-29 10:48:00,NMDC,123.1,123.2,122.9,122.9,45615,0
2016-11-29 10:49:00,NMDC,122.9,122.95,122.85,122.9,18027,0
2016-11-29 10:50:00,NMDC,122.85,122.9,122.8,122.85,960,0
2016-11-29 10:51:00,NMDC,122.8,123.0,122.8,123.0,6778,0
2016-11-29 10:52:00,NMDC,122.95,122.95,122.8,122.85,2867,0
2016-11-29 10:53:00,NMDC,122.8,122.8,122.5,122.55,7087,0
2016-11-29 10:54:00,NMDC,122.5,122.55,122.35,122.5,26006,0
2016-11-29 10:55:00,NMDC,122.4,122.5,122.1,122.1,46135,0
2016-11-29 10:56:00,NMDC,122.05,122.25,122.05,122.2,20647,0
2016-11-29 10:57:00,NMDC,122.15,122.2,121.95,122.05,39188,0
2016-11-29 10:58:00,NMDC,122.05,122.05,121.6,121.8,40710,0
2016-11-29 10:59:00,NMDC,121.85,121.85,121.7,121.8,3527,0
2016-11-29 11:00:00,NMDC,121.75,122.1,121.75,122.0,4695,0
2016-11-29 11:01:00,NMDC,122.05,122.4,122.05,122.35,8141,0
2016-11-29 11:02:00,NMDC,122.3,122.35,122.25,122.35,2116,0
2016-11-29 11:03:00,NMDC,122.3,122.55,122.3,122.55,12801,0
2016-11-29 11:04:00,NMDC,122.6,122.85,122.6,122.65,26545,0
2016-11-29 11:05:00,NMDC,122.65,122.7,122.6,122.65,6737,0
2016-11-29 11:06:00,NMDC,122.7,122.7,122.6,122.65,5084,0
2016-11-29 11:07:00,NMDC,122.65,122.65,122.25,122.3,8604,0
2016-11-29 11:08:00,NMDC,122.25,122.25,122.15,122.25,8372,0
2016-11-29 11:09:00,NMDC,122.25,122.3,122.2,122.3,5322,0
2016-11-29 11:10:00,NMDC,122.2,122.3,122.2,122.3,4657,0
2016-11-29 11:11:00,NMDC,122.25,122.4,122.25,122.4,4853,0
2016-11-29 11:12:00,NMDC,122.35,122.35,122.2,122.2,614,0
2016-11-29 11:13:00,NMDC,122.3,122.3,122.2,122.3,876,0
2016-11-29 11:14:00,NMDC,122.2,122.25,122.05,122.2,7358,0
2016-11-29 11:15:00,NMDC,122.1,122.3,122.1,122.3,2136,0
2016-11-29 11:16:00,NMDC,122.2,122.35,122.2,122.35,1861,0
2016-11-29 11:17:00,NMDC,122.35,122.4,122.25,122.4,2687,0
2016-11-29 11:18:00,NMDC,122.3,122.45,122.3,122.4,2578,0
2016-11-29 11:19:00,NMDC,122.4,122.45,122.35,122.4,1031,0
2016-11-29 11:20:00,NMDC,122.4,122.5,122.4,122.5,4363,0
2016-11-29 11:21:00,NMDC,122.45,122.55,122.45,122.45,1142,0
2016-11-29 11:22:00,NMDC,122.45,122.55,122.45,122.45,600,0
2016-11-29 11:23:00,NMDC,122.45,122.55,122.45,122.5,1610,0
2016-11-29 11:24:00,NMDC,122.45,122.45,122.4,122.45,2226,0
2016-11-29 11:25:00,NMDC,122.45,122.5,122.4,122.45,1514,0
2016-11-29 11:26:00,NMDC,122.45,122.5,122.4,122.5,12494,0
2016-11-29 11:27:00,NMDC,122.4,122.4,122.3,122.3,3012,0
2016-11-29 11:28:00,NMDC,122.35,122.35,122.25,122.3,2815,0
2016-11-29 11:29:00,NMDC,122.3,122.45,122.3,122.35,16509,0
2016-11-29 11:30:00,NMDC,122.3,122.55,122.3,122.55,4337,0
2016-11-29 11:31:00,NMDC,122.55,122.6,122.4,122.55,3935,0
2016-11-29 11:32:00,NMDC,122.55,122.65,122.55,122.55,4080,0
2016-11-29 11:33:00,NMDC,122.65,122.8,122.65,122.65,10324,0
2016-11-29 11:34:00,NMDC,122.55,122.65,122.5,122.6,5362,0
2016-11-29 11:35:00,NMDC,122.45,122.6,122.45,122.55,1369,0
2016-11-29 11:36:00,NMDC,122.65,122.65,122.55,122.55,478,0
2016-11-29 11:37:00,NMDC,122.55,122.6,122.5,122.55,2399,0
2016-11-29 11:38:00,NMDC,122.55,122.55,122.4,122.4,2145,0
2016-11-29 11:39:00,NMDC,122.35,122.55,122.35,122.45,6220,0
2016-11-29 11:40:00,NMDC,122.45,122.6,122.35,122.55,11584,0
2016-11-29 11:41:00,NMDC,122.55,122.6,122.45,122.55,452,0
2016-11-29 11:42:00,NMDC,122.55,122.6,122.5,122.55,1473,0
2016-11-29 11:43:00,NMDC,122.55,122.6,122.5,122.5,1473,0
2016-11-29 11:44:00,NMDC,122.45,122.55,122.45,122.55,2727,0
2016-11-29 11:45:00,NMDC,122.55,122.8,122.55,122.8,16307,0
2016-11-29 11:46:00,NMDC,122.85,122.85,122.75,122.85,1995,0
2016-11-29 11:47:00,NMDC,122.75,122.8,122.75,122.8,3081,0
2016-11-29 11:48:00,NMDC,122.8,122.85,122.75,122.75,4258,0
2016-11-29 11:49:00,NMDC,122.75,122.75,122.7,122.75,4415,0
2016-11-29 11:50:00,NMDC,122.7,122.7,122.6,122.6,4186,0
2016-11-29 11:51:00,NMDC,122.6,122.7,122.55,122.7,7581,0
2016-11-29 11:52:00,NMDC,122.7,122.75,122.65,122.65,1635,0
2016-11-29 11:53:00,NMDC,122.65,122.65,122.5,122.55,4187,0
2016-11-29 11:54:00,NMDC,122.55,122.55,122.5,122.55,722,0
2016-11-29 11:55:00,NMDC,122.55,122.55,122.5,122.5,272,0
2016-11-29 11:56:00,NMDC,122.5,122.55,122.5,122.55,1719,0
2016-11-29 11:57:00,NMDC,122.55,122.6,122.55,122.55,278,0
2016-11-29 11:58:00,NMDC,122.55,122.6,122.5,122.5,984,0
2016-11-29 11:59:00,NMDC,122.5,122.6,122.5,122.6,674,0
2016-11-29 12:00:00,NMDC,122.55,122.6,122.55,122.55,1212,0
2016-11-29 12:01:00,NMDC,122.55,122.6,122.5,122.55,1714,0
2016-11-29 12:02:00,NMDC,122.55,122.6,122.5,122.55,685,0
2016-11-29 12:03:00,NMDC,122.5,122.65,122.5,122.6,3368,0
2016-11-29 12:04:00,NMDC,122.65,122.7,122.65,122.7,2693,0
2016-11-29 12:05:00,NMDC,122.65,122.7,122.65,122.65,3307,0
2016-11-29 12:06:00,NMDC,122.65,122.7,122.65,122.7,540,0
2016-11-29 12:07:00,NMDC,122.65,122.7,122.6,122.65,3985,0
2016-11-29 12:08:00,NMDC,122.65,122.7,122.55,122.7,5173,0
2016-11-29 12:09:00,NMDC,122.7,122.75,122.7,122.75,1091,0
2016-11-29 12:10:00,NMDC,122.7,122.7,122.55,122.55,6119,0
2016-11-29 12:11:00,NMDC,122.5,122.6,122.1,122.1,5864,0
2016-11-29 12:12:00,NMDC,122.05,122.3,122.0,122.2,18761,0
2016-11-29 12:13:00,NMDC,122.2,122.45,122.2,122.45,4623,0
2016-11-29 12:14:00,NMDC,122.4,122.45,122.35,122.4,2185,0
2016-11-29 12:15:00,NMDC,122.4,122.55,122.4,122.5,1757,0
2016-11-29 12:16:00,NMDC,122.5,122.5,122.2,122.2,2891,0
2016-11-29 12:17:00,NMDC,122.1,122.1,121.85,121.9,14833,0
2016-11-29 12:18:00,NMDC,121.9,122.05,121.9,122.0,1851,0
2016-11-29 12:19:00,NMDC,122.0,122.2,122.0,122.15,10292,0
2016-11-29 12:20:00,NMDC,122.15,122.2,122.15,122.2,1633,0
2016-11-29 12:21:00,NMDC,122.2,122.2,122.15,122.15,1810,0
2016-11-29 12:22:00,NMDC,122.15,122.3,122.15,122.2,600,0
2016-11-29 12:23:00,NMDC,122.2,122.35,122.2,122.3,1179,0
2016-11-29 12:24:00,NMDC,122.3,122.45,122.3,122.3,251,0
2016-11-29 12:25:00,NMDC,122.3,122.3,122.15,122.15,1188,0
2016-11-29 12:26:00,NMDC,122.15,122.2,122.15,122.15,456,0
2016-11-29 12:27:00,NMDC,122.15,122.2,122.15,122.15,1436,0
2016-11-29 12:28:00,NMDC,122.15,122.2,122.15,122.15,402,0
2016-11-29 12:29:00,NMDC,122.2,122.2,122.15,122.15,2501,0
2016-11-29 12:30:00,NMDC,122.15,122.25,122.1,122.25,1216,0
2016-11-29 12:31:00,NMDC,122.15,122.15,122.1,122.1,996,0
2016-11-29 12:32:00,NMDC,122.1,122.15,122.1,122.1,1837,0
2016-11-29 12:33:00,NMDC,122.1,122.15,122.1,122.15,598,0
2016-11-29 12:34:00,NMDC,122.1,122.1,122.05,122.1,1567,0
2016-11-29 12:35:00,NMDC,122.1,122.15,122.05,122.1,1150,0
2016-11-29 12:36:00,NMDC,122.1,122.2,122.1,122.2,1753,0
2016-11-29 12:37:00,NMDC,122.2,122.2,122.15,122.15,137,0
2016-11-29 12:38:00,NMDC,122.15,122.25,122.1,122.2,2590,0
2016-11-29 12:39:00,NMDC,122.2,122.3,122.15,122.15,244,0
2016-11-29 12:40:00,NMDC,122.15,122.3,122.15,122.25,2475,0
2016-11-29 12:41:00,NMDC,122.25,122.4,122.25,122.3,9677,0
2016-11-29 12:42:00,NMDC,122.3,122.4,122.25,122.4,1392,0
2016-11-29 12:43:00,NMDC,122.4,122.65,122.35,122.5,7057,0
2016-11-29 12:44:00,NMDC,122.5,122.5,122.4,122.4,8000,0
2016-11-29 12:45:00,NMDC,122.4,122.5,122.4,122.5,1796,0
2016-11-29 12:46:00,NMDC,122.45,123.05,122.45,122.9,38033,0
2016-11-29 12:47:00,NMDC,122.9,122.95,122.85,122.85,4895,0
2016-11-29 12:48:00,NMDC,122.9,122.95,122.7,122.7,10232,0
2016-11-29 12:49:00,NMDC,122.7,122.8,122.7,122.75,1849,0
2016-11-29 12:50:00,NMDC,122.8,122.85,122.75,122.8,3134,0
2016-11-29 12:51:00,NMDC,122.8,122.85,122.75,122.75,2230,0
2016-11-29 12:52:00,NMDC,122.75,122.8,122.7,122.7,921,0
2016-11-29 12:53:00,NMDC,122.7,122.85,122.7,122.75,3733,0
2016-11-29 12:54:00,NMDC,122.75,122.8,122.75,122.75,1096,0
2016-11-29 12:55:00,NMDC,122.75,122.75,122.7,122.75,733,0
2016-11-29 12:56:00,NMDC,122.7,122.8,122.7,122.7,815,0
2016-11-29 12:57:00,NMDC,122.7,122.8,122.65,122.65,2327,0
2016-11-29 12:58:00,NMDC,122.65,122.7,122.6,122.65,946,0
2016-11-29 12:59:00,NMDC,122.6,122.65,122.3,122.35,16364,0
2016-11-29 13:00:00,NMDC,122.35,122.65,122.3,122.55,9522,0
2016-11-29 13:01:00,NMDC,122.35,122.5,122.3,122.4,8679,0
2016-11-29 13:02:00,NMDC,122.4,122.45,122.35,122.4,1264,0
2016-11-29 13:03:00,NMDC,122.45,122.45,122.35,122.4,1242,0
2016-11-29 13:04:00,NMDC,122.4,122.4,122.4,122.4,486,0
2016-11-29 13:05:00,NMDC,122.4,122.65,122.35,122.55,10135,0
2016-11-29 13:06:00,NMDC,122.5,122.5,122.45,122.45,1236,0
2016-11-29 13:07:00,NMDC,122.5,122.5,122.35,122.35,1034,0
2016-11-29 13:08:00,NMDC,122.35,122.4,122.35,122.35,406,0
2016-11-29 13:09:00,NMDC,122.35,122.4,122.35,122.35,366,0
2016-11-29 13:10:00,NMDC,122.35,122.4,122.35,122.35,1430,0
2016-11-29 13:11:00,NMDC,122.35,122.6,122.35,122.55,12735,0
2016-11-29 13:12:00,NMDC,122.5,122.5,122.35,122.4,826,0
2016-11-29 13:13:00,NMDC,122.4,122.45,122.4,122.4,299,0
2016-11-29 13:14:00,NMDC,122.4,122.5,122.4,122.45,10531,0
2016-11-29 13:15:00,NMDC,122.4,122.45,122.4,122.45,339,0
2016-11-29 13:16:00,NMDC,122.4,122.5,122.4,122.4,1680,0
2016-11-29 13:17:00,NMDC,122.4,122.6,122.4,122.55,3124,0
2016-11-29 13:18:00,NMDC,122.55,122.6,122.5,122.55,1048,0
2016-11-29 13:19:00,NMDC,122.45,122.55,122.45,122.55,1790,0
2016-11-29 13:20:00,NMDC,122.45,122.6,122.45,122.55,2001,0
2016-11-29 13:21:00,NMDC,122.5,122.5,122.4,122.4,1017,0
2016-11-29 13:22:00,NMDC,122.4,122.5,122.4,122.5,4279,0
2016-11-29 13:23:00,NMDC,122.4,122.4,122.4,122.4,173,0
2016-11-29 13:24:00,NMDC,122.4,122.6,122.4,122.5,3451,0
2016-11-29 13:25:00,NMDC,122.4,122.55,122.4,122.5,837,0
2016-11-29 13:26:00,NMDC,122.4,122.5,122.4,122.4,9437,0
2016-11-29 13:27:00,NMDC,122.4,122.4,122.35,122.4,5117,0
2016-11-29 13:28:00,NMDC,122.35,122.4,122.35,122.4,3351,0
2016-11-29 13:29:00,NMDC,122.4,122.4,122.4,122.4,2152,0
2016-11-29 13:30:00,NMDC,122.4,122.4,122.05,122.1,16250,0
2016-11-29 13:31:00,NMDC,122.05,122.15,121.95,121.95,13881,0
2016-11-29 13:32:00,NMDC,121.95,122.0,121.9,121.95,2365,0
2016-11-29 13:33:00,NMDC,121.95,122.25,121.9,122.05,16551,0
2016-11-29 13:34:00,NMDC,122.05,122.1,121.9,122.0,2254,0
2016-11-29 13:35:00,NMDC,122.0,122.05,121.85,121.85,1776,0
2016-11-29 13:36:00,NMDC,121.95,122.05,121.9,122.0,1902,0
2016-11-29 13:37:00,NMDC,122.05,122.05,121.95,122.05,2216,0
2016-11-29 13:38:00,NMDC,121.9,122.1,121.9,122.05,1879,0
2016-11-29 13:39:00,NMDC,122.05,122.05,122.0,122.05,1426,0
2016-11-29 13:40:00,NMDC,122.0,122.1,122.0,122.05,440,0
2016-11-29 13:41:00,NMDC,122.05,122.2,122.05,122.15,2026,0
2016-11-29 13:42:00,NMDC,122.15,122.25,122.1,122.25,1089,0
2016-11-29 13:43:00,NMDC,122.2,122.25,122.1,122.1,5708,0
2016-11-29 13:44:00,NMDC,122.1,122.2,122.05,122.05,1712,0
2016-11-29 13:45:00,NMDC,122.05,122.2,122.05,122.15,321,0
2016-11-29 13:46:00,NMDC,122.1,122.25,122.1,122.2,2832,0
2016-11-29 13:47:00,NMDC,122.2,122.25,122.1,122.15,2408,0
2016-11-29 13:48:00,NMDC,122.15,122.25,122.1,122.15,1579,0
2016-11-29 13:49:00,NMDC,122.15,122.3,122.15,122.3,1582,0
2016-11-29 13:50:00,NMDC,122.2,122.25,122.2,122.2,4454,0
2016-11-29 13:51:00,NMDC,122.2,122.2,122.15,122.15,2418,0
2016-11-29 13:52:00,NMDC,122.15,122.15,122.05,122.05,1106,0
2016-11-29 13:53:00,NMDC,122.05,122.05,121.9,122.0,8583,0
2016-11-29 13:54:00,NMDC,121.9,122.0,121.85,121.95,6711,0
2016-11-29 13:55:00,NMDC,121.95,122.0,121.6,121.6,34627,0
2016-11-29 13:56:00,NMDC,121.45,121.7,121.1,121.15,77369,0
2016-11-29 13:57:00,NMDC,121.15,121.45,121.1,121.4,32666,0
2016-11-29 13:58:00,NMDC,121.4,121.6,121.4,121.55,12885,0
2016-11-29 13:59:00,NMDC,121.5,121.5,121.25,121.45,16869,0
2016-11-29 14:00:00,NMDC,121.4,121.6,121.4,121.5,6959,0
2016-11-29 14:01:00,NMDC,121.5,121.6,121.5,121.55,9981,0
2016-11-29 14:02:00,NMDC,121.55,121.7,121.55,121.7,11694,0
2016-11-29 14:03:00,NMDC,121.7,121.9,121.65,121.8,7149,0
2016-11-29 14:04:00,NMDC,121.8,122.1,121.8,122.0,23052,0
2016-11-29 14:05:00,NMDC,122.05,122.15,121.7,121.85,20801,0
2016-11-29 14:06:00,NMDC,121.9,121.9,121.75,121.8,4494,0
2016-11-29 14:07:00,NMDC,121.8,122.1,121.75,122.0,11027,0
2016-11-29 14:08:00,NMDC,122.0,122.05,122.0,122.0,1206,0
2016-11-29 14:09:00,NMDC,122.05,122.1,122.0,122.05,3231,0
2016-11-29 14:10:00,NMDC,122.05,122.1,122.05,122.1,534,0
2016-11-29 14:11:00,NMDC,122.05,122.15,122.05,122.1,4031,0
2016-11-29 14:12:00,NMDC,122.1,122.25,122.1,122.15,6019,0
2016-11-29 14:13:00,NMDC,122.1,122.2,121.95,122.2,16075,0
2016-11-29 14:14:00,NMDC,122.2,122.35,122.15,122.35,16132,0
2016-11-29 14:15:00,NMDC,122.25,122.35,122.25,122.3,7766,0
2016-11-29 14:16:00,NMDC,122.3,122.35,122.2,122.2,5120,0
2016-11-29 14:17:00,NMDC,122.05,122.2,122.0,122.0,9154,0
2016-11-29 14:18:00,NMDC,122.0,122.05,122.0,122.0,516,0
2016-11-29 14:19:00,NMDC,122.0,122.0,121.85,121.85,8415,0
2016-11-29 14:20:00,NMDC,121.9,122.0,121.9,121.9,3742,0
2016-11-29 14:21:00,NMDC,121.9,121.9,121.55,121.55,2563,0
2016-11-29 14:22:00,NMDC,121.5,121.5,120.85,121.25,101625,0
2016-11-29 14:23:00,NMDC,121.2,121.45,121.2,121.4,7751,0
2016-11-29 14:24:00,NMDC,121.4,121.4,121.1,121.25,24412,0
2016-11-29 14:25:00,NMDC,121.25,121.4,121.2,121.4,6703,0
2016-11-29 14:26:00,NMDC,121.3,121.45,121.3,121.4,13726,0
2016-11-29 14:27:00,NMDC,121.4,121.55,121.3,121.5,49565,0
2016-11-29 14:28:00,NMDC,121.45,121.75,121.45,121.75,13250,0
2016-11-29 14:29:00,NMDC,121.8,121.8,121.6,121.7,36817,0
2016-11-29 14:30:00,NMDC,121.65,121.75,121.6,121.65,4398,0
2016-11-29 14:31:00,NMDC,121.7,121.75,121.65,121.75,11564,0
2016-11-29 14:32:00,NMDC,121.75,121.8,121.65,121.7,27564,0
2016-11-29 14:33:00,NMDC,121.8,121.85,121.7,121.85,7268,0
2016-11-29 14:34:00,NMDC,121.8,121.9,121.8,121.85,910,0
2016-11-29 14:35:00,NMDC,121.8,121.9,121.8,121.85,2771,0
2016-11-29 14:36:00,NMDC,121.85,121.9,121.85,121.85,3440,0
2016-11-29 14:37:00,NMDC,121.85,122.0,121.75,121.75,8424,0
2016-11-29 14:38:00,NMDC,121.7,121.7,121.5,121.5,7285,0
2016-11-29 14:39:00,NMDC,121.55,121.6,121.45,121.55,10338,0
2016-11-29 14:40:00,NMDC,121.5,121.65,121.35,121.35,8216,0
2016-11-29 14:41:00,NMDC,121.35,121.4,121.35,121.35,11431,0
2016-11-29 14:42:00,NMDC,121.35,121.4,121.0,121.05,23341,0
2016-11-29 14:43:00,NMDC,121.0,121.15,121.0,121.05,11307,0
2016-11-29 14:44:00,NMDC,121.0,121.25,121.0,121.25,27124,0
2016-11-29 14:45:00,NMDC,121.15,121.4,121.15,121.3,10291,0
2016-11-29 14:46:00,NMDC,121.3,121.5,121.3,121.45,13605,0
2016-11-29 14:47:00,NMDC,121.4,121.5,121.35,121.35,6312,0
2016-11-29 14:48:00,NMDC,121.4,121.4,121.25,121.4,6335,0
2016-11-29 14:49:00,NMDC,121.4,121.45,121.35,121.45,7818,0
2016-11-29 14:50:00,NMDC,121.4,121.55,121.4,121.5,30157,0
2016-11-29 14:51:00,NMDC,121.5,121.5,121.3,121.35,22149,0
2016-11-29 14:52:00,NMDC,121.3,121.4,121.25,121.4,18844,0
2016-11-29 14:53:00,NMDC,121.3,121.35,121.3,121.3,9411,0
2016-11-29 14:54:00,NMDC,121.3,121.4,121.3,121.3,7722,0
2016-11-29 14:55:00,NMDC,121.3,121.3,121.1,121.1,24484,0
2016-11-29 14:56:00,NMDC,121.15,121.4,121.15,121.3,17458,0
2016-11-29 14:57:00,NMDC,121.35,121.4,121.35,121.35,5875,0
2016-11-29 14:58:00,NMDC,121.35,121.4,121.35,121.35,1069,0
2016-11-29 14:59:00,NMDC,121.4,121.5,121.15,121.25,10848,0
2016-11-29 15:00:00,NMDC,121.15,121.3,121.15,121.3,4186,0
2016-11-29 15:01:00,NMDC,121.25,121.3,121.15,121.2,14159,0
2016-11-29 15:02:00,NMDC,121.15,121.15,121.05,121.05,17063,0
2016-11-29 15:03:00,NMDC,121.1,121.15,121.05,121.1,36500,0
2016-11-29 15:04:00,NMDC,121.05,121.2,121.0,121.2,18646,0
2016-11-29 15:05:00,NMDC,121.15,121.2,121.1,121.15,19529,0
2016-11-29 15:06:00,NMDC,121.15,121.2,121.1,121.2,1940,0
2016-11-29 15:07:00,NMDC,121.1,121.35,121.1,121.2,24658,0
2016-11-29 15:08:00,NMDC,121.25,121.25,120.55,120.6,67746,0
2016-11-29 15:09:00,NMDC,120.6,120.6,120.4,120.4,48075,0
2016-11-29 15:10:00,NMDC,120.4,120.85,120.4,120.8,39527,0
2016-11-29 15:11:00,NMDC,120.75,121.0,120.75,120.95,29284,0
2016-11-29 15:12:00,NMDC,121.0,121.1,120.95,121.05,14405,0
2016-11-29 15:13:00,NMDC,121.05,121.3,120.95,121.25,32110,0
2016-11-29 15:14:00,NMDC,121.25,121.35,121.2,121.2,20246,0
2016-11-29 15:15:00,NMDC,121.15,121.3,121.15,121.3,15820,0
2016-11-29 15:16:00,NMDC,121.3,121.5,121.3,121.45,34088,0
2016-11-29 15:17:00,NMDC,121.3,121.4,121.3,121.4,48151,0
2016-11-29 15:18:00,NMDC,121.4,121.8,121.4,121.8,31236,0
2016-11-29 15:19:00,NMDC,121.7,121.8,121.6,121.65,33178,0
2016-11-29 15:20:00,NMDC,121.6,121.7,121.6,121.65,11127,0
2016-11-29 15:21:00,NMDC,121.6,121.9,121.6,121.85,18844,0
2016-11-29 15:22:00,NMDC,121.8,121.8,121.35,121.35,23149,0
2016-11-29 15:23:00,NMDC,121.35,121.6,121.35,121.6,15077,0
2016-11-29 15:24:00,NMDC,121.6,121.65,121.55,121.6,4192,0
2016-11-29 15:25:00,NMDC,121.65,121.8,121.55,121.8,8241,0
2016-11-29 15:26:00,NMDC,121.8,121.95,121.75,121.85,23590,0
2016-11-29 15:27:00,NMDC,121.9,121.9,121.65,121.75,10972,0
2016-11-29 15:28:00,NMDC,121.65,121.85,121.65,121.8,13242,0
2016-11-29 15:29:00,NMDC,121.9,121.9,121.75,121.75,9180,0
2016-11-29 15:30:00,NMDC,121.7,121.95,121.7,121.95,11136,0
2016-11-29 15:31:00,NMDC,121.7,121.7,121.7,121.7,200,0
2016-11-29 15:41:00,NMDC,121.25,121.25,121.25,121.25,25,0
2016-11-29 15:42:00,NMDC,121.25,121.25,121.25,121.25,300,0
2016-11-29 15:44:00,NMDC,121.25,121.25,121.25,121.25,100,0
2016-11-29 15:46:00,NMDC,121.25,121.25,121.25,121.25,4,0
2016-11-29 15:47:00,NMDC,121.25,121.25,121.25,121.25,500,0
2016-11-29 15:49:00,NMDC,121.25,121.25,121.25,121.25,215,0
2016-11-29 16:36:00,NMDC,121.25,121.25,121.25,121.25,1,0
2016-11-30 09:08:00,NMDC,122.05,122.05,122.05,122.05,3680,0
2016-11-30 09:16:00,NMDC,121.25,121.3,120.15,121.3,43323,0
2016-11-30 09:17:00,NMDC,121.45,121.6,121.4,121.55,16682,0
2016-11-30 09:18:00,NMDC,121.6,121.65,121.35,121.6,30904,0
2016-11-30 09:19:00,NMDC,121.6,121.65,121.55,121.55,7177,0
2016-11-30 09:20:00,NMDC,121.4,121.6,121.25,121.55,20707,0
2016-11-30 09:21:00,NMDC,121.65,121.65,121.3,121.4,17809,0
2016-11-30 09:22:00,NMDC,121.4,121.9,121.4,121.75,13000,0
2016-11-30 09:23:00,NMDC,121.75,121.75,121.35,121.55,9105,0
2016-11-30 09:24:00,NMDC,121.6,121.65,121.4,121.55,18890,0
2016-11-30 09:25:00,NMDC,121.45,121.6,121.25,121.35,8468,0
2016-11-30 09:26:00,NMDC,121.55,121.6,121.4,121.4,6230,0
2016-11-30 09:27:00,NMDC,121.4,121.5,120.8,121.45,27121,0
2016-11-30 09:28:00,NMDC,121.35,121.35,121.15,121.2,4972,0
2016-11-30 09:29:00,NMDC,121.25,121.25,120.85,121.0,18783,0
2016-11-30 09:30:00,NMDC,120.9,120.9,120.4,120.45,45158,0
2016-11-30 09:31:00,NMDC,120.45,120.65,120.15,120.25,85794,0
2016-11-30 09:32:00,NMDC,120.25,120.5,120.25,120.5,23610,0
2016-11-30 09:33:00,NMDC,120.5,120.55,119.9,120.05,56169,0
2016-11-30 09:34:00,NMDC,120.1,120.3,120.05,120.05,29119,0
2016-11-30 09:35:00,NMDC,120.1,120.15,120.05,120.1,13569,0
2016-11-30 09:36:00,NMDC,120.05,120.4,120.05,120.4,25475,0
2016-11-30 09:37:00,NMDC,120.4,120.4,120.25,120.25,25370,0
2016-11-30 09:38:00,NMDC,120.25,120.45,120.15,120.35,21899,0
2016-11-30 09:39:00,NMDC,120.3,120.45,119.7,119.7,107861,0
2016-11-30 09:40:00,NMDC,119.75,120.0,119.75,120.0,28177,0
2016-11-30 09:41:00,NMDC,119.95,120.0,119.7,119.9,34747,0
2016-11-30 09:42:00,NMDC,119.9,120.0,119.5,119.7,36941,0
2016-11-30 09:43:00,NMDC,119.6,120.0,119.6,120.0,10749,0
2016-11-30 09:44:00,NMDC,119.9,120.1,119.9,120.0,10579,0
2016-11-30 09:45:00,NMDC,120.0,120.25,120.0,120.2,14262,0
2016-11-30 09:46:00,NMDC,120.2,120.45,120.15,120.45,29928,0
2016-11-30 09:47:00,NMDC,120.5,120.85,120.5,120.65,70785,0
2016-11-30 09:48:00,NMDC,120.8,120.85,120.55,120.65,11288,0
2016-11-30 09:49:00,NMDC,120.7,120.8,120.55,120.75,29267,0
2016-11-30 09:50:00,NMDC,120.75,120.95,120.75,120.8,14404,0
2016-11-30 09:51:00,NMDC,120.85,120.85,120.7,120.7,7474,0
2016-11-30 09:52:00,NMDC,120.7,120.75,120.55,120.6,5497,0
2016-11-30 09:53:00,NMDC,120.6,120.7,120.45,120.55,14119,0
2016-11-30 09:54:00,NMDC,120.55,120.55,120.35,120.4,3119,0
2016-11-30 09:55:00,NMDC,120.5,120.6,120.4,120.55,4859,0
2016-11-30 09:56:00,NMDC,120.55,120.6,120.45,120.45,6831,0
2016-11-30 09:57:00,NMDC,120.45,120.5,120.45,120.5,3498,0
2016-11-30 09:58:00,NMDC,120.5,120.5,120.45,120.45,2644,0
2016-11-30 09:59:00,NMDC,120.5,120.5,120.4,120.4,3190,0
2016-11-30 10:00:00,NMDC,120.45,120.6,120.4,120.5,10698,0
2016-11-30 10:01:00,NMDC,120.6,122.25,120.5,121.5,253188,0
2016-11-30 10:02:00,NMDC,121.6,121.7,120.8,121.05,71912,0
2016-11-30 10:03:00,NMDC,121.05,121.1,120.85,120.85,14362,0
2016-11-30 10:04:00,NMDC,120.8,121.0,120.6,120.95,28356,0
2016-11-30 10:05:00,NMDC,120.95,121.1,120.9,120.95,12171,0
2016-11-30 10:06:00,NMDC,121.0,121.2,121.0,121.0,18459,0
2016-11-30 10:07:00,NMDC,120.95,121.15,120.9,121.0,8909,0
2016-11-30 10:08:00,NMDC,121.05,121.2,121.05,121.2,6007,0
2016-11-30 10:09:00,NMDC,121.2,121.45,121.15,121.3,33634,0
2016-11-30 10:10:00,NMDC,121.4,121.4,121.2,121.25,12514,0
2016-11-30 10:11:00,NMDC,121.25,121.45,121.25,121.35,11638,0
2016-11-30 10:12:00,NMDC,121.35,121.4,121.2,121.25,10625,0
2016-11-30 10:13:00,NMDC,121.3,121.3,121.1,121.15,12435,0
2016-11-30 10:14:00,NMDC,121.15,121.3,121.15,121.15,5201,0
2016-11-30 10:15:00,NMDC,121.15,121.3,121.05,121.05,5253,0
2016-11-30 10:16:00,NMDC,121.0,121.0,120.85,120.85,3434,0
2016-11-30 10:17:00,NMDC,120.9,120.9,120.8,120.8,5848,0
2016-11-30 10:18:00,NMDC,120.8,120.85,120.8,120.8,8774,0
2016-11-30 10:19:00,NMDC,120.9,120.9,120.85,120.9,2428,0
2016-11-30 10:20:00,NMDC,120.85,120.9,120.85,120.85,2114,0
2016-11-30 10:21:00,NMDC,120.9,120.9,120.85,120.85,204,0
2016-11-30 10:22:00,NMDC,120.85,120.9,120.65,120.65,25073,0
2016-11-30 10:23:00,NMDC,120.65,120.7,120.55,120.6,9202,0
2016-11-30 10:24:00,NMDC,120.65,120.75,120.6,120.7,11165,0
2016-11-30 10:25:00,NMDC,120.6,120.65,120.6,120.65,3841,0
2016-11-30 10:26:00,NMDC,120.65,120.65,120.6,120.6,474,0
2016-11-30 10:27:00,NMDC,120.6,120.65,120.55,120.55,11327,0
2016-11-30 10:28:00,NMDC,120.65,120.7,120.6,120.7,9249,0
2016-11-30 10:29:00,NMDC,120.65,120.7,120.6,120.7,7411,0
2016-11-30 10:30:00,NMDC,120.65,120.75,120.65,120.75,2015,0
2016-11-30 10:31:00,NMDC,120.7,120.7,120.65,120.65,6767,0
2016-11-30 10:32:00,NMDC,120.65,120.65,120.5,120.55,14100,0
2016-11-30 10:33:00,NMDC,120.5,120.55,120.4,120.55,14503,0
2016-11-30 10:34:00,NMDC,120.65,120.65,120.5,120.55,3399,0
2016-11-30 10:35:00,NMDC,120.65,120.7,120.6,120.6,4857,0
2016-11-30 10:36:00,NMDC,120.7,121.0,120.7,120.9,20796,0
2016-11-30 10:37:00,NMDC,120.9,120.95,120.7,120.9,1710,0
2016-11-30 10:38:00,NMDC,120.8,120.85,120.7,120.7,2676,0
2016-11-30 10:39:00,NMDC,120.8,120.85,120.75,120.85,860,0
2016-11-30 10:40:00,NMDC,120.85,120.9,120.75,120.8,1462,0
2016-11-30 10:41:00,NMDC,120.85,120.85,120.8,120.8,4266,0
2016-11-30 10:42:00,NMDC,120.8,120.8,120.65,120.65,1555,0
2016-11-30 10:43:00,NMDC,120.65,120.7,120.65,120.65,1200,0
2016-11-30 10:44:00,NMDC,120.65,120.8,120.6,120.65,2940,0
2016-11-30 10:45:00,NMDC,120.65,121.3,120.65,121.15,26945,0
2016-11-30 10:46:00,NMDC,121.3,121.35,120.75,121.0,42085,0
2016-11-30 10:47:00,NMDC,121.0,121.15,120.8,121.0,13244,0
2016-11-30 10:48:00,NMDC,121.0,121.15,120.95,121.15,6794,0
2016-11-30 10:49:00,NMDC,121.05,121.15,121.05,121.1,2529,0
2016-11-30 10:50:00,NMDC,121.0,121.1,121.0,121.05,2593,0
2016-11-30 10:51:00,NMDC,121.0,121.1,120.95,121.05,6773,0
2016-11-30 10:52:00,NMDC,121.05,121.1,120.9,120.95,4587,0
2016-11-30 10:53:00,NMDC,120.9,120.9,120.7,120.75,3938,0
2016-11-30 10:54:00,NMDC,120.8,120.8,120.75,120.75,3131,0
2016-11-30 10:55:00,NMDC,120.8,120.8,120.6,120.6,19265,0
2016-11-30 10:56:00,NMDC,120.4,120.75,120.4,120.7,5919,0
2016-11-30 10:57:00,NMDC,120.65,120.7,120.65,120.65,1174,0
2016-11-30 10:58:00,NMDC,120.65,120.75,120.65,120.65,1096,0
2016-11-30 10:59:00,NMDC,120.7,120.7,120.55,120.6,5247,0
2016-11-30 11:00:00,NMDC,120.65,120.65,120.25,120.4,18916,0
2016-11-30 11:01:00,NMDC,120.35,120.65,120.35,120.65,8159,0
2016-11-30 11:02:00,NMDC,120.7,120.7,120.6,120.6,4084,0
2016-11-30 11:03:00,NMDC,120.65,120.7,120.65,120.7,3775,0
2016-11-30 11:04:00,NMDC,120.75,120.8,120.75,120.8,7415,0
2016-11-30 11:05:00,NMDC,120.8,120.8,120.25,120.25,16787,0
2016-11-30 11:06:00,NMDC,120.5,120.8,120.4,120.7,12114,0
2016-11-30 11:07:00,NMDC,120.65,120.65,120.3,120.6,5828,0
2016-11-30 11:08:00,NMDC,120.6,120.65,120.55,120.55,3455,0
2016-11-30 11:09:00,NMDC,120.65,120.65,120.6,120.6,3906,0
2016-11-30 11:10:00,NMDC,120.65,120.65,120.5,120.55,1175,0
2016-11-30 11:11:00,NMDC,120.65,120.7,120.6,120.65,4194,0
2016-11-30 11:12:00,NMDC,120.65,120.7,120.6,120.7,9188,0
2016-11-30 11:13:00,NMDC,120.7,120.7,120.6,120.6,2940,0
2016-11-30 11:14:00,NMDC,120.65,120.7,120.6,120.65,3976,0
2016-11-30 11:15:00,NMDC,120.7,120.7,120.55,120.55,11208,0
2016-11-30 11:16:00,NMDC,120.6,120.6,120.5,120.5,7055,0
2016-11-30 11:17:00,NMDC,120.55,120.55,120.45,120.45,1278,0
2016-11-30 11:18:00,NMDC,120.4,120.5,120.3,120.4,5802,0
2016-11-30 11:19:00,NMDC,120.45,120.5,120.35,120.4,4615,0
2016-11-30 11:20:00,NMDC,120.4,120.55,120.4,120.5,2291,0
2016-11-30 11:21:00,NMDC,120.55,120.65,120.5,120.5,8127,0
2016-11-30 11:22:00,NMDC,120.7,120.8,120.6,120.6,7625,0
2016-11-30 11:23:00,NMDC,120.6,120.75,120.6,120.7,1315,0
2016-11-30 11:24:00,NMDC,120.65,120.8,120.6,120.75,4139,0
2016-11-30 11:25:00,NMDC,120.6,120.8,120.6,120.7,2859,0
2016-11-30 11:26:00,NMDC,120.85,120.85,120.65,120.65,2581,0
2016-11-30 11:27:00,NMDC,120.8,120.8,120.65,120.65,2012,0
2016-11-30 11:28:00,NMDC,120.75,120.75,120.6,120.6,4435,0
2016-11-30 11:29:00,NMDC,120.6,120.6,120.5,120.5,2717,0
2016-11-30 11:30:00,NMDC,120.55,120.55,120.35,120.35,15145,0
2016-11-30 11:31:00,NMDC,120.45,120.45,120.3,120.4,4536,0
2016-11-30 11:32:00,NMDC,120.4,120.45,120.35,120.4,2087,0
2016-11-30 11:33:00,NMDC,120.45,120.5,120.4,120.5,1646,0
2016-11-30 11:34:00,NMDC,120.45,120.45,120.3,120.3,5950,0
2016-11-30 11:35:00,NMDC,120.4,120.5,120.35,120.5,2539,0
2016-11-30 11:36:00,NMDC,120.5,120.55,120.45,120.45,2053,0
2016-11-30 11:37:00,NMDC,120.5,120.5,120.4,120.45,2679,0
2016-11-30 11:38:00,NMDC,120.4,120.45,120.3,120.3,7497,0
2016-11-30 11:39:00,NMDC,120.4,120.4,120.3,120.3,110,0
2016-11-30 11:40:00,NMDC,120.3,120.4,120.0,120.25,43186,0
2016-11-30 11:41:00,NMDC,120.25,120.3,120.2,120.25,3722,0
2016-11-30 11:42:00,NMDC,120.3,120.3,120.25,120.3,5131,0
2016-11-30 11:43:00,NMDC,120.35,120.35,120.3,120.3,1670,0
2016-11-30 11:44:00,NMDC,120.35,120.35,120.3,120.35,3395,0
2016-11-30 11:45:00,NMDC,120.3,120.4,120.3,120.35,272,0
2016-11-30 11:46:00,NMDC,120.4,120.4,120.3,120.3,2035,0
2016-11-30 11:47:00,NMDC,120.3,120.3,120.25,120.25,5307,0
2016-11-30 11:48:00,NMDC,120.3,120.35,120.3,120.3,564,0
2016-11-30 11:49:00,NMDC,120.35,120.35,120.3,120.35,794,0
2016-11-30 11:50:00,NMDC,120.4,120.4,120.4,120.4,5092,0
2016-11-30 11:51:00,NMDC,120.45,120.45,120.3,120.4,7968,0
2016-11-30 11:52:00,NMDC,120.35,120.4,120.3,120.4,682,0
2016-11-30 11:53:00,NMDC,120.4,120.45,120.4,120.4,775,0
2016-11-30 11:54:00,NMDC,120.4,120.4,120.3,120.3,1941,0
2016-11-30 11:55:00,NMDC,120.3,120.45,120.3,120.35,2751,0
2016-11-30 11:56:00,NMDC,120.4,120.4,120.3,120.3,1478,0
2016-11-30 11:57:00,NMDC,120.4,120.4,120.35,120.35,974,0
2016-11-30 11:58:00,NMDC,120.3,120.3,120.25,120.25,4922,0
2016-11-30 11:59:00,NMDC,120.25,120.3,120.2,120.25,13238,0
2016-11-30 12:00:00,NMDC,120.35,120.35,120.25,120.35,135,0
2016-11-30 12:01:00,NMDC,120.3,120.4,120.3,120.4,5234,0
2016-11-30 12:02:00,NMDC,120.45,120.45,120.35,120.4,7035,0
2016-11-30 12:03:00,NMDC,120.4,120.45,120.35,120.35,3475,0
2016-11-30 12:04:00,NMDC,120.45,120.45,120.45,120.45,150,0
2016-11-30 12:05:00,NMDC,120.35,120.45,120.35,120.35,4180,0
2016-11-30 12:06:00,NMDC,120.45,120.45,120.4,120.45,1929,0
2016-11-30 12:07:00,NMDC,120.45,120.45,120.35,120.35,1786,0
2016-11-30 12:08:00,NMDC,120.4,120.4,120.3,120.3,1936,0
2016-11-30 12:09:00,NMDC,120.3,120.3,120.05,120.05,21130,0
2016-11-30 12:10:00,NMDC,120.0,120.05,119.8,120.0,28827,0
2016-11-30 12:11:00,NMDC,120.0,120.1,119.9,120.05,6417,0
2016-11-30 12:12:00,NMDC,120.2,120.2,120.2,120.2,190,0
2016-11-30 12:13:00,NMDC,120.25,120.25,120.1,120.1,3601,0
2016-11-30 12:14:00,NMDC,120.15,120.15,120.15,120.15,957,0
2016-11-30 12:15:00,NMDC,120.05,120.15,119.95,120.1,10797,0
2016-11-30 12:16:00,NMDC,120.2,120.2,120.05,120.1,2394,0
2016-11-30 12:17:00,NMDC,120.1,120.15,120.1,120.15,878,0
2016-11-30 12:18:00,NMDC,120.1,120.1,120.1,120.1,205,0
2016-11-30 12:19:00,NMDC,120.1,120.15,120.05,120.05,4261,0
2016-11-30 12:20:00,NMDC,120.05,120.1,120.05,120.1,501,0
2016-11-30 12:21:00,NMDC,120.1,120.15,120.1,120.15,506,0
2016-11-30 12:22:00,NMDC,120.1,120.15,120.0,120.05,2797,0
2016-11-30 12:23:00,NMDC,120.05,120.05,120.05,120.05,208,0
2016-11-30 12:24:00,NMDC,120.1,120.2,120.1,120.2,5087,0
2016-11-30 12:25:00,NMDC,120.2,120.25,120.15,120.15,10287,0
2016-11-30 12:26:00,NMDC,120.15,120.2,120.15,120.15,731,0
2016-11-30 12:27:00,NMDC,120.15,120.15,120.15,120.15,286,0
2016-11-30 12:28:00,NMDC,120.15,120.2,120.1,120.2,2981,0
2016-11-30 12:29:00,NMDC,120.2,120.2,120.15,120.15,4077,0
2016-11-30 12:30:00,NMDC,120.15,120.15,119.85,119.9,27567,0
2016-11-30 12:31:00,NMDC,120.0,120.1,120.0,120.1,2256,0
2016-11-30 12:32:00,NMDC,120.0,120.0,119.9,120.0,7476,0
2016-11-30 12:33:00,NMDC,120.0,120.05,119.85,119.9,10669,0
2016-11-30 12:34:00,NMDC,119.9,120.1,119.9,120.1,11200,0
2016-11-30 12:35:00,NMDC,120.1,120.15,120.0,120.15,10710,0
2016-11-30 12:36:00,NMDC,120.15,120.2,120.05,120.05,13959,0
2016-11-30 12:37:00,NMDC,120.15,120.15,120.05,120.05,5502,0
2016-11-30 12:38:00,NMDC,120.0,120.35,119.95,120.3,44533,0
2016-11-30 12:39:00,NMDC,120.3,120.4,120.2,120.2,1371,0
2016-11-30 12:40:00,NMDC,120.3,120.3,120.3,120.3,9723,0
2016-11-30 12:41:00,NMDC,120.3,120.35,120.3,120.3,12638,0
2016-11-30 12:42:00,NMDC,120.3,120.35,120.05,120.2,5718,0
2016-11-30 12:43:00,NMDC,120.2,120.2,120.15,120.2,991,0
2016-11-30 12:44:00,NMDC,120.15,120.15,120.15,120.15,60,0
2016-11-30 12:45:00,NMDC,120.2,120.25,120.15,120.15,284,0
2016-11-30 12:46:00,NMDC,120.1,120.2,120.1,120.1,2039,0
2016-11-30 12:47:00,NMDC,120.2,120.2,120.1,120.2,2805,0
2016-11-30 12:48:00,NMDC,120.25,120.25,120.05,120.05,7856,0
2016-11-30 12:49:00,NMDC,120.15,120.15,120.05,120.15,5960,0
2016-11-30 12:50:00,NMDC,120.05,120.15,120.05,120.15,4418,0
2016-11-30 12:51:00,NMDC,120.1,120.1,120.1,120.1,668,0
2016-11-30 12:52:00,NMDC,120.1,120.1,120.1,120.1,48,0
2016-11-30 12:53:00,NMDC,120.15,120.15,120.1,120.1,9245,0
2016-11-30 12:54:00,NMDC,120.15,120.15,119.95,119.95,7295,0
2016-11-30 12:55:00,NMDC,120.0,120.1,120.0,120.1,1533,0
2016-11-30 12:56:00,NMDC,120.0,120.0,120.0,120.0,161,0
2016-11-30 12:57:00,NMDC,120.0,120.05,120.0,120.0,2226,0
2016-11-30 12:58:00,NMDC,120.0,120.1,120.0,120.1,5088,0
2016-11-30 12:59:00,NMDC,120.0,120.25,120.0,120.2,16365,0
2016-11-30 13:00:00,NMDC,120.2,120.25,120.1,120.1,4224,0
2016-11-30 13:01:00,NMDC,120.2,120.25,120.15,120.2,3177,0
2016-11-30 13:02:00,NMDC,120.15,120.2,120.1,120.1,3114,0
2016-11-30 13:03:00,NMDC,120.05,120.45,120.05,120.2,54217,0
2016-11-30 13:04:00,NMDC,120.1,120.15,120.05,120.15,1716,0
2016-11-30 13:05:00,NMDC,120.15,120.2,120.05,120.1,9175,0
2016-11-30 13:06:00,NMDC,120.2,120.2,120.05,120.05,8793,0
2016-11-30 13:07:00,NMDC,120.1,120.3,120.1,120.3,11734,0
2016-11-30 13:08:00,NMDC,120.35,120.4,120.2,120.2,4853,0
2016-11-30 13:09:00,NMDC,120.35,120.35,120.25,120.25,2817,0
2016-11-30 13:10:00,NMDC,120.2,120.25,120.15,120.15,1242,0
2016-11-30 13:11:00,NMDC,120.15,120.15,120.0,120.1,35542,0
2016-11-30 13:12:00,NMDC,120.0,120.0,119.9,119.9,8214,0
2016-11-30 13:13:00,NMDC,119.85,119.9,119.6,119.8,36022,0
2016-11-30 13:14:00,NMDC,119.85,120.0,119.8,119.9,9925,0
2016-11-30 13:15:00,NMDC,119.9,119.9,119.8,119.9,7435,0
2016-11-30 13:16:00,NMDC,119.95,119.95,119.9,119.9,302,0
2016-11-30 13:17:00,NMDC,119.95,120.0,119.9,120.0,10226,0
2016-11-30 13:18:00,NMDC,120.0,120.05,119.9,119.95,4404,0
2016-11-30 13:19:00,NMDC,120.0,120.0,119.9,119.9,892,0
2016-11-30 13:20:00,NMDC,119.9,119.9,119.7,119.8,11924,0
2016-11-30 13:21:00,NMDC,119.8,119.8,119.75,119.8,5254,0
2016-11-30 13:22:00,NMDC,119.7,119.7,119.35,119.55,29150,0
2016-11-30 13:23:00,NMDC,119.6,119.75,119.6,119.75,4724,0
2016-11-30 13:24:00,NMDC,119.75,119.95,119.75,119.9,12166,0
2016-11-30 13:25:00,NMDC,119.9,119.95,119.9,119.9,16419,0
2016-11-30 13:26:00,NMDC,119.9,120.0,119.9,120.0,6475,0
2016-11-30 13:27:00,NMDC,119.95,120.0,119.9,119.9,41166,0
2016-11-30 13:28:00,NMDC,119.9,120.0,119.9,119.9,2084,0
2016-11-30 13:29:00,NMDC,119.95,120.1,119.9,120.1,25973,0
2016-11-30 13:30:00,NMDC,120.1,120.1,119.9,120.05,2549,0
2016-11-30 13:31:00,NMDC,120.05,120.1,119.9,120.05,7341,0
2016-11-30 13:32:00,NMDC,120.05,120.1,119.95,119.95,3037,0
2016-11-30 13:33:00,NMDC,120.0,120.0,119.95,119.95,2379,0
2016-11-30 13:34:00,NMDC,119.95,120.0,119.9,119.95,2835,0
2016-11-30 13:35:00,NMDC,120.0,120.1,119.95,120.0,2717,0
2016-11-30 13:36:00,NMDC,120.05,120.15,120.0,120.05,745,0
2016-11-30 13:37:00,NMDC,120.1,120.1,120.05,120.1,3245,0
2016-11-30 13:38:00,NMDC,120.15,120.15,120.05,120.1,1237,0
2016-11-30 13:39:00,NMDC,120.1,120.1,120.0,120.0,777,0
2016-11-30 13:40:00,NMDC,120.1,120.1,120.0,120.0,1449,0
2016-11-30 13:41:00,NMDC,120.0,120.1,120.0,120.1,5904,0
2016-11-30 13:42:00,NMDC,120.05,120.1,120.05,120.05,3041,0
2016-11-30 13:43:00,NMDC,120.15,120.15,120.05,120.05,2865,0
2016-11-30 13:44:00,NMDC,120.15,120.15,120.05,120.05,5163,0
2016-11-30 13:45:00,NMDC,120.15,120.15,120.1,120.1,2434,0
2016-11-30 13:46:00,NMDC,120.2,120.25,120.1,120.25,6147,0
2016-11-30 13:47:00,NMDC,120.3,120.35,120.25,120.25,4360,0
2016-11-30 13:48:00,NMDC,120.3,120.35,120.3,120.3,225,0
2016-11-30 13:49:00,NMDC,120.3,120.35,120.25,120.25,1849,0
2016-11-30 13:50:00,NMDC,120.25,120.4,120.25,120.4,15040,0
2016-11-30 13:51:00,NMDC,120.45,120.6,120.4,120.6,28360,0
2016-11-30 13:52:00,NMDC,120.6,120.6,120.4,120.45,7541,0
2016-11-30 13:53:00,NMDC,120.55,120.55,120.4,120.5,4683,0
2016-11-30 13:54:00,NMDC,120.5,120.5,120.4,120.4,4820,0
2016-11-30 13:55:00,NMDC,120.4,120.55,120.4,120.5,3589,0
2016-11-30 13:56:00,NMDC,120.5,120.6,120.5,120.6,3588,0
2016-11-30 13:57:00,NMDC,120.55,120.6,120.5,120.5,4133,0
2016-11-30 13:58:00,NMDC,120.5,120.55,120.5,120.55,2538,0
2016-11-30 13:59:00,NMDC,120.55,120.55,120.45,120.45,15039,0
2016-11-30 14:00:00,NMDC,120.45,120.6,120.45,120.5,11589,0
2016-11-30 14:01:00,NMDC,120.5,120.7,120.5,120.6,8847,0
2016-11-30 14:02:00,NMDC,120.6,120.65,120.55,120.6,2761,0
2016-11-30 14:03:00,NMDC,120.6,120.65,120.6,120.65,6914,0
2016-11-30 14:04:00,NMDC,120.6,120.65,120.6,120.6,2727,0
2016-11-30 14:05:00,NMDC,120.55,120.65,120.55,120.6,8902,0
2016-11-30 14:06:00,NMDC,120.6,120.6,120.6,120.6,396,0
2016-11-30 14:07:00,NMDC,120.6,120.7,120.6,120.7,16651,0
2016-11-30 14:08:00,NMDC,120.65,120.8,120.65,120.7,14457,0
2016-11-30 14:09:00,NMDC,120.85,120.9,120.65,120.65,11661,0
2016-11-30 14:10:00,NMDC,120.75,120.85,120.75,120.85,8401,0
2016-11-30 14:11:00,NMDC,120.75,121.0,120.75,120.95,16501,0
2016-11-30 14:12:00,NMDC,120.9,120.95,120.85,120.9,4256,0
2016-11-30 14:13:00,NMDC,121.0,121.0,120.7,120.9,7222,0
2016-11-30 14:14:00,NMDC,120.8,120.95,120.8,120.9,8034,0
2016-11-30 14:15:00,NMDC,120.85,120.9,120.8,120.8,2453,0
2016-11-30 14:16:00,NMDC,120.8,120.8,120.65,120.7,5284,0
2016-11-30 14:17:00,NMDC,120.7,120.9,120.65,120.85,13151,0
2016-11-30 14:18:00,NMDC,120.9,120.9,120.8,120.85,5643,0
2016-11-30 14:19:00,NMDC,120.9,121.0,120.85,120.95,23821,0
2016-11-30 14:20:00,NMDC,120.85,120.95,120.85,120.95,170,0
2016-11-30 14:21:00,NMDC,120.9,121.1,120.9,121.05,29511,0
2016-11-30 14:22:00,NMDC,121.05,121.05,120.9,121.0,3037,0
2016-11-30 14:23:00,NMDC,121.1,121.25,121.1,121.15,10709,0
2016-11-30 14:24:00,NMDC,121.15,121.15,120.9,121.05,5310,0
2016-11-30 14:25:00,NMDC,121.1,121.1,120.95,121.0,4538,0
2016-11-30 14:26:00,NMDC,121.0,121.05,120.9,120.95,5437,0
2016-11-30 14:27:00,NMDC,121.0,121.1,120.95,120.95,5025,0
2016-11-30 14:28:00,NMDC,120.95,121.05,120.95,121.0,1766,0
2016-11-30 14:29:00,NMDC,121.0,121.05,120.85,120.9,10271,0
2016-11-30 14:30:00,NMDC,121.0,121.4,120.95,121.15,25971,0
2016-11-30 14:31:00,NMDC,121.15,121.55,121.1,121.55,20937,0
2016-11-30 14:32:00,NMDC,121.55,121.65,121.3,121.5,42325,0
2016-11-30 14:33:00,NMDC,121.5,121.65,121.4,121.4,13063,0
2016-11-30 14:34:00,NMDC,121.5,121.5,121.4,121.4,7045,0
2016-11-30 14:35:00,NMDC,121.4,121.5,121.4,121.4,6993,0
2016-11-30 14:36:00,NMDC,121.4,121.5,121.25,121.4,23460,0
2016-11-30 14:37:00,NMDC,121.4,121.6,121.4,121.55,15778,0
2016-11-30 14:38:00,NMDC,121.55,121.75,121.55,121.6,29981,0
2016-11-30 14:39:00,NMDC,121.6,121.9,121.6,121.8,17507,0
2016-11-30 14:40:00,NMDC,121.8,122.0,121.8,122.0,22012,0
2016-11-30 14:41:00,NMDC,122.0,122.6,121.95,122.35,97124,0
2016-11-30 14:42:00,NMDC,122.2,122.4,122.2,122.25,27024,0
2016-11-30 14:43:00,NMDC,122.25,122.85,122.25,122.75,90027,0
2016-11-30 14:44:00,NMDC,122.65,123.0,122.5,122.5,93107,0
2016-11-30 14:45:00,NMDC,122.55,122.95,122.55,122.8,40487,0
2016-11-30 14:46:00,NMDC,122.8,122.95,122.65,122.65,34868,0
2016-11-30 14:47:00,NMDC,122.75,122.75,122.6,122.75,17015,0
2016-11-30 14:48:00,NMDC,122.6,122.8,122.6,122.75,16011,0
2016-11-30 14:49:00,NMDC,122.8,122.9,122.7,122.9,30759,0
2016-11-30 14:50:00,NMDC,122.9,122.95,122.75,122.85,15593,0
2016-11-30 14:51:00,NMDC,122.85,122.95,122.8,122.85,19611,0
2016-11-30 14:52:00,NMDC,122.9,123.0,122.8,122.85,17307,0
2016-11-30 14:53:00,NMDC,122.8,122.9,122.65,122.7,17426,0
2016-11-30 14:54:00,NMDC,122.65,122.8,122.6,122.75,19722,0
2016-11-30 14:55:00,NMDC,122.75,122.9,122.75,122.75,18411,0
2016-11-30 14:56:00,NMDC,122.75,122.85,122.75,122.8,7046,0
2016-11-30 14:57:00,NMDC,122.8,122.85,122.8,122.8,5977,0
2016-11-30 14:58:00,NMDC,122.8,122.85,122.6,122.6,20441,0
2016-11-30 14:59:00,NMDC,122.65,122.8,122.65,122.7,5086,0
2016-11-30 15:00:00,NMDC,122.75,122.85,122.7,122.85,15356,0
2016-11-30 15:01:00,NMDC,122.9,122.9,122.6,122.7,28152,0
2016-11-30 15:02:00,NMDC,122.65,122.7,122.65,122.7,4311,0
2016-11-30 15:03:00,NMDC,122.65,122.7,122.65,122.7,24279,0
2016-11-30 15:04:00,NMDC,122.7,122.8,122.7,122.75,9195,0
2016-11-30 15:05:00,NMDC,122.75,122.8,122.65,122.7,14340,0
2016-11-30 15:06:00,NMDC,122.8,122.8,122.65,122.65,20231,0
2016-11-30 15:07:00,NMDC,122.65,122.7,122.55,122.6,22979,0
2016-11-30 15:08:00,NMDC,122.55,122.6,122.35,122.4,10664,0
2016-11-30 15:09:00,NMDC,122.4,122.45,122.15,122.15,26032,0
2016-11-30 15:10:00,NMDC,122.15,122.25,122.05,122.05,15374,0
2016-11-30 15:11:00,NMDC,122.05,122.1,122.0,122.05,15309,0
2016-11-30 15:12:00,NMDC,122.05,122.15,122.0,122.15,20592,0
2016-11-30 15:13:00,NMDC,122.15,122.2,122.1,122.1,12584,0
2016-11-30 15:14:00,NMDC,122.2,122.2,121.75,121.85,79096,0
2016-11-30 15:15:00,NMDC,121.85,121.95,121.85,121.95,9442,0
2016-11-30 15:16:00,NMDC,121.95,122.0,121.75,121.85,70494,0
2016-11-30 15:17:00,NMDC,121.8,121.85,121.7,121.8,47040,0
2016-11-30 15:18:00,NMDC,121.85,122.0,121.8,121.95,59227,0
2016-11-30 15:19:00,NMDC,122.0,122.0,121.85,121.95,49753,0
2016-11-30 15:20:00,NMDC,121.95,122.0,121.9,121.95,28648,0
2016-11-30 15:21:00,NMDC,121.95,122.0,121.8,122.0,31693,0
2016-11-30 15:22:00,NMDC,121.95,122.2,121.95,122.15,27169,0
2016-11-30 15:23:00,NMDC,122.05,122.15,121.9,121.9,14843,0
2016-11-30 15:24:00,NMDC,121.9,122.05,121.85,121.95,10700,0
2016-11-30 15:25:00,NMDC,121.9,122.2,121.9,122.05,39699,0
2016-11-30 15:26:00,NMDC,122.05,122.25,122.0,122.2,20445,0
2016-11-30 15:27:00,NMDC,122.2,122.2,122.0,122.05,12026,0
2016-11-30 15:28:00,NMDC,122.05,122.1,121.9,122.0,19906,0
2016-11-30 15:29:00,NMDC,122.0,122.2,121.85,121.85,30208,0
2016-11-30 15:30:00,NMDC,121.85,122.0,121.65,121.9,19975,0
2016-11-30 15:31:00,NMDC,122.0,122.1,122.0,122.1,101,0
2016-11-30 15:41:00,NMDC,122.1,122.1,122.0,122.0,414,0
2016-11-30 15:43:00,NMDC,122.1,122.1,122.1,122.1,200,0
2016-11-30 15:44:00,NMDC,122.1,122.1,122.1,122.1,1361,0
2016-11-30 15:52:00,NMDC,122.1,122.1,122.1,122.1,250,0
2016-11-30 15:53:00,NMDC,122.1,122.1,122.1,122.1,19,0
2016-11-30 15:56:00,NMDC,122.1,122.1,122.1,122.1,3000,0
2016-11-30 16:36:00,NMDC,122.1,122.1,122.1,122.1,1,0
